"menu_name";"menu_descr";"menu_calories";"meal";"meal_starts_at";"item_name";"quantity";"serving_name";"calories";"protein";"fat";"carbohydrate";"sugars";"cholesterol";"fiber";"calcium";"sodium";"saturated_fat"
"Heart Healthy";"Based on heart healthy diet emphasizing healthy fats, fish, whole grains, fruits and vegetables.";"1000";"Breakfast";"07:00:00";"Organic Flaxseed Meal (Nature's Path)";"1.0000";"serving, 2 tablespoons (0.5 oz)";"70";"3";"5";"5";"0";"0";"4";"20";"5";"0"
"Heart Healthy";"Based on heart healthy diet emphasizing healthy fats, fish, whole grains, fruits and vegetables.";"1000";"Breakfast";"07:00:00";"Blueberries, fresh";".5000";"cup (5.1 oz)";"41";"1";"0";"11";"7";"0";"2";"4";"1";"0"
"Heart Healthy";"Based on heart healthy diet emphasizing healthy fats, fish, whole grains, fruits and vegetables.";"1000";"Breakfast";"07:00:00";"Oats/oatmeal, cooked (all types)";"1.0000";"cup (8.3 oz)";"147";"6";"2";"25";"1";"0";"4";"19";"2";"0"
"Heart Healthy";"Based on heart healthy diet emphasizing healthy fats, fish, whole grains, fruits and vegetables.";"1000";"Lunch";"13:00:00";"Walnuts";"1.0000";"serving, 7 nuts (1.0 oz)";"183";"4";"18";"4";"1";"0";"2";"27";"1";"2"
"Heart Healthy";"Based on heart healthy diet emphasizing healthy fats, fish, whole grains, fruits and vegetables.";"1000";"Lunch";"13:00:00";"Salad Dressing: Oil & Vinegar, Red Wine Vinaigrette (Wish-Bone)";"1.5000";"serving, 2 tablespoons (1.0 fl.oz)";"120";"0";"8";"14";"14";"0";"0";"0";"360";"2"
"Heart Healthy";"Based on heart healthy diet emphasizing healthy fats, fish, whole grains, fruits and vegetables.";"1000";"Lunch";"13:00:00";"Salad: Fancy Field Greens (Fresh Express)";"1.0000";"serving, 3 cups (3.0 oz)";"20";"1";"0";"3";"1";"0";"2";"20";"15";"0"
"Heart Healthy";"Based on heart healthy diet emphasizing healthy fats, fish, whole grains, fruits and vegetables.";"1000";"Lunch";"13:00:00";"Chicken Breast Strips, Grilled (Foster Farms)";"3.0000";"oz";"111";"19";"3";"2";"0";"46";"0";"0";"557";"0"
"Heart Healthy";"Based on heart healthy diet emphasizing healthy fats, fish, whole grains, fruits and vegetables.";"1000";"Lunch";"13:00:00";"Raspberries, fresh";"1.0000";"serving,10 raspberries (0.7 oz)";"10";"0";"0";"2";"1";"0";"1";"5";"0";"0"
"Heart Healthy";"Based on heart healthy diet emphasizing healthy fats, fish, whole grains, fruits and vegetables.";"1000";"Dinner";"19:00:00";"Green Beans, steamed/boiled";"1.0000";"serving, 1/2 cup (2.0 oz)";"18";"1";"0";"4";"1";"0";"2";"21";"3";"0"
"Heart Healthy";"Based on heart healthy diet emphasizing healthy fats, fish, whole grains, fruits and vegetables.";"1000";"Dinner";"19:00:00";"Salmon, Atlantic, cooked";"1.0000";"serving (3.0 oz)";"175";"19";"10";"0";"0";"54";"0";"13";"52";"2"
"Heart Healthy";"Based on heart healthy diet emphasizing healthy fats, fish, whole grains, fruits and vegetables.";"1000";"Dinner";"19:00:00";"Brown rice, long-grain, cooked";"1.0000";"serving, 1/2 cup (3.4 oz)";"108";"3";"1";"22";"0";"0";"2";"10";"5";"0"
"Heart Healthy";"Based on heart healthy diet emphasizing healthy fats, fish, whole grains, fruits and vegetables.";"1250";"Breakfast";"07:00:00";"Skim Milk";"1.0000";"cup (8.6 oz)";"91";"9";"1";"12";"12";"5";"0";"316";"130";"0"
"Heart Healthy";"Based on heart healthy diet emphasizing healthy fats, fish, whole grains, fruits and vegetables.";"1250";"Breakfast";"07:00:00";"Strawberries, fresh";".5000";"cup, sliced (5.9 oz)";"27";"1";"0";"6";"4";"0";"2";"13";"1";"0"
"Heart Healthy";"Based on heart healthy diet emphasizing healthy fats, fish, whole grains, fruits and vegetables.";"1250";"Breakfast";"07:00:00";"Whole Wheat Waffles, Nutri-Grain";"1.0000";"serving, 2 waffles (2.5 oz)";"180";"5";"6";"28";"3";"0";"3";"100";"420";"2"
"Heart Healthy";"Based on heart healthy diet emphasizing healthy fats, fish, whole grains, fruits and vegetables.";"1250";"Breakfast";"07:00:00";"Maple Syrup";"1.0000";"tablespoon (0.7 oz)";"52";"0";"0";"13";"12";"0";"0";"13";"2";"0"
"Heart Healthy";"Based on heart healthy diet emphasizing healthy fats, fish, whole grains, fruits and vegetables.";"1250";"Lunch";"13:00:00";"Grapes, Red or Green ";"1.0000";"cup, with seeds, yields (5.3 oz)";"104";"1";"0";"27";"23";"0";"1";"15";"3";"0"
"Heart Healthy";"Based on heart healthy diet emphasizing healthy fats, fish, whole grains, fruits and vegetables.";"1250";"Lunch";"13:00:00";"Mushrooms, white, raw";".5000";"serving, 1/2 cup, pieces (1.2 oz)";"4";"1";"0";"1";"0";"0";"0";"1";"1";"0"
"Heart Healthy";"Based on heart healthy diet emphasizing healthy fats, fish, whole grains, fruits and vegetables.";"1250";"Lunch";"13:00:00";"Onions, all types, raw/cooked";".2500";"cup, chopped (5.6 oz)";"17";"0";"0";"4";"2";"0";"1";"9";"1";"0"
"Heart Healthy";"Based on heart healthy diet emphasizing healthy fats, fish, whole grains, fruits and vegetables.";"1250";"Lunch";"13:00:00";"Bell Pepper, raw";".2500";"cup, chopped (5.3 oz)";"7";"0";"0";"2";"1";"0";"1";"4";"1";"0"
"Heart Healthy";"Based on heart healthy diet emphasizing healthy fats, fish, whole grains, fruits and vegetables.";"1250";"Lunch";"13:00:00";"Ragu Pizza Sauce, Traditional";"1.0000";"serving (2.2 oz)";"40";"1";"2";"4";"3";"0";"1";"20";"380";"0"
"Heart Healthy";"Based on heart healthy diet emphasizing healthy fats, fish, whole grains, fruits and vegetables.";"1250";"Lunch";"13:00:00";"Bread Products: Dough, Pizza Dough, Whole Wheat (Trader Joe's)";"1.0000";"serving, 1/8 crust (2.0 oz)";"130";"4";"2";"24";"0";"0";"3";"20";"240";"0"
"Heart Healthy";"Based on heart healthy diet emphasizing healthy fats, fish, whole grains, fruits and vegetables.";"1250";"Lunch";"13:00:00";"Mozzarella Cheese, part skim milk";"1.0000";"serving (1.0 oz)";"72";"7";"5";"1";"0";"18";"0";"222";"175";"3"
"Heart Healthy";"Based on heart healthy diet emphasizing healthy fats, fish, whole grains, fruits and vegetables.";"1250";"Dinner";"19:00:00";"Broccoli, cooked";"2.0000";"serving, 1/2 cup, chopped (2.8 oz)";"55";"4";"1";"11";"2";"0";"5";"62";"64";"0"
"Heart Healthy";"Based on heart healthy diet emphasizing healthy fats, fish, whole grains, fruits and vegetables.";"1250";"Dinner";"19:00:00";"Brown rice, long-grain, cooked";"2.0000";"serving, 1/2 cup (3.4 oz)";"216";"5";"2";"45";"1";"0";"4";"20";"10";"0"
"Heart Healthy";"Based on heart healthy diet emphasizing healthy fats, fish, whole grains, fruits and vegetables.";"1250";"Dinner";"19:00:00";"Olive oil";"2.0000";"teaspoon (0.2 oz)";"80";"0";"9";"0";"0";"0";"0";"0";"0";"1"
"Heart Healthy";"Based on heart healthy diet emphasizing healthy fats, fish, whole grains, fruits and vegetables.";"1250";"Dinner";"19:00:00";"Salmon, Atlantic, cooked";"1.0000";"serving (3.0 oz)";"175";"19";"10";"0";"0";"54";"0";"13";"52";"2"
"Heart Healthy";"Based on heart healthy diet emphasizing healthy fats, fish, whole grains, fruits and vegetables.";"1500";"Breakfast";"07:00:00";"Harvey's: Breakfast: Toast, Whole Wheat";"1.0000";"serving, 2 slices (2.5 oz)";"170";"7";"2";"32";"2";"0";"3";"40";"320";"0"
"Heart Healthy";"Based on heart healthy diet emphasizing healthy fats, fish, whole grains, fruits and vegetables.";"1500";"Breakfast";"07:00:00";"Low-Fat Yogurt, Fruit Flavored";"1.0000";"container (6.0 oz)";"173";"7";"2";"32";"32";"7";"0";"258";"99";"1"
"Heart Healthy";"Based on heart healthy diet emphasizing healthy fats, fish, whole grains, fruits and vegetables.";"1500";"Breakfast";"07:00:00";"Fruit Juices: Concord Grape Juice";"1.0000";"cup (8.0 fl.oz)";"130";"0";"0";"31";"31";"0";"0";"20";"35";"0"
"Heart Healthy";"Based on heart healthy diet emphasizing healthy fats, fish, whole grains, fruits and vegetables.";"1500";"Breakfast";"07:00:00";"Peanut Butter, Creamy";".5000";"tablespoon (0.6 oz)";"53";"2";"4";"2";"0";"0";"1";"0";"30";"1"
"Heart Healthy";"Based on heart healthy diet emphasizing healthy fats, fish, whole grains, fruits and vegetables.";"1500";"Lunch";"13:00:00";"Summer squash/zucchini";"1.0000";"1 cup , sliced";"18";"1";"0";"4";"2";"0";"1";"17";"11";"0"
"Heart Healthy";"Based on heart healthy diet emphasizing healthy fats, fish, whole grains, fruits and vegetables.";"1500";"Lunch";"13:00:00";"Marinara/Spaghetti Sauce, Ready-to-Serve";"1.0000";"serving, 1/2 cup (4.4 oz)";"93";"2";"3";"14";"11";"0";"1";"34";"601";"0"
"Heart Healthy";"Based on heart healthy diet emphasizing healthy fats, fish, whole grains, fruits and vegetables.";"1500";"Lunch";"13:00:00";"Whole Wheat Pasta, cooked";"1.0000";"cup, elbow shaped (4.9 oz)";"174";"7";"1";"37";"1";"0";"4";"21";"4";"0"
"Heart Healthy";"Based on heart healthy diet emphasizing healthy fats, fish, whole grains, fruits and vegetables.";"1500";"Lunch";"13:00:00";"Parmesan Cheese, shredded";"2.0000";"tablespoon (0.2 oz)";"42";"4";"3";"0";"0";"7";"0";"125";"170";"2"
"Heart Healthy";"Based on heart healthy diet emphasizing healthy fats, fish, whole grains, fruits and vegetables.";"1500";"Lunch";"13:00:00";"Skim Milk";"1.0000";"cup (8.6 oz)";"91";"9";"1";"12";"12";"5";"0";"316";"130";"0"
"Heart Healthy";"Based on heart healthy diet emphasizing healthy fats, fish, whole grains, fruits and vegetables.";"1500";"Dinner";"19:00:00";"Strawberries, fresh";"1.0000";"cup, halves (5.4 oz)";"49";"1";"0";"12";"7";"0";"3";"24";"2";"0"
"Heart Healthy";"Based on heart healthy diet emphasizing healthy fats, fish, whole grains, fruits and vegetables.";"1500";"Dinner";"19:00:00";"Asparagus, boiled, drained";"1.0000";"serving, 1/2 cup (3.2 oz)";"20";"2";"0";"4";"1";"0";"2";"21";"13";"0"
"Heart Healthy";"Based on heart healthy diet emphasizing healthy fats, fish, whole grains, fruits and vegetables.";"1500";"Dinner";"19:00:00";"Near East: Couscous: Toasted Pine Nut, prepared as directed";"1.0000";"cup";"230";"8";"6";"38";"2";"0";"2";"20";"510";"1"
"Heart Healthy";"Based on heart healthy diet emphasizing healthy fats, fish, whole grains, fruits and vegetables.";"1500";"Dinner";"19:00:00";"Salmon, Atlantic, cooked";"1.0000";"serving (3.0 oz)";"175";"19";"10";"0";"0";"54";"0";"13";"52";"2"
"Heart Healthy";"Based on heart healthy diet emphasizing healthy fats, fish, whole grains, fruits and vegetables.";"1500";"Dinner";"19:00:00";"Olive oil";"2.0000";"teaspoon (0.2 oz)";"80";"0";"9";"0";"0";"0";"0";"0";"0";"1"
"Heart Healthy";"Based on heart healthy diet emphasizing healthy fats, fish, whole grains, fruits and vegetables.";"1750";"Breakfast";"07:00:00";"Oats/oatmeal, cooked (all types)";"1.0000";"serving, 3/4 cup (6.2 oz)";"110";"5";"2";"19";"0";"0";"3";"14";"2";"0"
"Heart Healthy";"Based on heart healthy diet emphasizing healthy fats, fish, whole grains, fruits and vegetables.";"1750";"Breakfast";"07:00:00";"Skim Milk";"8.0000";"fl.oz (1.1 oz)";"91";"9";"1";"12";"12";"5";"0";"316";"130";"0"
"Heart Healthy";"Based on heart healthy diet emphasizing healthy fats, fish, whole grains, fruits and vegetables.";"1750";"Breakfast";"07:00:00";"Walnuts";"1.0000";"serving, 7 nuts (1.0 oz)";"183";"4";"18";"4";"1";"0";"2";"27";"1";"2"
"Heart Healthy";"Based on heart healthy diet emphasizing healthy fats, fish, whole grains, fruits and vegetables.";"1750";"Breakfast";"07:00:00";"Blueberries, fresh";"1.0000";"serving, 50 berries (2.4 oz)";"39";"1";"0";"10";"7";"0";"2";"4";"1";"0"
"Heart Healthy";"Based on heart healthy diet emphasizing healthy fats, fish, whole grains, fruits and vegetables.";"1750";"Lunch";"13:00:00";"Feta Cheese";".5000";"cup, crumbled (5.3 oz)";"198";"11";"16";"3";"3";"67";"0";"370";"837";"11"
"Heart Healthy";"Based on heart healthy diet emphasizing healthy fats, fish, whole grains, fruits and vegetables.";"1750";"Lunch";"13:00:00";"Strawberries, fresh";"1.0000";"cup, whole (5.1 oz)";"46";"1";"0";"11";"7";"0";"3";"23";"1";"0"
"Heart Healthy";"Based on heart healthy diet emphasizing healthy fats, fish, whole grains, fruits and vegetables.";"1750";"Lunch";"13:00:00";"100% Whole Wheat Dinner Rolls";"1.0000";"roll (1.1 oz)";"70";"3";"1";"13";"3";"0";"2";"0";"150";"0"
"Heart Healthy";"Based on heart healthy diet emphasizing healthy fats, fish, whole grains, fruits and vegetables.";"1750";"Lunch";"13:00:00";"Tomato, fresh";"6.0000";"wedge, 1/4 of medium tomato (1.1 oz)";"33";"2";"0";"7";"5";"0";"2";"19";"9";"0"
"Heart Healthy";"Based on heart healthy diet emphasizing healthy fats, fish, whole grains, fruits and vegetables.";"1750";"Lunch";"13:00:00";"Olive oil";"1.0000";"tablespoon (0.5 oz)";"119";"0";"14";"0";"0";"0";"0";"0";"0";"2"
"Heart Healthy";"Based on heart healthy diet emphasizing healthy fats, fish, whole grains, fruits and vegetables.";"1750";"Lunch";"13:00:00";"Garbanzo Beans, canned (chickpeas, bengal gram)";"1.0000";"serving, 1/2 cup (4.2 oz)";"143";"6";"1";"27";"0";"0";"5";"38";"359";"0"
"Heart Healthy";"Based on heart healthy diet emphasizing healthy fats, fish, whole grains, fruits and vegetables.";"1750";"Lunch";"13:00:00";"Onions, all types, raw/cooked";"2.0000";"tablespoon, chopped (0.4 oz)";"8";"0";"0";"2";"1";"0";"0";"4";"1";"0"
"Heart Healthy";"Based on heart healthy diet emphasizing healthy fats, fish, whole grains, fruits and vegetables.";"1750";"Lunch";"13:00:00";"Bell Pepper, raw";"1.0000";"ring, 3" dia, 1/4" thick (0.4 oz)";"2";"0";"0";"0";"0";"0";"0";"1";"0";"0"
"Heart Healthy";"Based on heart healthy diet emphasizing healthy fats, fish, whole grains, fruits and vegetables.";"1750";"Lunch";"13:00:00";"Spinach, raw";"2.0000";"cup (1.1 oz)";"14";"2";"0";"2";"0";"0";"1";"59";"47";"0"
"Heart Healthy";"Based on heart healthy diet emphasizing healthy fats, fish, whole grains, fruits and vegetables.";"1750";"Dinner";"19:00:00";"Eggplant, boiled, drained, no salt added";"1.0000";"cup, 1" cubes (3.5 oz)";"35";"1";"0";"9";"3";"0";"2";"6";"1";"0"
"Heart Healthy";"Based on heart healthy diet emphasizing healthy fats, fish, whole grains, fruits and vegetables.";"1750";"Dinner";"19:00:00";"Olive oil";"1.0000";"tablespoon (0.5 oz)";"119";"0";"14";"0";"0";"0";"0";"0";"0";"2"
"Heart Healthy";"Based on heart healthy diet emphasizing healthy fats, fish, whole grains, fruits and vegetables.";"1750";"Dinner";"19:00:00";"Whole Wheat Blend Linguine, dry (Ronzoni Healthy Harvest)";"1.0000";"serving, 1/7 package dry (2.0 oz)";"180";"6";"1";"42";"1";"0";"6";"0";"0";"0"
"Heart Healthy";"Based on heart healthy diet emphasizing healthy fats, fish, whole grains, fruits and vegetables.";"1750";"Dinner";"19:00:00";"Squash & Zucchini";"1.0000";"serving, 2 cups (3.0 oz)";"25";"2";"0";"6";"2";"0";"3";"40";"0";"0"
"Heart Healthy";"Based on heart healthy diet emphasizing healthy fats, fish, whole grains, fruits and vegetables.";"1750";"Dinner";"19:00:00";"Salmon, Atlantic, cooked";"4.0000";"oz";"234";"25";"14";"0";"0";"71";"0";"17";"69";"3"
"Heart Healthy";"Based on heart healthy diet emphasizing healthy fats, fish, whole grains, fruits and vegetables.";"1750";"Dinner";"19:00:00";"Grapes, Red or Green ";"1.0000";"cup, with seeds, yields (5.3 oz)";"104";"1";"0";"27";"23";"0";"1";"15";"3";"0"
"Heart Healthy";"Based on heart healthy diet emphasizing healthy fats, fish, whole grains, fruits and vegetables.";"2000";"Breakfast";"07:00:00";"Walnuts";"1.0000";"serving, 7 nuts (1.0 oz)";"183";"4";"18";"4";"1";"0";"2";"27";"1";"2"
"Heart Healthy";"Based on heart healthy diet emphasizing healthy fats, fish, whole grains, fruits and vegetables.";"2000";"Breakfast";"07:00:00";"Skim Milk";"1.0000";"cup (8.6 oz)";"91";"9";"1";"12";"12";"5";"0";"316";"130";"0"
"Heart Healthy";"Based on heart healthy diet emphasizing healthy fats, fish, whole grains, fruits and vegetables.";"2000";"Breakfast";"07:00:00";"Oats/oatmeal, cooked (all types)";"1.0000";"cup (8.3 oz)";"147";"6";"2";"25";"1";"0";"4";"19";"2";"0"
"Heart Healthy";"Based on heart healthy diet emphasizing healthy fats, fish, whole grains, fruits and vegetables.";"2000";"Breakfast";"07:00:00";"Raspberries, fresh";".5000";"cup (4.3 oz)";"32";"1";"0";"7";"3";"0";"4";"15";"1";"0"
"Heart Healthy";"Based on heart healthy diet emphasizing healthy fats, fish, whole grains, fruits and vegetables.";"2000";"Morning Snack";"10:00:00";"Apple";"1.0000";"small, 2-1/2" dia, approx 4 per lb (3.7 oz)";"55";"0";"0";"15";"11";"0";"3";"6";"1";"0"
"Heart Healthy";"Based on heart healthy diet emphasizing healthy fats, fish, whole grains, fruits and vegetables.";"2000";"Morning Snack";"10:00:00";"Trader Joe's: Yogurts: Greek Style Nonfat, Blueberry";"1.0000";"container (5.3 oz)";"120";"15";"0";"14";"14";"0";"0";"120";"50";"0"
"Heart Healthy";"Based on heart healthy diet emphasizing healthy fats, fish, whole grains, fruits and vegetables.";"2000";"Lunch";"13:00:00";"Chicken Breast, meat only, grilled/roasted/baked";"3.0000";"oz";"140";"26";"3";"0";"0";"72";"0";"13";"63";"1"
"Heart Healthy";"Based on heart healthy diet emphasizing healthy fats, fish, whole grains, fruits and vegetables.";"2000";"Lunch";"13:00:00";"Tomato, fresh";"2.0000";"slice, thin/small (0.5 oz)";"5";"0";"0";"1";"1";"0";"0";"3";"2";"0"
"Heart Healthy";"Based on heart healthy diet emphasizing healthy fats, fish, whole grains, fruits and vegetables.";"2000";"Lunch";"13:00:00";"Romaine Lettuce";"2.0000";"leaf, inner (0.2 oz)";"2";"0";"0";"0";"0";"0";"0";"4";"1";"0"
"Heart Healthy";"Based on heart healthy diet emphasizing healthy fats, fish, whole grains, fruits and vegetables.";"2000";"Lunch";"13:00:00";"Knorr: Pasta Sauces: Mix, Pesto, dry";"1.0000";"serving, 1/3 package (0.2 oz)";"15";"1";"0";"2";"0";"0";"0";"0";"480";"0"
"Heart Healthy";"Based on heart healthy diet emphasizing healthy fats, fish, whole grains, fruits and vegetables.";"2000";"Lunch";"13:00:00";"Whole Wheat Pita Bread (Khoubiz)";"1.0000";"large, 6-1/2" dia (2.3 oz)";"170";"6";"2";"35";"1";"0";"5";"10";"340";"0"
"Heart Healthy";"Based on heart healthy diet emphasizing healthy fats, fish, whole grains, fruits and vegetables.";"2000";"Lunch";"13:00:00";"Orange";"1.0000";"fruit, 2-5/8" dia (4.6 oz)";"62";"1";"0";"15";"12";"0";"3";"52";"0";"0"
"Heart Healthy";"Based on heart healthy diet emphasizing healthy fats, fish, whole grains, fruits and vegetables.";"2000";"Afternoon Snack";"17:00:00";"Almonds, dry roasted, no salt added";"1.0000";"serving, 24-28 medium kernels (1.0 oz)";"169";"6";"15";"5";"1";"0";"3";"75";"0";"1"
"Heart Healthy";"Based on heart healthy diet emphasizing healthy fats, fish, whole grains, fruits and vegetables.";"2000";"Dinner";"19:00:00";"Sweet white corn, boiled/steamed";"1.0000";"serving, 1/2 cup kernels (2.9 oz)";"77";"3";"1";"18";"0";"0";"2";"2";"3";"0"
"Heart Healthy";"Based on heart healthy diet emphasizing healthy fats, fish, whole grains, fruits and vegetables.";"2000";"Dinner";"19:00:00";"Brown rice, long-grain, cooked";"3.0000";"serving, 1/2 cup (3.4 oz)";"325";"8";"3";"67";"1";"0";"5";"29";"15";"1"
"Heart Healthy";"Based on heart healthy diet emphasizing healthy fats, fish, whole grains, fruits and vegetables.";"2000";"Dinner";"19:00:00";"Del Monte: Vegetables, Canned: Fresh Cut, Green Beans Cut, drained";"1.0000";"serving, 1/2 cup (4.3 oz)";"20";"1";"0";"4";"2";"0";"2";"20";"390";"0"
"Heart Healthy";"Based on heart healthy diet emphasizing healthy fats, fish, whole grains, fruits and vegetables.";"2000";"Dinner";"19:00:00";"Salmon, Atlantic, cooked";"4.0000";"oz";"234";"25";"14";"0";"0";"71";"0";"17";"69";"3"
"Heart Healthy";"Based on heart healthy diet emphasizing healthy fats, fish, whole grains, fruits and vegetables.";"2000";"Dinner";"19:00:00";"Pineapple, fresh";"1.0000";"cup, diced (5.5 oz)";"74";"1";"0";"20";"14";"0";"2";"20";"2";"0"
"Heart Healthy";"Based on heart healthy diet emphasizing healthy fats, fish, whole grains, fruits and vegetables.";"2000";"Dinner";"19:00:00";"Skim Milk";"1.0000";"cup (8.6 oz)";"91";"9";"1";"12";"12";"5";"0";"316";"130";"0"
"Heart Healthy";"Based on heart healthy diet emphasizing healthy fats, fish, whole grains, fruits and vegetables.";"2250";"Breakfast";"07:00:00";"Peanut Butter, Creamy";"1.0000";"serving, 2 tablespoons (1.1 oz)";"210";"8";"16";"6";"1";"0";"2";"0";"120";"3"
"Heart Healthy";"Based on heart healthy diet emphasizing healthy fats, fish, whole grains, fruits and vegetables.";"2250";"Breakfast";"07:00:00";"Banana";"1.0000";"medium, 7" to 7-7/8" long (4.2 oz)";"105";"1";"0";"27";"14";"0";"3";"6";"1";"0"
"Heart Healthy";"Based on heart healthy diet emphasizing healthy fats, fish, whole grains, fruits and vegetables.";"2250";"Breakfast";"07:00:00";"100% Whole Wheat Bagel, Heart Healthy (Sara Lee)";"1.0000";"bagel (3.3 oz)";"220";"11";"2";"47";"9";"0";"6";"100";"480";"0"
"Heart Healthy";"Based on heart healthy diet emphasizing healthy fats, fish, whole grains, fruits and vegetables.";"2250";"Lunch";"13:00:00";"Crackers: Harvest Whole Wheat (Back to Nature)";"2.0000";"serving, 6 crackers (1.0 oz)";"240";"6";"9";"38";"0";"0";"6";"0";"360";"0"
"Heart Healthy";"Based on heart healthy diet emphasizing healthy fats, fish, whole grains, fruits and vegetables.";"2250";"Lunch";"13:00:00";"Trader Joe's: Soups: Chunky Minestrone, Low-Fat";"2.0000";"cup (8.8 oz)";"220";"6";"5";"38";"2";"0";"4";"40";"1780";"0"
"Heart Healthy";"Based on heart healthy diet emphasizing healthy fats, fish, whole grains, fruits and vegetables.";"2250";"Lunch";"13:00:00";"Plums, average all varieties";"2.0000";"fruit, 2-1/8" dia (2.3 oz)";"61";"1";"0";"15";"13";"0";"2";"8";"0";"0"
"Heart Healthy";"Based on heart healthy diet emphasizing healthy fats, fish, whole grains, fruits and vegetables.";"2250";"Lunch";"13:00:00";"Soymilk, Chocolate (SIlk)";"1.0000";"cup (8.0 fl.oz)";"138";"5";"3";"23";"19";"0";"2";"296";"99";"0"
"Heart Healthy";"Based on heart healthy diet emphasizing healthy fats, fish, whole grains, fruits and vegetables.";"2250";"Afternoon Snack";"17:00:00";"Apple";"1.0000";"small, 2-1/2" dia, approx 4 per lb (3.7 oz)";"55";"0";"0";"15";"11";"0";"3";"6";"1";"0"
"Heart Healthy";"Based on heart healthy diet emphasizing healthy fats, fish, whole grains, fruits and vegetables.";"2250";"Afternoon Snack";"17:00:00";"Walnuts";"1.0000";"serving, 7 nuts (1.0 oz)";"183";"4";"18";"4";"1";"0";"2";"27";"1";"2"
"Heart Healthy";"Based on heart healthy diet emphasizing healthy fats, fish, whole grains, fruits and vegetables.";"2250";"Dinner";"19:00:00";"Green Beans, steamed/boiled";"1.0000";"cup (3.9 oz)";"34";"2";"0";"8";"2";"0";"4";"41";"7";"0"
"Heart Healthy";"Based on heart healthy diet emphasizing healthy fats, fish, whole grains, fruits and vegetables.";"2250";"Dinner";"19:00:00";"Salmon, Atlantic, cooked";"5.0000";"oz";"292";"31";"18";"0";"0";"89";"0";"21";"86";"4"
"Heart Healthy";"Based on heart healthy diet emphasizing healthy fats, fish, whole grains, fruits and vegetables.";"2250";"Dinner";"19:00:00";"Olive oil";"1.0000";"tablespoon (0.5 oz)";"119";"0";"14";"0";"0";"0";"0";"0";"0";"2"
"Heart Healthy";"Based on heart healthy diet emphasizing healthy fats, fish, whole grains, fruits and vegetables.";"2250";"Dinner";"19:00:00";"Fruit, Fresh: Watermelon, raw, edible portion";"1.0000";"cup, diced (5.4 oz)";"46";"1";"0";"11";"9";"0";"1";"11";"2";"0"
"Heart Healthy";"Based on heart healthy diet emphasizing healthy fats, fish, whole grains, fruits and vegetables.";"2250";"Dinner";"19:00:00";"Brown rice, long-grain, cooked";"3.0000";"serving, 1/2 cup (3.4 oz)";"325";"8";"3";"67";"1";"0";"5";"29";"15";"1"
"Heart Healthy";"Based on heart healthy diet emphasizing healthy fats, fish, whole grains, fruits and vegetables.";"2500";"Breakfast";"07:00:00";"Oats/oatmeal, cooked (all types)";"1.5000";"cup (8.3 oz)";"221";"9";"4";"38";"1";"0";"6";"28";"4";"1"
"Heart Healthy";"Based on heart healthy diet emphasizing healthy fats, fish, whole grains, fruits and vegetables.";"2500";"Breakfast";"07:00:00";"Strawberries, fresh";".5000";"cup, whole (5.1 oz)";"23";"0";"0";"6";"3";"0";"1";"12";"1";"0"
"Heart Healthy";"Based on heart healthy diet emphasizing healthy fats, fish, whole grains, fruits and vegetables.";"2500";"Breakfast";"07:00:00";"Harvey's: Breakfast: Toast, Whole Wheat";"1.0000";"serving, 2 slices (2.5 oz)";"170";"7";"2";"32";"2";"0";"3";"40";"320";"0"
"Heart Healthy";"Based on heart healthy diet emphasizing healthy fats, fish, whole grains, fruits and vegetables.";"2500";"Breakfast";"07:00:00";"Skim Milk";"1.0000";"cup (8.6 oz)";"91";"9";"1";"12";"12";"5";"0";"316";"130";"0"
"Heart Healthy";"Based on heart healthy diet emphasizing healthy fats, fish, whole grains, fruits and vegetables.";"2500";"Breakfast";"07:00:00";"Canola Harvest: Margarines: Soft or Stick";"1.0000";"tablespoon (0.5 oz)";"100";"0";"11";"0";"0";"0";"0";"0";"110";"1"
"Heart Healthy";"Based on heart healthy diet emphasizing healthy fats, fish, whole grains, fruits and vegetables.";"2500";"Morning Snack";"10:00:00";"Fage: Yogurts: Greek, Total 2% Cherry";"1.0000";"container (5.3 oz)";"140";"10";"3";"19";"19";"5";"0";"80";"40";"2"
"Heart Healthy";"Based on heart healthy diet emphasizing healthy fats, fish, whole grains, fruits and vegetables.";"2500";"Morning Snack";"10:00:00";"Grains: Wheat Germ, raw";".3300";"serving, 1/2 cup (2.0 oz)";"68";"4";"2";"10";"0";"0";"3";"7";"2";"0"
"Heart Healthy";"Based on heart healthy diet emphasizing healthy fats, fish, whole grains, fruits and vegetables.";"2500";"Lunch";"13:00:00";"Tomato, fresh";"1.0000";"slice, thin/small (0.5 oz)";"3";"0";"0";"1";"0";"0";"0";"2";"1";"0"
"Heart Healthy";"Based on heart healthy diet emphasizing healthy fats, fish, whole grains, fruits and vegetables.";"2500";"Lunch";"13:00:00";"Turkey: Light Meat, boneless, no skin, roasted";"3.0000";"oz";"134";"25";"3";"0";"0";"59";"0";"16";"54";"1"
"Heart Healthy";"Based on heart healthy diet emphasizing healthy fats, fish, whole grains, fruits and vegetables.";"2500";"Lunch";"13:00:00";"Swiss Cheese, Low-Fat";"1.0000";"slice (1.0 oz)";"50";"8";"1";"1";"0";"10";"0";"269";"73";"1"
"Heart Healthy";"Based on heart healthy diet emphasizing healthy fats, fish, whole grains, fruits and vegetables.";"2500";"Lunch";"13:00:00";"Minestrone Soup, canned";"1.0000";"cup (8.5 oz)";"127";"5";"3";"21";"5";"5";"6";"60";"864";"1"
"Heart Healthy";"Based on heart healthy diet emphasizing healthy fats, fish, whole grains, fruits and vegetables.";"2500";"Lunch";"13:00:00";"Milton's: Breads: Whole Grain";"2.0000";"slice (1.3 oz)";"180";"8";"1";"32";"6";"0";"10";"200";"250";"0"
"Heart Healthy";"Based on heart healthy diet emphasizing healthy fats, fish, whole grains, fruits and vegetables.";"2500";"Lunch";"13:00:00";"Fresh Blackberries";".5000";"cup (5.1 oz)";"31";"1";"0";"7";"4";"0";"4";"21";"1";"0"
"Heart Healthy";"Based on heart healthy diet emphasizing healthy fats, fish, whole grains, fruits and vegetables.";"2500";"Afternoon Snack";"17:00:00";"Apple";"1.0000";"medium, 2-3/4" dia, approx 3 per lb (4.9 oz)";"72";"0";"0";"19";"14";"0";"3";"8";"1";"0"
"Heart Healthy";"Based on heart healthy diet emphasizing healthy fats, fish, whole grains, fruits and vegetables.";"2500";"Afternoon Snack";"17:00:00";"Almonds, raw";"1.0000";"serving, 23 whole kernels (1.0 oz)";"164";"6";"14";"6";"1";"0";"3";"70";"0";"1"
"Heart Healthy";"Based on heart healthy diet emphasizing healthy fats, fish, whole grains, fruits and vegetables.";"2500";"Dinner";"19:00:00";"Asparagus, boiled, drained";"2.0000";"serving, 1/2 cup (3.2 oz)";"40";"4";"0";"7";"2";"0";"4";"41";"25";"0"
"Heart Healthy";"Based on heart healthy diet emphasizing healthy fats, fish, whole grains, fruits and vegetables.";"2500";"Dinner";"19:00:00";"Olive oil";"1.0000";"tablespoon (0.5 oz)";"119";"0";"14";"0";"0";"0";"0";"0";"0";"2"
"Heart Healthy";"Based on heart healthy diet emphasizing healthy fats, fish, whole grains, fruits and vegetables.";"2500";"Dinner";"19:00:00";"Salmon, Atlantic, cooked";"5.0000";"oz";"292";"31";"18";"0";"0";"89";"0";"21";"86";"4"
"Heart Healthy";"Based on heart healthy diet emphasizing healthy fats, fish, whole grains, fruits and vegetables.";"2500";"Dinner";"19:00:00";"Cantaloupe Melon";"1.0000";"cup, diced (5.5 oz)";"53";"1";"0";"13";"12";"0";"1";"14";"25";"0"
"Heart Healthy";"Based on heart healthy diet emphasizing healthy fats, fish, whole grains, fruits and vegetables.";"2500";"Dinner";"19:00:00";"Brown rice, long-grain, cooked";"2.0000";"cup (6.9 oz)";"433";"10";"4";"90";"1";"0";"7";"39";"20";"1"
"Heart Healthy";"Based on heart healthy diet emphasizing healthy fats, fish, whole grains, fruits and vegetables.";"2750";"Breakfast";"07:00:00";"Skim Milk";"1.5000";"cup (8.6 oz)";"136";"13";"1";"18";"18";"7";"0";"474";"195";"1"
"Heart Healthy";"Based on heart healthy diet emphasizing healthy fats, fish, whole grains, fruits and vegetables.";"2750";"Breakfast";"07:00:00";"Strawberries, fresh";"1.0000";"cup, halves (5.4 oz)";"49";"1";"0";"12";"7";"0";"3";"24";"2";"0"
"Heart Healthy";"Based on heart healthy diet emphasizing healthy fats, fish, whole grains, fruits and vegetables.";"2750";"Breakfast";"07:00:00";"Oats/oatmeal, cooked (all types)";"2.0000";"cup (8.3 oz)";"295";"12";"5";"51";"1";"0";"8";"37";"5";"1"
"Heart Healthy";"Based on heart healthy diet emphasizing healthy fats, fish, whole grains, fruits and vegetables.";"2750";"Breakfast";"07:00:00";"Pecans";"1.0000";"serving, 20 jumbo halves (1.0 oz)";"196";"3";"20";"4";"1";"0";"3";"20";"0";"2"
"Heart Healthy";"Based on heart healthy diet emphasizing healthy fats, fish, whole grains, fruits and vegetables.";"2750";"Morning Snack";"10:00:00";"Pita Pockets, Whole Wheat (Trader Joe's)";"1.0000";"pita (2.1 oz)";"160";"7";"2";"30";"0";"0";"5";"20";"240";"1"
"Heart Healthy";"Based on heart healthy diet emphasizing healthy fats, fish, whole grains, fruits and vegetables.";"2750";"Morning Snack";"10:00:00";"Athenos: Dips: Hummus, Roasted Eggplant";"1.0000";"serving, 2 tablespoons (1.0 oz)";"45";"1";"3";"4";"1";"0";"1";"0";"210";"0"
"Heart Healthy";"Based on heart healthy diet emphasizing healthy fats, fish, whole grains, fruits and vegetables.";"2750";"Lunch";"13:00:00";"Turkey: Light Meat, boneless, no skin, roasted";"3.0000";"oz";"134";"25";"3";"0";"0";"59";"0";"16";"54";"1"
"Heart Healthy";"Based on heart healthy diet emphasizing healthy fats, fish, whole grains, fruits and vegetables.";"2750";"Lunch";"13:00:00";"Avocados, all types ";"1.0000";"oz";"45";"1";"4";"2";"0";"0";"2";"3";"2";"1"
"Heart Healthy";"Based on heart healthy diet emphasizing healthy fats, fish, whole grains, fruits and vegetables.";"2750";"Lunch";"13:00:00";"Milton's: Breads: Whole Grain";"2.0000";"slice (1.3 oz)";"180";"8";"1";"32";"6";"0";"10";"200";"250";"0"
"Heart Healthy";"Based on heart healthy diet emphasizing healthy fats, fish, whole grains, fruits and vegetables.";"2750";"Lunch";"13:00:00";"Trader Joe's: Yogurts: Greek Style, Low-Fat, Plain";"1.0000";"cup (7.1 oz)";"130";"16";"4";"7";"4";"10";"0";"200";"85";"3"
"Heart Healthy";"Based on heart healthy diet emphasizing healthy fats, fish, whole grains, fruits and vegetables.";"2750";"Lunch";"13:00:00";"Tomato, fresh";"1.0000";"slice, thin/small (0.5 oz)";"3";"0";"0";"1";"0";"0";"0";"2";"1";"0"
"Heart Healthy";"Based on heart healthy diet emphasizing healthy fats, fish, whole grains, fruits and vegetables.";"2750";"Lunch";"13:00:00";"Swiss Cheese, Low-Fat";"1.0000";"slice (1.0 oz)";"50";"8";"1";"1";"0";"10";"0";"269";"73";"1"
"Heart Healthy";"Based on heart healthy diet emphasizing healthy fats, fish, whole grains, fruits and vegetables.";"2750";"Lunch";"13:00:00";"Peach";"1.0000";"large, 2-3/4" dia, approx 2-1/2 per lb (5.5 oz)";"61";"1";"0";"15";"13";"0";"2";"9";"0";"0"
"Heart Healthy";"Based on heart healthy diet emphasizing healthy fats, fish, whole grains, fruits and vegetables.";"2750";"Afternoon Snack";"17:00:00";"Apple";"1.0000";"medium, 2-3/4" dia, approx 3 per lb (4.9 oz)";"72";"0";"0";"19";"14";"0";"3";"8";"1";"0"
"Heart Healthy";"Based on heart healthy diet emphasizing healthy fats, fish, whole grains, fruits and vegetables.";"2750";"Afternoon Snack";"17:00:00";"Kashi: Granola Bars: TLC Chewy, Honey Almond Flax";"1.0000";"bar (1.2 oz)";"140";"7";"5";"19";"5";"0";"4";"0";"115";"1"
"Heart Healthy";"Based on heart healthy diet emphasizing healthy fats, fish, whole grains, fruits and vegetables.";"2750";"Dinner";"19:00:00";"Athenos: Cheese: Feta, Crumbled, Traditional";".5000";"serving, 1/4 cup (1.2 oz)";"45";"4";"4";"1";"0";"13";"0";"50";"195";"2"
"Heart Healthy";"Based on heart healthy diet emphasizing healthy fats, fish, whole grains, fruits and vegetables.";"2750";"Dinner";"19:00:00";"Salmon, Atlantic, cooked";"6.0000";"oz";"350";"38";"21";"0";"0";"107";"0";"26";"104";"4"
"Heart Healthy";"Based on heart healthy diet emphasizing healthy fats, fish, whole grains, fruits and vegetables.";"2750";"Dinner";"19:00:00";"Brown rice, long-grain, cooked";"4.0000";"serving, 1/2 cup (3.4 oz)";"433";"10";"4";"90";"1";"0";"7";"39";"20";"1"
"Heart Healthy";"Based on heart healthy diet emphasizing healthy fats, fish, whole grains, fruits and vegetables.";"2750";"Dinner";"19:00:00";"Romaine Lettuce";"2.0000";"cup, shredded (1.7 oz)";"16";"1";"0";"3";"1";"0";"2";"31";"8";"0"
"Heart Healthy";"Based on heart healthy diet emphasizing healthy fats, fish, whole grains, fruits and vegetables.";"2750";"Dinner";"19:00:00";"Olives, Greek Black, ripe (Castella)";"1.0000";"serving (0.5 oz)";"35";"0";"3";"2";"0";"0";"0";"0";"320";"0"
"Heart Healthy";"Based on heart healthy diet emphasizing healthy fats, fish, whole grains, fruits and vegetables.";"2750";"Dinner";"19:00:00";"Silver Mine Subs: Salads: Condiments, Grape Tomatoes";"1.0000";"serving (0.5 oz)";"4";"0";"0";"1";"1";"0";"0";"0";"0";"0"
"Heart Healthy";"Based on heart healthy diet emphasizing healthy fats, fish, whole grains, fruits and vegetables.";"2750";"Dinner";"19:00:00";"Asparagus, boiled, drained";"2.0000";"serving, 4 spears, 1/2" base (2.1 oz)";"26";"3";"0";"5";"2";"0";"2";"28";"17";"0"
"Heart Healthy";"Based on heart healthy diet emphasizing healthy fats, fish, whole grains, fruits and vegetables.";"2750";"Dinner";"19:00:00";"Balsamic Vinaigrette Dressing (Annie's Naturals)";"1.0000";"serving, 2 tablespoons (1.0 oz)";"100";"0";"10";"3";"3";"0";"0";"0";"75";"1"
"Heart Healthy";"Based on heart healthy diet emphasizing healthy fats, fish, whole grains, fruits and vegetables.";"2750";"Dinner";"19:00:00";"Fresh Mango";".5000";"cup, sliced (5.8 oz)";"54";"0";"0";"14";"12";"0";"1";"8";"2";"0"
"Heart Healthy";"Based on heart healthy diet emphasizing healthy fats, fish, whole grains, fruits and vegetables.";"3000";"Breakfast";"07:00:00";"MaraNatha: Nut Spreads: Natural, Almond Butter, No Salt Added, Crunchy & Roasted";"1.0000";"serving, 2 tablespoons (1.1 oz)";"190";"7";"16";"6";"2";"0";"4";"80";"0";"1"
"Heart Healthy";"Based on heart healthy diet emphasizing healthy fats, fish, whole grains, fruits and vegetables.";"3000";"Breakfast";"07:00:00";"Organic Flaxseed Meal (Nature's Path)";"1.0000";"serving, 2 tablespoons (0.5 oz)";"70";"3";"5";"5";"0";"0";"4";"20";"5";"0"
"Heart Healthy";"Based on heart healthy diet emphasizing healthy fats, fish, whole grains, fruits and vegetables.";"3000";"Breakfast";"07:00:00";"100% Red Grape Juice (Welch's)";"1.0000";"serving (8.0 fl.oz)";"170";"0";"0";"44";"42";"0";"0";"0";"20";"0"
"Heart Healthy";"Based on heart healthy diet emphasizing healthy fats, fish, whole grains, fruits and vegetables.";"3000";"Breakfast";"07:00:00";"Low-Fat Yogurt, Fruit Flavored";"1.0000";"container (8.0 oz)";"232";"10";"2";"43";"43";"9";"0";"345";"132";"2"
"Heart Healthy";"Based on heart healthy diet emphasizing healthy fats, fish, whole grains, fruits and vegetables.";"3000";"Breakfast";"07:00:00";"Sprouted, with Grains as Referenced in Ezekiel 4:9";"1.0000";"bagel (3.4 oz)";"250";"11";"1";"49";"2";"0";"4";"0";"400";"0"
"Heart Healthy";"Based on heart healthy diet emphasizing healthy fats, fish, whole grains, fruits and vegetables.";"3000";"Morning Snack";"10:00:00";"C&W: Fruit Smoothies: Smoothie Makers, Fruit & Yogurt, Strawberry Banana";"2.0000";"serving, 1/2 cup (4.0 oz)";"160";"2";"3";"30";"20";"10";"4";"200";"100";"2"
"Heart Healthy";"Based on heart healthy diet emphasizing healthy fats, fish, whole grains, fruits and vegetables.";"3000";"Morning Snack";"10:00:00";"Grains: Wheat Germ, raw";".5000";"oz";"51";"3";"1";"7";"0";"0";"2";"6";"2";"0"
"Heart Healthy";"Based on heart healthy diet emphasizing healthy fats, fish, whole grains, fruits and vegetables.";"3000";"Lunch";"13:00:00";"Reduced-Fat or Light";"1.0000";"tablespoon (0.5 oz)";"49";"0";"5";"1";"1";"5";"0";"1";"101";"1"
"Heart Healthy";"Based on heart healthy diet emphasizing healthy fats, fish, whole grains, fruits and vegetables.";"3000";"Lunch";"13:00:00";"Tuna, Light, canned in water, drained";"1.0000";"can [12.5 oz], drained (11.1 oz)";"365";"80";"3";"0";"0";"95";"0";"35";"1065";"1"
"Heart Healthy";"Based on heart healthy diet emphasizing healthy fats, fish, whole grains, fruits and vegetables.";"3000";"Lunch";"13:00:00";"Cantaloupe Melons, raw";"1.0000";"cup, diced (5.5 oz)";"53";"1";"0";"14";"12";"0";"1";"14";"25";"0"
"Heart Healthy";"Based on heart healthy diet emphasizing healthy fats, fish, whole grains, fruits and vegetables.";"3000";"Lunch";"13:00:00";"Pita (Khoubiz, Pocket), Whole Wheat";"1.0000";"large, 6.5" dia (2.3 oz)";"170";"6";"2";"35";"1";"0";"5";"10";"340";"0"
"Heart Healthy";"Based on heart healthy diet emphasizing healthy fats, fish, whole grains, fruits and vegetables.";"3000";"Lunch";"13:00:00";"Grapes, Red or Green ";"1.0000";"cup, with seeds, yields (5.3 oz)";"104";"1";"0";"27";"23";"0";"1";"15";"3";"0"
"Heart Healthy";"Based on heart healthy diet emphasizing healthy fats, fish, whole grains, fruits and vegetables.";"3000";"Lunch";"13:00:00";"Skim Milk";"1.5000";"cup (8.6 oz)";"136";"13";"1";"18";"18";"7";"0";"474";"195";"1"
"Heart Healthy";"Based on heart healthy diet emphasizing healthy fats, fish, whole grains, fruits and vegetables.";"3000";"Afternoon Snack";"17:00:00";"Skinny Cow: Ice Cream Bars & Novelties: Sandwich, Low-Fat, Vanilla";"1.0000";"sandwich";"140";"3";"2";"30";"15";"1";"3";"80";"90";"1"
"Heart Healthy";"Based on heart healthy diet emphasizing healthy fats, fish, whole grains, fruits and vegetables.";"3000";"Dinner";"19:00:00";"Wegmans: Chicken: Breast Split, baked no skin";"5.0000";"oz";"200";"40";"2";"0";"0";"117";"0";"0";"108";"1"
"Heart Healthy";"Based on heart healthy diet emphasizing healthy fats, fish, whole grains, fruits and vegetables.";"3000";"Dinner";"19:00:00";"Lettuce, Cos or Romaine, raw";"3.0000";"cup, shredded (1.7 oz)";"24";"2";"0";"5";"2";"0";"3";"47";"11";"0"
"Heart Healthy";"Based on heart healthy diet emphasizing healthy fats, fish, whole grains, fruits and vegetables.";"3000";"Dinner";"19:00:00";"Walnuts";".2500";"cup, chopped (4.1 oz)";"191";"4";"19";"4";"1";"0";"2";"29";"1";"2"
"Heart Healthy";"Based on heart healthy diet emphasizing healthy fats, fish, whole grains, fruits and vegetables.";"3000";"Dinner";"19:00:00";"Wild Rice, cooked";"4.0000";"serving, 1/2 cup (2.9 oz)";"331";"13";"1";"70";"2";"0";"6";"10";"10";"0"
"Heart Healthy";"Based on heart healthy diet emphasizing healthy fats, fish, whole grains, fruits and vegetables.";"3000";"Dinner";"19:00:00";"Wish-Bone: Salad Dressings: Oil & Vinegar, Balsamic Vinaigrette";"1.0000";"serving, 2 tablespoons (1.0 fl.oz)";"50";"0";"5";"3";"3";"0";"0";"0";"280";"1"
"Heart Healthy";"Based on heart healthy diet emphasizing healthy fats, fish, whole grains, fruits and vegetables.";"3000";"Dinner";"19:00:00";"Skim Milk";"1.5000";"cup (8.6 oz)";"136";"13";"1";"18";"18";"7";"0";"474";"195";"1"
"Heart Healthy";"Based on heart healthy diet emphasizing healthy fats, fish, whole grains, fruits and vegetables.";"3000";"Dinner";"19:00:00";"Pears, all varieties, raw";"1.0000";"cup, slices (5.8 oz)";"96";"1";"0";"26";"16";"0";"5";"15";"2";"0"
"Heart Healthy";"Based on heart healthy diet emphasizing healthy fats, fish, whole grains, fruits and vegetables.";"3250";"Breakfast";"07:00:00";"EggBeaters: Egg Substitutes: Garden Vegetable";"2.0000";"serving, 1/4 cup (2.2 oz)";"60";"12";"0";"2";"0";"0";"0";"0";"320";"0"
"Heart Healthy";"Based on heart healthy diet emphasizing healthy fats, fish, whole grains, fruits and vegetables.";"3250";"Breakfast";"07:00:00";"Whole Wheat Waffles, Low-Fat, frozen (Eggo)";"2.0000";"serving, 2 waffles (2.5 oz)";"280";"10";"5";"56";"6";"0";"4";"200";"860";"1"
"Heart Healthy";"Based on heart healthy diet emphasizing healthy fats, fish, whole grains, fruits and vegetables.";"3250";"Breakfast";"07:00:00";"Fresh Blackberries";"1.0000";"cup (5.1 oz)";"62";"2";"1";"14";"7";"0";"8";"42";"1";"0"
"Heart Healthy";"Based on heart healthy diet emphasizing healthy fats, fish, whole grains, fruits and vegetables.";"3250";"Morning Snack";"10:00:00";"Fruit & Yogurt, Peach Smoothie (C&W)";"2.0000";"serving, 1/2 cup (4.0 oz)";"160";"4";"4";"30";"24";"20";"2";"300";"130";"2"
"Heart Healthy";"Based on heart healthy diet emphasizing healthy fats, fish, whole grains, fruits and vegetables.";"3250";"Morning Snack";"10:00:00";"Organic Flaxseed Meal (Nature's Path)";"1.0000";"serving, 2 tablespoons (0.5 oz)";"70";"3";"5";"5";"0";"0";"4";"20";"5";"0"
"Heart Healthy";"Based on heart healthy diet emphasizing healthy fats, fish, whole grains, fruits and vegetables.";"3250";"Lunch";"13:00:00";"Pumpkorn: Seeds: Pumpkin Original";"1.0000";"serving (1.0 oz)";"151";"9";"11";"4";"0";"0";"2";"0";"100";"2"
"Heart Healthy";"Based on heart healthy diet emphasizing healthy fats, fish, whole grains, fruits and vegetables.";"3250";"Lunch";"13:00:00";"Nuts: Hazelnuts or Filberts, dry roasted, no salt added";"1.0000";"serving, 18-20 nuts (1.0 oz)";"183";"4";"18";"5";"1";"0";"3";"35";"0";"1"
"Heart Healthy";"Based on heart healthy diet emphasizing healthy fats, fish, whole grains, fruits and vegetables.";"3250";"Lunch";"13:00:00";"Tomato, fresh";"5.0000";"wedge, 1/4 of medium tomato (1.1 oz)";"28";"1";"0";"6";"4";"0";"2";"16";"8";"0"
"Heart Healthy";"Based on heart healthy diet emphasizing healthy fats, fish, whole grains, fruits and vegetables.";"3250";"Lunch";"13:00:00";"Lentil Soup (Progresso)";"2.0000";"cup (8.5 oz)";"300";"18";"4";"56";"2";"0";"10";"80";"1740";"1"
"Heart Healthy";"Based on heart healthy diet emphasizing healthy fats, fish, whole grains, fruits and vegetables.";"3250";"Lunch";"13:00:00";"Olives, Greek Black, ripe (Castella)";"1.0000";"serving (0.5 oz)";"35";"0";"3";"2";"0";"0";"0";"0";"320";"0"
"Heart Healthy";"Based on heart healthy diet emphasizing healthy fats, fish, whole grains, fruits and vegetables.";"3250";"Lunch";"13:00:00";"Salad: Fancy Field Greens (Fresh Express)";"1.0000";"serving, 3 cups (3.0 oz)";"20";"1";"0";"3";"1";"0";"2";"20";"15";"0"
"Heart Healthy";"Based on heart healthy diet emphasizing healthy fats, fish, whole grains, fruits and vegetables.";"3250";"Lunch";"13:00:00";"Pears, all varieties, raw";"1.0000";"pear, medium, approx 2-1/2 per lb (5.9 oz)";"96";"1";"0";"26";"16";"0";"5";"15";"2";"0"
"Heart Healthy";"Based on heart healthy diet emphasizing healthy fats, fish, whole grains, fruits and vegetables.";"3250";"Lunch";"13:00:00";"Parmesan Cheese, shredded";"2.0000";"tablespoon (0.2 oz)";"42";"4";"3";"0";"0";"7";"0";"125";"170";"2"
"Heart Healthy";"Based on heart healthy diet emphasizing healthy fats, fish, whole grains, fruits and vegetables.";"3250";"Lunch";"13:00:00";"AK-Mak Bakeries: Crackers: 100% Whole Wheat Crackers, low-fat";"1.0000";"serving, 5 crackers (1.0 oz)";"116";"5";"2";"19";"2";"0";"4";"0";"213";"0"
"Heart Healthy";"Based on heart healthy diet emphasizing healthy fats, fish, whole grains, fruits and vegetables.";"3250";"Afternoon Snack";"17:00:00";"Almonds, dry roasted w. salt added";"1.0000";"serving, 24-28 medium kernels (1.0 oz)";"169";"6";"15";"5";"1";"0";"3";"75";"96";"1"
"Heart Healthy";"Based on heart healthy diet emphasizing healthy fats, fish, whole grains, fruits and vegetables.";"3250";"Afternoon Snack";"17:00:00";"Frigo: Cheese: Snacks, Cheese Heads, String Swirls, Mozzarella & Cheddar";"1.0000";"piece (1.0 oz)";"45";"7";"5";"1";"0";"15";"0";"20";"280";"3"
"Heart Healthy";"Based on heart healthy diet emphasizing healthy fats, fish, whole grains, fruits and vegetables.";"3250";"Dinner";"19:00:00";"DeBoles: Pasta, Spaghetti, Macaroni: Organic Long, Angel Hair, Whole Wheat";"2.0000";"serving, 1/4 package (2.0 oz)";"420";"14";"3";"84";"4";"0";"10";"40";"20";"0"
"Heart Healthy";"Based on heart healthy diet emphasizing healthy fats, fish, whole grains, fruits and vegetables.";"3250";"Dinner";"19:00:00";"Extra Virgin Olive Oil";"1.0000";"tablespoon (0.5 fl.oz)";"120";"0";"14";"0";"0";"0";"0";"0";"0";"2"
"Heart Healthy";"Based on heart healthy diet emphasizing healthy fats, fish, whole grains, fruits and vegetables.";"3250";"Dinner";"19:00:00";"Honeydew Melon";"1.0000";"cup, balls (6.2 oz)";"64";"1";"0";"16";"14";"0";"1";"11";"32";"0"
"Heart Healthy";"Based on heart healthy diet emphasizing healthy fats, fish, whole grains, fruits and vegetables.";"3250";"Dinner";"19:00:00";"Squash, winter/acorn, baked";"1.0000";"serving, 1/2 medium (7.1 oz)";"112";"2";"0";"29";"0";"0";"9";"88";"8";"0"
"Heart Healthy";"Based on heart healthy diet emphasizing healthy fats, fish, whole grains, fruits and vegetables.";"3250";"Dinner";"19:00:00";"Omaha Steaks: Fish, Fresh: Halibut Steaks";"1.0000";"serving (6.0 oz)";"180";"34";"4";"0";"0";"55";"0";"0";"100";"1"
"Heart Healthy";"Based on heart healthy diet emphasizing healthy fats, fish, whole grains, fruits and vegetables.";"3250";"Evening Snack";"21:00:00";"Peanut Butter, Creamy";"2.0000";"serving, 2 tablespoons (1.1 oz)";"420";"16";"32";"12";"2";"0";"4";"0";"240";"5"
"Heart Healthy";"Based on heart healthy diet emphasizing healthy fats, fish, whole grains, fruits and vegetables.";"3250";"Evening Snack";"21:00:00";"Apple";"1.0000";"large, 3-1/4" dia, approx 2 per lb (7.5 oz)";"110";"1";"0";"29";"22";"0";"5";"13";"2";"0"
"Heart Healthy";"Based on heart healthy diet emphasizing healthy fats, fish, whole grains, fruits and vegetables.";"3500";"Breakfast";"07:00:00";"Skim Milk";"4.0000";"1/2 cup";"180";"16";"0";"28";"24";"12";"0";"120";"260";"0"
"Heart Healthy";"Based on heart healthy diet emphasizing healthy fats, fish, whole grains, fruits and vegetables.";"3500";"Breakfast";"07:00:00";"Strawberries, fresh";"1.0000";"cup, sliced (5.9 oz)";"53";"1";"0";"13";"8";"0";"3";"27";"2";"0"
"Heart Healthy";"Based on heart healthy diet emphasizing healthy fats, fish, whole grains, fruits and vegetables.";"3500";"Breakfast";"07:00:00";"General Mills: Breakfast Cereals, Ready To Eat: Cheerios, Yogurt Burst, Strawberry";"2.0000";"serving, 3/4 cup (1.1 oz)";"240";"4";"3";"48";"22";"0";"4";"200";"380";"1"
"Heart Healthy";"Based on heart healthy diet emphasizing healthy fats, fish, whole grains, fruits and vegetables.";"3500";"Morning Snack";"10:00:00";"100% Red Grape Juice (Welch's)";"1.0000";"serving (8.0 fl.oz)";"170";"0";"0";"44";"42";"0";"0";"0";"20";"0"
"Heart Healthy";"Based on heart healthy diet emphasizing healthy fats, fish, whole grains, fruits and vegetables.";"3500";"Morning Snack";"10:00:00";"Low-Fat Yogurt, Fruit Flavored";"1.0000";"container (8.0 oz)";"232";"10";"2";"43";"43";"9";"0";"345";"132";"2"
"Heart Healthy";"Based on heart healthy diet emphasizing healthy fats, fish, whole grains, fruits and vegetables.";"3500";"Morning Snack";"10:00:00";"General Mills: Breakfast Cereals, Ready To Eat: Fiber One";"1.0000";"oz";"57";"2";"1";"24";"0";"0";"13";"95";"99";"0"
"Heart Healthy";"Based on heart healthy diet emphasizing healthy fats, fish, whole grains, fruits and vegetables.";"3500";"Lunch";"13:00:00";"Hellmann's: Mayonnaise: Canola Real";"4.0000";"tablespoon (0.5 oz)";"360";"0";"40";"0";"0";"20";"0";"0";"360";"4"
"Heart Healthy";"Based on heart healthy diet emphasizing healthy fats, fish, whole grains, fruits and vegetables.";"3500";"Lunch";"13:00:00";"Celery, raw";".1250";"cup, chopped (3.6 oz)";"2";"0";"0";"0";"0";"0";"0";"5";"10";"0"
"Heart Healthy";"Based on heart healthy diet emphasizing healthy fats, fish, whole grains, fruits and vegetables.";"3500";"Lunch";"13:00:00";"Romaine Lettuce";"2.0000";"leaf, inner (0.2 oz)";"2";"0";"0";"0";"0";"0";"0";"4";"1";"0"
"Heart Healthy";"Based on heart healthy diet emphasizing healthy fats, fish, whole grains, fruits and vegetables.";"3500";"Lunch";"13:00:00";"Onions, all types, raw/cooked";".1250";"cup, chopped (5.6 oz)";"8";"0";"0";"2";"1";"0";"0";"4";"1";"0"
"Heart Healthy";"Based on heart healthy diet emphasizing healthy fats, fish, whole grains, fruits and vegetables.";"3500";"Lunch";"13:00:00";"Bell Pepper, raw";".1250";"cup, chopped (5.3 oz)";"4";"0";"0";"1";"0";"0";"0";"2";"1";"0"
"Heart Healthy";"Based on heart healthy diet emphasizing healthy fats, fish, whole grains, fruits and vegetables.";"3500";"Lunch";"13:00:00";"Whole Wheat Pita Bread (Khoubiz)";"1.0000";"large, 6-1/2" dia (2.3 oz)";"170";"6";"2";"35";"1";"0";"5";"10";"340";"0"
"Heart Healthy";"Based on heart healthy diet emphasizing healthy fats, fish, whole grains, fruits and vegetables.";"3500";"Lunch";"13:00:00";"Fish, Canned, Packaged: Salmon, pink, solids w. bone & liquid";"5.0000";"oz";"197";"28";"9";"0";"0";"78";"0";"302";"785";"2"
"Heart Healthy";"Based on heart healthy diet emphasizing healthy fats, fish, whole grains, fruits and vegetables.";"3500";"Lunch";"13:00:00";"Fruit, Fresh: Cherries, sweet, raw, edible portion";"1.0000";"cup, without pits (5.1 oz)";"91";"2";"0";"23";"19";"0";"3";"19";"0";"0"
"Heart Healthy";"Based on heart healthy diet emphasizing healthy fats, fish, whole grains, fruits and vegetables.";"3500";"Lunch";"13:00:00";"Skim Milk";"4.0000";"1/2 cup";"180";"16";"0";"28";"24";"12";"0";"120";"260";"0"
"Heart Healthy";"Based on heart healthy diet emphasizing healthy fats, fish, whole grains, fruits and vegetables.";"3500";"Afternoon Snack";"17:00:00";"Skim Milk";"1.0000";"cup (8.6 oz)";"91";"9";"1";"12";"12";"5";"0";"316";"130";"0"
"Heart Healthy";"Based on heart healthy diet emphasizing healthy fats, fish, whole grains, fruits and vegetables.";"3500";"Afternoon Snack";"17:00:00";"Harvey's: Breakfast: Toast, Whole Wheat";"1.0000";"serving, 2 slices (2.5 oz)";"170";"7";"2";"32";"2";"0";"3";"40";"320";"0"
"Heart Healthy";"Based on heart healthy diet emphasizing healthy fats, fish, whole grains, fruits and vegetables.";"3500";"Afternoon Snack";"17:00:00";"Nutella: Nut Spreads: Hazelnut Spread";"2.0000";"tablespoon (0.7 oz)";"200";"2";"11";"23";"20";"0";"2";"40";"15";"2"
"Heart Healthy";"Based on heart healthy diet emphasizing healthy fats, fish, whole grains, fruits and vegetables.";"3500";"Dinner";"19:00:00";"Ready Pac: Salads: Fast 'n Fresh, Green Beans, cooked";"1.0000";"cup (3.0 oz)";"30";"2";"0";"7";"1";"0";"3";"40";"0";"0"
"Heart Healthy";"Based on heart healthy diet emphasizing healthy fats, fish, whole grains, fruits and vegetables.";"3500";"Dinner";"19:00:00";"Near East: Couscous: Roasted Garlic & Olive Oil, prepared as directed";"1.0000";"cup";"220";"8";"5";"39";"1";"0";"2";"20";"570";"1"
"Heart Healthy";"Based on heart healthy diet emphasizing healthy fats, fish, whole grains, fruits and vegetables.";"3500";"Dinner";"19:00:00";"Chipotle: Meal Components: Black Beans";"1.0000";"serving (4.0 oz)";"130";"9";"1";"22";"0";"0";"5";"0";"318";"1"
"Heart Healthy";"Based on heart healthy diet emphasizing healthy fats, fish, whole grains, fruits and vegetables.";"3500";"Dinner";"19:00:00";"Olive oil";"1.0000";"tablespoon (0.5 oz)";"119";"0";"14";"0";"0";"0";"0";"0";"0";"2"
"Heart Healthy";"Based on heart healthy diet emphasizing healthy fats, fish, whole grains, fruits and vegetables.";"3500";"Dinner";"19:00:00";"Skim Milk";"4.0000";"1/2 cup";"180";"16";"0";"28";"24";"12";"0";"120";"260";"0"
"Heart Healthy";"Based on heart healthy diet emphasizing healthy fats, fish, whole grains, fruits and vegetables.";"3500";"Dinner";"19:00:00";"Chicken Breast, meat only, grilled/roasted/baked";"2.0000";"serving, 1/2 breast (3.0 oz)";"284";"53";"6";"0";"0";"146";"0";"26";"127";"2"
"Heart Healthy";"Based on heart healthy diet emphasizing healthy fats, fish, whole grains, fruits and vegetables.";"3500";"Evening Snack";"21:00:00";"Ocean Spray: Fruit, Dried: Craisins, Sweetened Dried Cranberries";"1.0000";"serving, 1/3 cup (1.5 oz)";"138";"0";"1";"37";"29";"0";"4";"0";"1";"0"
"Heart Healthy";"Based on heart healthy diet emphasizing healthy fats, fish, whole grains, fruits and vegetables.";"3500";"Evening Snack";"21:00:00";"Walnuts";"1.0000";"serving, 7 nuts (1.0 oz)";"183";"4";"18";"4";"1";"0";"2";"27";"1";"2"
"Heart Healthy";"Based on heart healthy diet emphasizing healthy fats, fish, whole grains, fruits and vegetables.";"3750";"Breakfast";"07:00:00";"Muffins: English, whole wheat";"2.0000";"muffin (2.3 oz)";"268";"12";"3";"53";"11";"0";"9";"350";"841";"0"
"Heart Healthy";"Based on heart healthy diet emphasizing healthy fats, fish, whole grains, fruits and vegetables.";"3750";"Breakfast";"07:00:00";"Nutella: Nut Spreads: Hazelnut Spread";"2.0000";"serving, 2 tablespoons (1.3 oz)";"400";"4";"22";"46";"40";"0";"4";"80";"30";"4"
"Heart Healthy";"Based on heart healthy diet emphasizing healthy fats, fish, whole grains, fruits and vegetables.";"3750";"Breakfast";"07:00:00";"Banana";"1.0000";"cup, sliced (5.3 oz)";"134";"2";"0";"34";"18";"0";"4";"8";"2";"0"
"Heart Healthy";"Based on heart healthy diet emphasizing healthy fats, fish, whole grains, fruits and vegetables.";"3750";"Breakfast";"07:00:00";"Low-Fat Yogurt, Fruit Flavored";"1.0000";"container (8.0 oz)";"232";"10";"2";"43";"43";"9";"0";"345";"132";"2"
"Heart Healthy";"Based on heart healthy diet emphasizing healthy fats, fish, whole grains, fruits and vegetables.";"3750";"Lunch";"13:00:00";"Pepperidge Farm: Breads: Whole Grain, 100% Whole Wheat";"2.0000";"slice";"220";"8";"3";"40";"8";"0";"6";"80";"300";"1"
"Heart Healthy";"Based on heart healthy diet emphasizing healthy fats, fish, whole grains, fruits and vegetables.";"3750";"Lunch";"13:00:00";"AK-Mak Bakeries: Crackers: 100% Whole Wheat Crackers, low-fat";"2.0000";"serving, 5 crackers (1.0 oz)";"232";"9";"4";"38";"4";"0";"7";"0";"426";"0"
"Heart Healthy";"Based on heart healthy diet emphasizing healthy fats, fish, whole grains, fruits and vegetables.";"3750";"Lunch";"13:00:00";"Strawberry Jelly";"1.0000";"tablespoon (0.7 oz)";"50";"0";"0";"13";"12";"0";"0";"0";"0";"0"
"Heart Healthy";"Based on heart healthy diet emphasizing healthy fats, fish, whole grains, fruits and vegetables.";"3750";"Lunch";"13:00:00";"Peanut Butter, Creamy";"2.0000";"serving, 2 tablespoons (1.1 oz)";"420";"16";"32";"12";"2";"0";"4";"0";"240";"5"
"Heart Healthy";"Based on heart healthy diet emphasizing healthy fats, fish, whole grains, fruits and vegetables.";"3750";"Lunch";"13:00:00";"Soups: Ready-to-Serve, Vegetable, Chunky, canned";"2.0000";"cup (8.5 oz)";"245";"7";"7";"38";"8";"0";"2";"110";"2021";"1"
"Heart Healthy";"Based on heart healthy diet emphasizing healthy fats, fish, whole grains, fruits and vegetables.";"3750";"Lunch";"13:00:00";"Skim Milk";"4.0000";"1/2 cup";"180";"16";"0";"28";"24";"12";"0";"120";"260";"0"
"Heart Healthy";"Based on heart healthy diet emphasizing healthy fats, fish, whole grains, fruits and vegetables.";"3750";"Lunch";"13:00:00";"Peach";"1.0000";"large, 2-3/4" dia, approx 2-1/2 per lb (5.5 oz)";"61";"1";"0";"15";"13";"0";"2";"9";"0";"0"
"Heart Healthy";"Based on heart healthy diet emphasizing healthy fats, fish, whole grains, fruits and vegetables.";"3750";"Dinner";"19:00:00";"Fruit, Fresh: Lemon Peel / Zest, raw";".2500";"teaspoon (0.1 oz)";"0";"0";"0";"0";"0";"0";"0";"1";"0";"0"
"Heart Healthy";"Based on heart healthy diet emphasizing healthy fats, fish, whole grains, fruits and vegetables.";"3750";"Dinner";"19:00:00";"Herbs & Spices: Dill Weed, dried";".2500";"teaspoon (0.0 oz)";"1";"0";"0";"0";"0";"0";"0";"4";"1";"0"
"Heart Healthy";"Based on heart healthy diet emphasizing healthy fats, fish, whole grains, fruits and vegetables.";"3750";"Dinner";"19:00:00";"Extra Virgin Olive Oil";".2500";"tablespoon (0.5 fl.oz)";"30";"0";"4";"0";"0";"0";"0";"0";"0";"1"
"Heart Healthy";"Based on heart healthy diet emphasizing healthy fats, fish, whole grains, fruits and vegetables.";"3750";"Dinner";"19:00:00";"Fish, Fresh: Trout, rainbow, wild, cooked, dry heat";"8.0000";"oz";"340";"52";"13";"0";"0";"156";"0";"195";"127";"4"
"Heart Healthy";"Based on heart healthy diet emphasizing healthy fats, fish, whole grains, fruits and vegetables.";"3750";"Dinner";"19:00:00";"Avocados, all types ";".5000";"cup, sliced (5.1 oz)";"117";"1";"11";"6";"0";"0";"5";"9";"5";"2"
"Heart Healthy";"Based on heart healthy diet emphasizing healthy fats, fish, whole grains, fruits and vegetables.";"3750";"Dinner";"19:00:00";"Cucumber, peeled, raw";".2500";"cup, sliced (4.2 oz)";"4";"0";"0";"1";"0";"0";"0";"4";"1";"0"
"Heart Healthy";"Based on heart healthy diet emphasizing healthy fats, fish, whole grains, fruits and vegetables.";"3750";"Dinner";"19:00:00";"Vegetables, Fresh: Peas, green, boiled, drained, no salt added";"1.0000";"cup (5.6 oz)";"134";"9";"0";"25";"9";"0";"9";"43";"5";"0"
"Heart Healthy";"Based on heart healthy diet emphasizing healthy fats, fish, whole grains, fruits and vegetables.";"3750";"Dinner";"19:00:00";"Vegetables, Fresh: Potatoes, russet, flesh & skin, baked";"1.0000";"large, 3" to 4-1/4" dia (10.5 oz)";"290";"8";"0";"64";"3";"0";"7";"54";"24";"0"
"Heart Healthy";"Based on heart healthy diet emphasizing healthy fats, fish, whole grains, fruits and vegetables.";"3750";"Dinner";"19:00:00";"Margarine, Premium Non-Hydrogenated w. Flaxseed Oil (Canola Harvest)";".6700";"tablespoon (0.5 oz)";"67";"0";"7";"0";"0";"0";"0";"0";"67";"1"
"Heart Healthy";"Based on heart healthy diet emphasizing healthy fats, fish, whole grains, fruits and vegetables.";"3750";"Dinner";"19:00:00";"Salsa";".5000";"cup (9.1 oz)";"35";"2";"0";"8";"4";"0";"2";"35";"777";"0"
"Heart Healthy";"Based on heart healthy diet emphasizing healthy fats, fish, whole grains, fruits and vegetables.";"3750";"Evening Snack";"21:00:00";"Yogurt, Plain, Low-Fat";".5000";"serving, 1/2 container (4.0 oz)";"36";"3";"1";"4";"4";"3";"0";"103";"40";"1"
"Heart Healthy";"Based on heart healthy diet emphasizing healthy fats, fish, whole grains, fruits and vegetables.";"3750";"Evening Snack";"21:00:00";"Almonds, dry roasted, no salt added";"1.0000";"serving, 24-28 medium kernels (1.0 oz)";"169";"6";"15";"5";"1";"0";"3";"75";"0";"1"
"Heart Healthy";"Based on heart healthy diet emphasizing healthy fats, fish, whole grains, fruits and vegetables.";"3750";"Evening Snack";"21:00:00";"Strawberries, fresh";"2.0000";"cup, whole (5.1 oz)";"92";"2";"1";"22";"13";"0";"6";"46";"3";"0"
"Heart Healthy";"Based on heart healthy diet emphasizing healthy fats, fish, whole grains, fruits and vegetables.";"4000";"Breakfast";"07:00:00";"Sprouted, with Grains as Referenced in Ezekiel 4:9";"1.0000";"bagel (3.4 oz)";"250";"11";"1";"49";"2";"0";"4";"0";"400";"0"
"Heart Healthy";"Based on heart healthy diet emphasizing healthy fats, fish, whole grains, fruits and vegetables.";"4000";"Breakfast";"07:00:00";"Bananas, raw";"1.0000";"small, 6" to 6-7/8" long (3.6 oz)";"90";"1";"0";"23";"12";"0";"3";"5";"1";"0"
"Heart Healthy";"Based on heart healthy diet emphasizing healthy fats, fish, whole grains, fruits and vegetables.";"4000";"Breakfast";"07:00:00";"100% Red Grape Juice (Welch's)";"1.0000";"serving (8.0 fl.oz)";"170";"0";"0";"44";"42";"0";"0";"0";"20";"0"
"Heart Healthy";"Based on heart healthy diet emphasizing healthy fats, fish, whole grains, fruits and vegetables.";"4000";"Breakfast";"07:00:00";"Fresh Blackberries";"1.0000";"cup (5.1 oz)";"62";"2";"1";"14";"7";"0";"8";"42";"1";"0"
"Heart Healthy";"Based on heart healthy diet emphasizing healthy fats, fish, whole grains, fruits and vegetables.";"4000";"Breakfast";"07:00:00";"Almond Butter, Unsalted";"2.0000";"tablespoon (0.6 oz)";"203";"5";"19";"7";"";"0";"1";"86";"4";"2"
"Heart Healthy";"Based on heart healthy diet emphasizing healthy fats, fish, whole grains, fruits and vegetables.";"4000";"Lunch";"13:00:00";"Skim Milk";"4.0000";"1/2 cup";"180";"16";"0";"28";"24";"12";"0";"120";"260";"0"
"Heart Healthy";"Based on heart healthy diet emphasizing healthy fats, fish, whole grains, fruits and vegetables.";"4000";"Lunch";"13:00:00";"Pears, all varieties, raw";"1.0000";"pear, large, approx 2 per lb (7.4 oz)";"121";"1";"0";"32";"20";"0";"6";"19";"2";"0"
"Heart Healthy";"Based on heart healthy diet emphasizing healthy fats, fish, whole grains, fruits and vegetables.";"4000";"Lunch";"13:00:00";"Tomato Basil Soup (Progresso)";"2.0000";"cup (8.6 oz)";"320";"4";"6";"60";"32";"0";"2";"40";"1920";"1"
"Heart Healthy";"Based on heart healthy diet emphasizing healthy fats, fish, whole grains, fruits and vegetables.";"4000";"Lunch";"13:00:00";"Sandwiches, Wraps: Sandwich, Grilled Cheese (3 oz) w. 3 oz Bread";"2.0000";"sandwich";"1340";"52";"92";"80";"16";"150";"8";"1160";"1870";"34"
"Heart Healthy";"Based on heart healthy diet emphasizing healthy fats, fish, whole grains, fruits and vegetables.";"4000";"Dinner";"19:00:00";"Beets, boiled, drained";"2.0000";"serving, 1/2 cup slices (3.0 oz)";"75";"3";"0";"17";"14";"0";"3";"27";"131";"0"
"Heart Healthy";"Based on heart healthy diet emphasizing healthy fats, fish, whole grains, fruits and vegetables.";"4000";"Dinner";"19:00:00";"Extra Virgin Olive Oil";"1.0000";"tablespoon (0.5 fl.oz)";"120";"0";"14";"0";"0";"0";"0";"0";"0";"2"
"Heart Healthy";"Based on heart healthy diet emphasizing healthy fats, fish, whole grains, fruits and vegetables.";"4000";"Dinner";"19:00:00";"Skim Milk";"4.0000";"1/2 cup";"180";"16";"0";"28";"24";"12";"0";"120";"260";"0"
"Heart Healthy";"Based on heart healthy diet emphasizing healthy fats, fish, whole grains, fruits and vegetables.";"4000";"Dinner";"19:00:00";"Brown, Long Grain, cooked";"2.0000";"cup (6.9 oz)";"433";"10";"4";"90";"1";"0";"7";"39";"20";"1"
"Heart Healthy";"Based on heart healthy diet emphasizing healthy fats, fish, whole grains, fruits and vegetables.";"4000";"Dinner";"19:00:00";"Orange";"1.0000";"cup, sections (6.3 oz)";"85";"2";"0";"21";"17";"0";"4";"72";"0";"0"
"Heart Healthy";"Based on heart healthy diet emphasizing healthy fats, fish, whole grains, fruits and vegetables.";"4000";"Dinner";"19:00:00";"Salmon, Atlantic, cooked with dry heat";"1.5000";"serving (4 oz)";"349";"37";"21";"0";"";"107";"0";"25";"103";"4"
"Heart Healthy";"Based on heart healthy diet emphasizing healthy fats, fish, whole grains, fruits and vegetables.";"4250";"Breakfast";"07:00:00";"Walnuts";"2.0000";"serving, 7 nuts (1.0 oz)";"366";"9";"37";"8";"1";"0";"4";"55";"1";"3"
"Heart Healthy";"Based on heart healthy diet emphasizing healthy fats, fish, whole grains, fruits and vegetables.";"4250";"Breakfast";"07:00:00";"Fruit, Fresh: Watermelon, raw, edible portion";"1.0000";"cup, balls (5.4 oz)";"46";"1";"0";"12";"10";"0";"1";"11";"2";"0"
"Heart Healthy";"Based on heart healthy diet emphasizing healthy fats, fish, whole grains, fruits and vegetables.";"4250";"Breakfast";"07:00:00";"Oats/oatmeal, cooked (all types)";"3.0000";"serving, 3/4 cup (6.2 oz)";"331";"14";"5";"57";"1";"0";"9";"42";"5";"1"
"Heart Healthy";"Based on heart healthy diet emphasizing healthy fats, fish, whole grains, fruits and vegetables.";"4250";"Breakfast";"07:00:00";"Raisins, seedless";".5000";"cup, not packed (5.1 oz)";"217";"2";"0";"57";"43";"0";"3";"36";"8";"0"
"Heart Healthy";"Based on heart healthy diet emphasizing healthy fats, fish, whole grains, fruits and vegetables.";"4250";"Breakfast";"07:00:00";"Skim Milk";"4.0000";"1/2 cup";"180";"16";"0";"28";"24";"12";"0";"120";"260";"0"
"Heart Healthy";"Based on heart healthy diet emphasizing healthy fats, fish, whole grains, fruits and vegetables.";"4250";"Lunch";"13:00:00";"Skim Milk";"4.0000";"1/2 cup";"180";"16";"0";"28";"24";"12";"0";"120";"260";"0"
"Heart Healthy";"Based on heart healthy diet emphasizing healthy fats, fish, whole grains, fruits and vegetables.";"4250";"Lunch";"13:00:00";"Tomato, fresh";"2.0000";"slice, thick/large, 1/2" thick (1.0 oz)";"10";"0";"0";"2";"1";"0";"1";"5";"3";"0"
"Heart Healthy";"Based on heart healthy diet emphasizing healthy fats, fish, whole grains, fruits and vegetables.";"4250";"Lunch";"13:00:00";"Low-Fat Yogurt, Fruit Flavored";"1.0000";"container (8.0 oz)";"232";"10";"2";"43";"43";"9";"0";"345";"132";"2"
"Heart Healthy";"Based on heart healthy diet emphasizing healthy fats, fish, whole grains, fruits and vegetables.";"4250";"Lunch";"13:00:00";"Hamburger Bun, 100% Whole Wheat (Pepperidge Farm)";"2.0000";"bun";"240";"12";"4";"36";"6";"0";"4";"80";"380";"0"
"Heart Healthy";"Based on heart healthy diet emphasizing healthy fats, fish, whole grains, fruits and vegetables.";"4250";"Lunch";"13:00:00";"Romaine Lettuce";"4.0000";"leaf, inner (0.2 oz)";"4";"0";"0";"1";"0";"0";"1";"8";"2";"0"
"Heart Healthy";"Based on heart healthy diet emphasizing healthy fats, fish, whole grains, fruits and vegetables.";"4250";"Lunch";"13:00:00";"Avocados, all types ";".5000";"cup, sliced (5.1 oz)";"117";"1";"11";"6";"0";"0";"5";"9";"5";"2"
"Heart Healthy";"Based on heart healthy diet emphasizing healthy fats, fish, whole grains, fruits and vegetables.";"4250";"Lunch";"13:00:00";"Almonds, dry roasted, no salt added";"1.0000";"serving, 24-28 medium kernels (1.0 oz)";"169";"6";"15";"5";"1";"0";"3";"75";"0";"1"
"Heart Healthy";"Based on heart healthy diet emphasizing healthy fats, fish, whole grains, fruits and vegetables.";"4250";"Lunch";"13:00:00";"Boca Burger: Vegetarian Meals: Organic Soy Products, Burger Patties, Garden Vegetable";"2.0000";"burger (2.5 oz)";"260";"30";"6";"18";"4";"0";"8";"200";"800";"0"
"Heart Healthy";"Based on heart healthy diet emphasizing healthy fats, fish, whole grains, fruits and vegetables.";"4250";"Lunch";"13:00:00";"Apple";"1.0000";"large, 3-1/4" dia, approx 2 per lb (7.5 oz)";"110";"1";"0";"29";"22";"0";"5";"13";"2";"0"
"Heart Healthy";"Based on heart healthy diet emphasizing healthy fats, fish, whole grains, fruits and vegetables.";"4250";"Dinner";"19:00:00";"Extra Virgin Olive Oil";"2.0000";"tablespoon (0.5 fl.oz)";"240";"0";"28";"0";"0";"0";"0";"0";"0";"4"
"Heart Healthy";"Based on heart healthy diet emphasizing healthy fats, fish, whole grains, fruits and vegetables.";"4250";"Dinner";"19:00:00";"Nuts: Cashews, dry roasted w. salt added";"1.0000";"serving, 14 large (1.0 oz)";"163";"4";"13";"9";"1";"0";"1";"13";"182";"3"
"Heart Healthy";"Based on heart healthy diet emphasizing healthy fats, fish, whole grains, fruits and vegetables.";"4250";"Dinner";"19:00:00";"Fruit, Fresh: Persimmons, Japanese, raw, edible portion";"1.0000";"fruit, 2-1/2" dia (5.9 oz)";"118";"1";"0";"31";"21";"0";"6";"13";"2";"0"
"Heart Healthy";"Based on heart healthy diet emphasizing healthy fats, fish, whole grains, fruits and vegetables.";"4250";"Dinner";"19:00:00";"Skim Milk";"1.0000";"cup (8.6 oz)";"91";"9";"1";"12";"12";"5";"0";"316";"130";"0"
"Heart Healthy";"Based on heart healthy diet emphasizing healthy fats, fish, whole grains, fruits and vegetables.";"4250";"Dinner";"19:00:00";"Brown rice, long-grain, cooked";"2.0000";"cup (6.9 oz)";"433";"10";"4";"90";"1";"0";"7";"39";"20";"1"
"Heart Healthy";"Based on heart healthy diet emphasizing healthy fats, fish, whole grains, fruits and vegetables.";"4250";"Dinner";"19:00:00";"Soy sauce, low sodium";"2.0000";"tablespoon (0.6 oz)";"19";"2";"0";"3";"1";"0";"0";"6";"1200";"0"
"Heart Healthy";"Based on heart healthy diet emphasizing healthy fats, fish, whole grains, fruits and vegetables.";"4250";"Dinner";"19:00:00";"Thai: Meals: Stir-Fry, Vegetables";"2.0000";"cup";"200";"5";"4";"36";"0";"0";"0";"0";"0";"0"
"Heart Healthy";"Based on heart healthy diet emphasizing healthy fats, fish, whole grains, fruits and vegetables.";"4250";"Dinner";"19:00:00";"Tofu Products: Firm, raw";"3.0000";"serving, 1/2 cup (4.4 oz)";"548";"60";"33";"16";"0";"0";"9";"2582";"53";"5"
"Heart Healthy";"Based on heart healthy diet emphasizing healthy fats, fish, whole grains, fruits and vegetables.";"4500";"Breakfast";"07:00:00";"Pineapple, fresh";"2.0000";"cup, diced (5.5 oz)";"149";"2";"0";"39";"29";"0";"4";"40";"3";"0"
"Heart Healthy";"Based on heart healthy diet emphasizing healthy fats, fish, whole grains, fruits and vegetables.";"4500";"Breakfast";"07:00:00";"Low-Fat Yogurt, Fruit Flavored";"1.0000";"container (8.0 oz)";"232";"10";"2";"43";"43";"9";"0";"345";"132";"2"
"Heart Healthy";"Based on heart healthy diet emphasizing healthy fats, fish, whole grains, fruits and vegetables.";"4500";"Breakfast";"07:00:00";"Fiber One: Breakfast Cereals, Ready To Eat: Raisin Bran Clusters";"2.0000";"cup (1.9 oz)";"340";"8";"2";"90";"26";"0";"22";"200";"520";"0"
"Heart Healthy";"Based on heart healthy diet emphasizing healthy fats, fish, whole grains, fruits and vegetables.";"4500";"Breakfast";"07:00:00";"Skim Milk";"4.0000";"1/2 cup";"180";"16";"0";"28";"24";"12";"0";"120";"260";"0"
"Heart Healthy";"Based on heart healthy diet emphasizing healthy fats, fish, whole grains, fruits and vegetables.";"4500";"Breakfast";"07:00:00";"Almonds, dry roasted, no salt added";"1.0000";"serving, 24-28 medium kernels (1.0 oz)";"169";"6";"15";"5";"1";"0";"3";"75";"0";"1"
"Heart Healthy";"Based on heart healthy diet emphasizing healthy fats, fish, whole grains, fruits and vegetables.";"4500";"Lunch";"13:00:00";"Sargento: Cheese: Reduced-Fat, 4 Cheese Mexican, shredded";"2.0000";"serving, 1/4 cup (1.0 oz)";"160";"16";"12";"1";"0";"40";"0";"500";"400";"6"
"Heart Healthy";"Based on heart healthy diet emphasizing healthy fats, fish, whole grains, fruits and vegetables.";"4500";"Lunch";"13:00:00";"Black Beans";"2.0000";"half cup (4.5 oz)";"200";"12";"1";"38";"2";"0";"16";"";"800";"0"
"Heart Healthy";"Based on heart healthy diet emphasizing healthy fats, fish, whole grains, fruits and vegetables.";"4500";"Lunch";"13:00:00";"Skim Milk";"4.0000";"1/2 cup";"180";"16";"0";"28";"24";"12";"0";"120";"260";"0"
"Heart Healthy";"Based on heart healthy diet emphasizing healthy fats, fish, whole grains, fruits and vegetables.";"4500";"Lunch";"13:00:00";"Rice-A-Roni: Packaged Meals: Classic Favorites, Mexican Style, prep. as directed";"1.0000";"cup, prepared";"250";"6";"8";"40";"3";"0";"2";"20";"820";"2"
"Heart Healthy";"Based on heart healthy diet emphasizing healthy fats, fish, whole grains, fruits and vegetables.";"4500";"Lunch";"13:00:00";"Mission: Taco Shells & Tortillas: Tortillas, Carb Balance, (10") Burrito, Whole Wheat ";"3.0000";"tortilla (2.5 oz)";"600";"24";"14";"93";"0";"0";"63";"300";"1680";"3"
"Heart Healthy";"Based on heart healthy diet emphasizing healthy fats, fish, whole grains, fruits and vegetables.";"4500";"Lunch";"13:00:00";"Tomato, fresh";"1.0000";"cup, chopped or sliced (6.3 oz)";"32";"2";"0";"7";"5";"0";"2";"18";"9";"0"
"Heart Healthy";"Based on heart healthy diet emphasizing healthy fats, fish, whole grains, fruits and vegetables.";"4500";"Lunch";"13:00:00";"Orange";"1.0000";"cup, sections (6.3 oz)";"85";"2";"0";"21";"17";"0";"4";"72";"0";"0"
"Heart Healthy";"Based on heart healthy diet emphasizing healthy fats, fish, whole grains, fruits and vegetables.";"4500";"Lunch";"13:00:00";"Avocados, all types ";"1.0000";"cup, sliced (5.1 oz)";"234";"3";"21";"12";"1";"0";"10";"18";"10";"3"
"Heart Healthy";"Based on heart healthy diet emphasizing healthy fats, fish, whole grains, fruits and vegetables.";"4500";"Lunch";"13:00:00";"Iceberg Lettuce";"1.0000";"cup, shredded or chopped (1.9 oz)";"8";"0";"0";"2";"1";"0";"1";"10";"6";"0"
"Heart Healthy";"Based on heart healthy diet emphasizing healthy fats, fish, whole grains, fruits and vegetables.";"4500";"Dinner";"19:00:00";"Grapes, Red or Green ";"2.0000";"cup, with seeds, yields (5.3 oz)";"208";"2";"0";"55";"47";"0";"3";"30";"6";"0"
"Heart Healthy";"Based on heart healthy diet emphasizing healthy fats, fish, whole grains, fruits and vegetables.";"4500";"Dinner";"19:00:00";"Asparagus, boiled, drained";"2.0000";"serving, 1/2 cup (3.2 oz)";"40";"4";"0";"7";"2";"0";"4";"41";"25";"0"
"Heart Healthy";"Based on heart healthy diet emphasizing healthy fats, fish, whole grains, fruits and vegetables.";"4500";"Dinner";"19:00:00";"Extra Virgin Olive Oil";"1.0000";"tablespoon (0.5 fl.oz)";"120";"0";"14";"0";"0";"0";"0";"0";"0";"2"
"Heart Healthy";"Based on heart healthy diet emphasizing healthy fats, fish, whole grains, fruits and vegetables.";"4500";"Dinner";"19:00:00";"Skim Milk";"4.0000";"1/2 cup";"180";"16";"0";"28";"24";"12";"0";"120";"260";"0"
"Heart Healthy";"Based on heart healthy diet emphasizing healthy fats, fish, whole grains, fruits and vegetables.";"4500";"Dinner";"19:00:00";"Salmon, Atlantic, cooked with dry heat";"2.0000";"serving (4 oz)";"466";"50";"28";"0";"";"142";"0";"34";"138";"6"
"Heart Healthy";"Based on heart healthy diet emphasizing healthy fats, fish, whole grains, fruits and vegetables.";"4500";"Dinner";"19:00:00";"Brown, Long Grain, cooked";"2.0000";"cup (6.9 oz)";"433";"10";"4";"90";"1";"0";"7";"39";"20";"1"
"Heart Healthy";"Based on heart healthy diet emphasizing healthy fats, fish, whole grains, fruits and vegetables.";"4500";"Evening Snack";"21:00:00";"Frozen Yogurt, Low-Fat (TCBY)";"2.0000";"serving, 1/2 cup (3.4 oz)";"280";"8";"6";"46";"40";"30";"0";"160";"120";"4"
"Heart Healthy";"Based on heart healthy diet emphasizing healthy fats, fish, whole grains, fruits and vegetables.";"4750";"Breakfast";"07:00:00";"Strawberries, fresh";"1.0000";"cup, sliced (5.9 oz)";"53";"1";"0";"13";"8";"0";"3";"27";"2";"0"
"Heart Healthy";"Based on heart healthy diet emphasizing healthy fats, fish, whole grains, fruits and vegetables.";"4750";"Breakfast";"07:00:00";"Skim Milk";"4.0000";"1/2 cup";"180";"16";"0";"28";"24";"12";"0";"120";"260";"0"
"Heart Healthy";"Based on heart healthy diet emphasizing healthy fats, fish, whole grains, fruits and vegetables.";"4750";"Breakfast";"07:00:00";"Aunt Jemima: Pancakes: Mixes, Whole Wheat Blend, prepared as directed";"2.0000";"serving, 3 x 4" pancakes";"400";"16";"12";"58";"14";"120";"6";"300";"1340";"3"
"Heart Healthy";"Based on heart healthy diet emphasizing healthy fats, fish, whole grains, fruits and vegetables.";"4750";"Breakfast";"07:00:00";"Maple";"2.0000";"tablespoon (0.7 oz)";"104";"0";"0";"27";"24";"0";"0";"27";"4";"0"
"Heart Healthy";"Based on heart healthy diet emphasizing healthy fats, fish, whole grains, fruits and vegetables.";"4750";"Lunch";"13:00:00";"Broccoli, cooked";"6.0000";"spear, about 5" long (1.3 oz)";"78";"5";"1";"16";"3";"0";"7";"89";"91";"0"
"Heart Healthy";"Based on heart healthy diet emphasizing healthy fats, fish, whole grains, fruits and vegetables.";"4750";"Lunch";"13:00:00";"Skim Milk";"4.0000";"1/2 cup";"180";"16";"0";"28";"24";"12";"0";"120";"260";"0"
"Heart Healthy";"Based on heart healthy diet emphasizing healthy fats, fish, whole grains, fruits and vegetables.";"4750";"Lunch";"13:00:00";"Whole Wheat Pasta, cooked";"2.0000";"cup, elbow shaped (4.9 oz)";"347";"15";"2";"74";"2";"0";"8";"42";"8";"0"
"Heart Healthy";"Based on heart healthy diet emphasizing healthy fats, fish, whole grains, fruits and vegetables.";"4750";"Lunch";"13:00:00";"Marinara/Spaghetti Sauce, Ready-to-Serve";"3.0000";"serving, 1/2 cup (4.4 oz)";"278";"7";"9";"42";"33";"0";"2";"101";"1804";"1"
"Heart Healthy";"Based on heart healthy diet emphasizing healthy fats, fish, whole grains, fruits and vegetables.";"4750";"Lunch";"13:00:00";"4C: Cheese: Grated, Homestyle Pecorino Romano";"2.0000";"oz";"284";"23";"17";"0";"0";"68";"0";"680";"1191";"11"
"Heart Healthy";"Based on heart healthy diet emphasizing healthy fats, fish, whole grains, fruits and vegetables.";"4750";"Lunch";"13:00:00";"Parmesan Cheese, shredded";"2.0000";"oz";"235";"21";"16";"2";"0";"41";"0";"710";"962";"10"
"Heart Healthy";"Based on heart healthy diet emphasizing healthy fats, fish, whole grains, fruits and vegetables.";"4750";"Lunch";"13:00:00";"Frozen Yogurt, Low-Fat (TCBY)";"3.0000";"serving, 1/2 cup (3.4 oz)";"420";"12";"9";"69";"60";"45";"0";"240";"180";"6"
"Heart Healthy";"Based on heart healthy diet emphasizing healthy fats, fish, whole grains, fruits and vegetables.";"4750";"Lunch";"13:00:00";"Fruit, Fresh: Pears, Asian (Nashi Fruit), raw, edible portion";"1.0000";"fruit 3-3/8" high x 3" diameter (9.7 oz)";"115";"1";"1";"29";"19";"0";"10";"11";"0";"0"
"Heart Healthy";"Based on heart healthy diet emphasizing healthy fats, fish, whole grains, fruits and vegetables.";"4750";"Afternoon Snack";"17:00:00";"Kashi: Crackers: TLC Party, Roasted Garlic & Thyme";"1.0000";"serving, 4 crackers (1.0 oz)";"130";"3";"5";"18";"2";"0";"3";"20";"140";"1"
"Heart Healthy";"Based on heart healthy diet emphasizing healthy fats, fish, whole grains, fruits and vegetables.";"4750";"Afternoon Snack";"17:00:00";"Almonds, dry roasted, no salt added";"1.0000";"serving, 24-28 medium kernels (1.0 oz)";"169";"6";"15";"5";"1";"0";"3";"75";"0";"1"
"Heart Healthy";"Based on heart healthy diet emphasizing healthy fats, fish, whole grains, fruits and vegetables.";"4750";"Afternoon Snack";"17:00:00";"Cheese: Gouda";"2.0000";"oz";"202";"14";"16";"1";"1";"65";"0";"397";"464";"10"
"Heart Healthy";"Based on heart healthy diet emphasizing healthy fats, fish, whole grains, fruits and vegetables.";"4750";"Dinner";"19:00:00";"Cooked Vegetables, Broccoli, Cauliflower & Carrots";"2.0000";"serving, 3/4 cup (3.0 oz)";"60";"2";"0";"10";"4";"0";"4";"40";"60";"0"
"Heart Healthy";"Based on heart healthy diet emphasizing healthy fats, fish, whole grains, fruits and vegetables.";"4750";"Dinner";"19:00:00";"Skim Milk";"4.0000";"1/2 cup";"180";"16";"0";"28";"24";"12";"0";"120";"260";"0"
"Heart Healthy";"Based on heart healthy diet emphasizing healthy fats, fish, whole grains, fruits and vegetables.";"4750";"Dinner";"19:00:00";"Wine: Red, Burgundy, Cabernet";"1.0000";"serving (5.2 oz)";"129";"0";"0";"5";"5";"0";"0";"0";"18";"0"
"Heart Healthy";"Based on heart healthy diet emphasizing healthy fats, fish, whole grains, fruits and vegetables.";"4750";"Dinner";"19:00:00";"Honeydew Melons, raw";"1.0000";"cup, diced, approx 20 pieces per cup (6 oz)";"61";"1";"0";"15";"14";"0";"1";"10";"31";"0"
"Heart Healthy";"Based on heart healthy diet emphasizing healthy fats, fish, whole grains, fruits and vegetables.";"4750";"Dinner";"19:00:00";"Extra Virgin Olive Oil";"2.0000";"tablespoon (0.5 fl.oz)";"240";"0";"28";"0";"0";"0";"0";"0";"0";"4"
"Heart Healthy";"Based on heart healthy diet emphasizing healthy fats, fish, whole grains, fruits and vegetables.";"4750";"Dinner";"19:00:00";"Salmon, Atlantic, cooked with dry heat";"2.0000";"serving (4 oz)";"466";"50";"28";"0";"";"142";"0";"34";"138";"6"
"Heart Healthy";"Based on heart healthy diet emphasizing healthy fats, fish, whole grains, fruits and vegetables.";"4750";"Dinner";"19:00:00";"Brown, Long Grain, cooked";"2.0000";"cup (6.9 oz)";"433";"10";"4";"90";"1";"0";"7";"39";"20";"1"
"Heart Healthy";"Based on heart healthy diet emphasizing healthy fats, fish, whole grains, fruits and vegetables.";"5000";"Breakfast";"07:00:00";"Blueberries, fresh";"1.0000";"cup (5.1 oz)";"83";"1";"0";"21";"14";"0";"3";"9";"1";"0"
"Heart Healthy";"Based on heart healthy diet emphasizing healthy fats, fish, whole grains, fruits and vegetables.";"5000";"Breakfast";"07:00:00";"Strawberries, fresh";"1.0000";"cup, whole (5.1 oz)";"46";"1";"0";"11";"7";"0";"3";"23";"1";"0"
"Heart Healthy";"Based on heart healthy diet emphasizing healthy fats, fish, whole grains, fruits and vegetables.";"5000";"Breakfast";"07:00:00";"Low-Fat Yogurt, Fruit Flavored";"1.0000";"cup (8.6 oz)";"250";"11";"3";"47";"47";"10";"0";"372";"142";"2"
"Heart Healthy";"Based on heart healthy diet emphasizing healthy fats, fish, whole grains, fruits and vegetables.";"5000";"Breakfast";"07:00:00";"Sprouted, with Grains as Referenced in Ezekiel 4:9";"2.0000";"bagel (3.4 oz)";"500";"22";"2";"98";"4";"0";"8";"0";"800";"0"
"Heart Healthy";"Based on heart healthy diet emphasizing healthy fats, fish, whole grains, fruits and vegetables.";"5000";"Breakfast";"07:00:00";"Almond Butter, Unsalted";"2.0000";"tablespoon (0.6 oz)";"203";"5";"19";"7";"";"0";"1";"86";"4";"2"
"Heart Healthy";"Based on heart healthy diet emphasizing healthy fats, fish, whole grains, fruits and vegetables.";"5000";"Morning Snack";"10:00:00";"Almonds, dry roasted, no salt added";"2.0000";"serving, 24-28 medium kernels (1.0 oz)";"338";"13";"30";"11";"3";"0";"7";"151";"1";"2"
"Heart Healthy";"Based on heart healthy diet emphasizing healthy fats, fish, whole grains, fruits and vegetables.";"5000";"Morning Snack";"10:00:00";"Ocean Spray: Fruit, Dried: Craisins, Cherry Flavor Sweetened Dried Cranberries";"2.0000";"serving, 1/3 cup (1.4 oz)";"260";"0";"1";"68";"54";"0";"4";"0";"0";"0"
"Heart Healthy";"Based on heart healthy diet emphasizing healthy fats, fish, whole grains, fruits and vegetables.";"5000";"Lunch";"13:00:00";"Chicken Breast, with skin, roasted";"3.0000";"serving, 1/2 breast, bone removed (3.5 oz)";"579";"88";"23";"0";"0";"247";"0";"41";"209";"6"
"Heart Healthy";"Based on heart healthy diet emphasizing healthy fats, fish, whole grains, fruits and vegetables.";"5000";"Lunch";"13:00:00";"Strawberries, fresh";"1.0000";"cup, whole (5.1 oz)";"46";"1";"0";"11";"7";"0";"3";"23";"1";"0"
"Heart Healthy";"Based on heart healthy diet emphasizing healthy fats, fish, whole grains, fruits and vegetables.";"5000";"Lunch";"13:00:00";"100% Whole Wheat Dinner Rolls";"2.0000";"roll (1.1 oz)";"140";"6";"2";"26";"6";"0";"4";"0";"300";"0"
"Heart Healthy";"Based on heart healthy diet emphasizing healthy fats, fish, whole grains, fruits and vegetables.";"5000";"Lunch";"13:00:00";"Salad Dressing: Oil & Vinegar, Berry Vinaigrette (Wish Bone)";"3.0000";"serving, 2 tablespoons (1.0 fl.oz)";"150";"0";"15";"6";"6";"0";"0";"0";"405";"2"
"Heart Healthy";"Based on heart healthy diet emphasizing healthy fats, fish, whole grains, fruits and vegetables.";"5000";"Lunch";"13:00:00";"Salad: Fancy Field Greens (Fresh Express)";"1.0000";"serving, 3 cups (3.0 oz)";"20";"1";"0";"3";"1";"0";"2";"20";"15";"0"
"Heart Healthy";"Based on heart healthy diet emphasizing healthy fats, fish, whole grains, fruits and vegetables.";"5000";"Lunch";"13:00:00";"Mozzarella Fresca: Cheese: Fresh Mozzarella";"5.0000";"serving (1.0 oz)";"300";"30";"23";"0";"0";"75";"0";"400";"125";"13"
"Heart Healthy";"Based on heart healthy diet emphasizing healthy fats, fish, whole grains, fruits and vegetables.";"5000";"Afternoon Snack";"17:00:00";"AK-Mak Bakeries: Crackers: 100% Whole Wheat Crackers, low-fat";"2.0000";"serving, 5 crackers (1.0 oz)";"232";"9";"4";"38";"4";"0";"7";"0";"426";"0"
"Heart Healthy";"Based on heart healthy diet emphasizing healthy fats, fish, whole grains, fruits and vegetables.";"5000";"Afternoon Snack";"17:00:00";"Mozzarella Cheese, part skim milk";"3.0000";"serving (1.0 oz)";"216";"21";"14";"2";"1";"54";"0";"665";"526";"9"
"Heart Healthy";"Based on heart healthy diet emphasizing healthy fats, fish, whole grains, fruits and vegetables.";"5000";"Afternoon Snack";"17:00:00";"Apple";"1.0000";"large, 3-1/4" dia, approx 2 per lb (7.5 oz)";"110";"1";"0";"29";"22";"0";"5";"13";"2";"0"
"Heart Healthy";"Based on heart healthy diet emphasizing healthy fats, fish, whole grains, fruits and vegetables.";"5000";"Dinner";"19:00:00";"100% Whole Wheat Dinner Rolls";"2.0000";"roll (1.1 oz)";"140";"6";"2";"26";"6";"0";"4";"0";"300";"0"
"Heart Healthy";"Based on heart healthy diet emphasizing healthy fats, fish, whole grains, fruits and vegetables.";"5000";"Dinner";"19:00:00";"Salmon, Atlantic, cooked with dry heat";"2.0000";"serving (4 oz)";"466";"50";"28";"0";"";"142";"0";"34";"138";"6"
"Heart Healthy";"Based on heart healthy diet emphasizing healthy fats, fish, whole grains, fruits and vegetables.";"5000";"Dinner";"19:00:00";"Potatoes, red, baked, flesh & skin";"1.0000";"large, 3" to 4-1/4" dia (10.5 oz)";"266";"7";"0";"59";"4";"0";"5";"27";"24";"0"
"Heart Healthy";"Based on heart healthy diet emphasizing healthy fats, fish, whole grains, fruits and vegetables.";"5000";"Dinner";"19:00:00";"Classic Mixed Vegetables, boiled or steamed (Birds Eye)";"3.0000";"serving, 2/3 cup (3.0 oz)";"180";"6";"0";"36";"0";"0";"6";"60";"60";"0"
"Heart Healthy";"Based on heart healthy diet emphasizing healthy fats, fish, whole grains, fruits and vegetables.";"5000";"Dinner";"19:00:00";"Margarine, Premium Non-Hydrogenated w. Flaxseed Oil (Canola Harvest)";"1.0000";"tablespoon (0.5 oz)";"100";"0";"11";"0";"0";"0";"0";"0";"100";"2"
"Heart Healthy";"Based on heart healthy diet emphasizing healthy fats, fish, whole grains, fruits and vegetables.";"5000";"Dinner";"19:00:00";"Sour Cream, Light";"1.0000";"serving, 2 tablespoons (1 oz)";"35";"1";"3";"2";"0";"10";"0";"40";"25";"2"
"Heart Healthy";"Based on heart healthy diet emphasizing healthy fats, fish, whole grains, fruits and vegetables.";"5000";"Evening Snack";"21:00:00";"Raspberries, raw";".5000";"cup (4.3 oz)";"32";"1";"0";"7";"3";"0";"4";"15";"1";"0"
"Heart Healthy";"Based on heart healthy diet emphasizing healthy fats, fish, whole grains, fruits and vegetables.";"5000";"Evening Snack";"21:00:00";"Frozen Yogurt, Low-Fat (TCBY)";"2.0000";"serving, 1/2 cup (3.4 oz)";"280";"8";"6";"46";"40";"30";"0";"160";"120";"4"
"Standard";"Based on the Dietary Guidelines for Americans, rich in whole grains, fruits, vegetables and lean protein.";"1000";"Breakfast";"07:00:00";"Oats/oatmeal, cooked (all types)";"1.0000";"cup (8.3 oz)";"147";"6";"2";"25";"1";"0";"4";"19";"2";"0"
"Standard";"Based on the Dietary Guidelines for Americans, rich in whole grains, fruits, vegetables and lean protein.";"1000";"Breakfast";"07:00:00";"Strawberries, fresh";".5000";"cup, sliced (5.9 oz)";"27";"1";"0";"6";"4";"0";"2";"13";"1";"0"
"Standard";"Based on the Dietary Guidelines for Americans, rich in whole grains, fruits, vegetables and lean protein.";"1000";"Breakfast";"07:00:00";"Whipped Butter";"1.0000";"pat, 1" sq x 1/3" high (0.1 oz)";"27";"0";"3";"0";"0";"8";"0";"1";"31";"2"
"Standard";"Based on the Dietary Guidelines for Americans, rich in whole grains, fruits, vegetables and lean protein.";"1000";"Breakfast";"07:00:00";"Banana";"1.0000";"extra small, less than 6" long (2.9 oz)";"72";"1";"0";"19";"10";"0";"2";"4";"1";"0"
"Standard";"Based on the Dietary Guidelines for Americans, rich in whole grains, fruits, vegetables and lean protein.";"1000";"Lunch";"13:00:00";"Wheat Bread (includes wheat berry)";"2.0000";"slice (0.9 oz)";"130";"5";"2";"24";"3";"0";"2";"53";"265";"0"
"Standard";"Based on the Dietary Guidelines for Americans, rich in whole grains, fruits, vegetables and lean protein.";"1000";"Lunch";"13:00:00";"Apple";"1.0000";"small, 2-1/2" dia, approx 4 per lb (3.7 oz)";"55";"0";"0";"15";"11";"0";"3";"6";"1";"0"
"Standard";"Based on the Dietary Guidelines for Americans, rich in whole grains, fruits, vegetables and lean protein.";"1000";"Lunch";"13:00:00";"Romaine Lettuce";"2.0000";"leaf, inner (0.2 oz)";"2";"0";"0";"0";"0";"0";"0";"4";"1";"0"
"Standard";"Based on the Dietary Guidelines for Americans, rich in whole grains, fruits, vegetables and lean protein.";"1000";"Lunch";"13:00:00";"Tomato, fresh";"2.0000";"slice, thick/large, 1/2" thick (1.0 oz)";"10";"0";"0";"2";"1";"0";"1";"5";"3";"0"
"Standard";"Based on the Dietary Guidelines for Americans, rich in whole grains, fruits, vegetables and lean protein.";"1000";"Lunch";"13:00:00";"Tuna, light, in water, drained ";"3.0000";"oz";"99";"22";"1";"0";"0";"26";"0";"9";"287";"0"
"Standard";"Based on the Dietary Guidelines for Americans, rich in whole grains, fruits, vegetables and lean protein.";"1000";"Lunch";"13:00:00";"Mayonnaise: Reduced-Fat Light";"1.0000";"tablespoon (0.5 oz)";"49";"0";"5";"1";"1";"5";"0";"1";"101";"1"
"Standard";"Based on the Dietary Guidelines for Americans, rich in whole grains, fruits, vegetables and lean protein.";"1000";"Afternoon Snack";"17:00:00";"Baby Carrots";"10.0000";"medium (0.4 oz)";"35";"1";"0";"8";"5";"0";"2";"32";"78";"0"
"Standard";"Based on the Dietary Guidelines for Americans, rich in whole grains, fruits, vegetables and lean protein.";"1000";"Afternoon Snack";"17:00:00";"Celery, raw";"1.0000";"serving, 4 strips (0.5 oz)";"2";"0";"0";"0";"0";"0";"0";"6";"11";"0"
"Standard";"Based on the Dietary Guidelines for Americans, rich in whole grains, fruits, vegetables and lean protein.";"1000";"Afternoon Snack";"17:00:00";"Salad Dressings: Reduced-Fat Light, Ranch";"2.0000";"tablespoon (0.5 oz)";"66";"0";"5";"5";"1";"6";"0";"38";"280";"0"
"Standard";"Based on the Dietary Guidelines for Americans, rich in whole grains, fruits, vegetables and lean protein.";"1000";"Dinner";"19:00:00";"Sweet Potato, baked in skin";"1.0000";"medium, 2" dia, 5" long (4.0 oz)";"103";"2";"0";"24";"10";"0";"4";"43";"41";"0"
"Standard";"Based on the Dietary Guidelines for Americans, rich in whole grains, fruits, vegetables and lean protein.";"1000";"Dinner";"19:00:00";"Whipped Butter";"1.0000";"pat, 1" sq x 1/3" high (0.1 oz)";"27";"0";"3";"0";"0";"8";"0";"1";"31";"2"
"Standard";"Based on the Dietary Guidelines for Americans, rich in whole grains, fruits, vegetables and lean protein.";"1000";"Dinner";"19:00:00";"Broccoli, cooked";"1.0000";"serving, 1/2 cup, chopped (2.8 oz)";"27";"2";"0";"6";"1";"0";"3";"31";"32";"0"
"Standard";"Based on the Dietary Guidelines for Americans, rich in whole grains, fruits, vegetables and lean protein.";"1000";"Dinner";"19:00:00";"Chicken Breast, meat only, grilled/roasted/baked";"1.0000";"serving, 1/2 breast (3.0 oz)";"142";"27";"3";"0";"0";"73";"0";"13";"64";"1"
"Standard";"Based on the Dietary Guidelines for Americans, rich in whole grains, fruits, vegetables and lean protein.";"1250";"Breakfast";"07:00:00";"Fresh Blackberries";".5000";"cup (5.1 oz)";"31";"1";"0";"7";"4";"0";"4";"21";"1";"0"
"Standard";"Based on the Dietary Guidelines for Americans, rich in whole grains, fruits, vegetables and lean protein.";"1250";"Breakfast";"07:00:00";"Yogurts, Non-Fat, Vanilla (Dannon, Light n Fit)";"1.0000";"container (6.0 oz)";"60";"5";"0";"10";"7";"5";"0";"200";"80";"0"
"Standard";"Based on the Dietary Guidelines for Americans, rich in whole grains, fruits, vegetables and lean protein.";"1250";"Breakfast";"07:00:00";"Almonds, raw";"1.0000";"serving, 23 whole kernels (1.0 oz)";"164";"6";"14";"6";"1";"0";"3";"70";"0";"1"
"Standard";"Based on the Dietary Guidelines for Americans, rich in whole grains, fruits, vegetables and lean protein.";"1250";"Breakfast";"07:00:00";"Bran Cereal (All-Bran)";"1.0000";"serving, 1/3 cup (1.1 oz)";"70";"2";"1";"24";"8";"0";"13";"0";"200";"0"
"Standard";"Based on the Dietary Guidelines for Americans, rich in whole grains, fruits, vegetables and lean protein.";"1250";"Lunch";"13:00:00";"Wheat Bread (includes wheat berry)";"2.0000";"slice (0.9 oz)";"130";"5";"2";"24";"3";"0";"2";"53";"265";"0"
"Standard";"Based on the Dietary Guidelines for Americans, rich in whole grains, fruits, vegetables and lean protein.";"1250";"Lunch";"13:00:00";"Tomato Soup, Low Sodium (Campbell's)";"1.0000";"can";"150";"4";"4";"25";"16";"10";"4";"40";"90";"2"
"Standard";"Based on the Dietary Guidelines for Americans, rich in whole grains, fruits, vegetables and lean protein.";"1250";"Lunch";"13:00:00";"Orange";"1.0000";"small, 2-3/8" dia (3.4 oz)";"45";"1";"0";"11";"9";"0";"2";"38";"0";"0"
"Standard";"Based on the Dietary Guidelines for Americans, rich in whole grains, fruits, vegetables and lean protein.";"1250";"Dinner";"19:00:00";"Cantaloupe Melon";"1.0000";"cup, diced (5.5 oz)";"53";"1";"0";"13";"12";"0";"1";"14";"25";"0"
"Standard";"Based on the Dietary Guidelines for Americans, rich in whole grains, fruits, vegetables and lean protein.";"1250";"Dinner";"19:00:00";"Fresh Avocado";"1.0000";"oz";"47";"1";"4";"2";"0";"0";"2";"4";"2";"1"
"Standard";"Based on the Dietary Guidelines for Americans, rich in whole grains, fruits, vegetables and lean protein.";"1250";"Dinner";"19:00:00";"Wheat Tortilla, Low Fat ";"2.0000";"tortilla (1.3 oz)";"120";"14";"5";"16";"0";"0";"12";"160";"300";"0"
"Standard";"Based on the Dietary Guidelines for Americans, rich in whole grains, fruits, vegetables and lean protein.";"1250";"Dinner";"19:00:00";"Tomato, fresh";".2500";"cup, chopped or sliced (6.3 oz)";"8";"0";"0";"2";"1";"0";"1";"5";"2";"0"
"Standard";"Based on the Dietary Guidelines for Americans, rich in whole grains, fruits, vegetables and lean protein.";"1250";"Dinner";"19:00:00";"Light Sour Cream";"2.0000";"tablespoon (0.5 oz)";"38";"1";"3";"2";"0";"10";"0";"39";"20";"2"
"Standard";"Based on the Dietary Guidelines for Americans, rich in whole grains, fruits, vegetables and lean protein.";"1250";"Dinner";"19:00:00";"Iceberg Lettuce";".5000";"cup, shredded or chopped (1.9 oz)";"4";"0";"0";"1";"0";"0";"0";"5";"3";"0"
"Standard";"Based on the Dietary Guidelines for Americans, rich in whole grains, fruits, vegetables and lean protein.";"1250";"Dinner";"19:00:00";"Onions, all types, raw/cooked";"2.0000";"tablespoon, chopped (0.4 oz)";"8";"0";"0";"2";"1";"0";"0";"4";"1";"0"
"Standard";"Based on the Dietary Guidelines for Americans, rich in whole grains, fruits, vegetables and lean protein.";"1250";"Dinner";"19:00:00";"Lean Ground Turkey, Cooked";"1.0000";"serving (4.0 oz)";"150";"22";"7";"0";"0";"65";"0";"0";"80";"0"
"Standard";"Based on the Dietary Guidelines for Americans, rich in whole grains, fruits, vegetables and lean protein.";"1250";"Dinner";"19:00:00";"Cheddar Jack Cheese, shredded ";"1.0000";"serving, 1/4 cup (1.0 oz)";"110";"7";"9";"1";"0";"30";"0";"200";"180";"5"
"Standard";"Based on the Dietary Guidelines for Americans, rich in whole grains, fruits, vegetables and lean protein.";"1250";"Evening Snack";"21:00:00";"Strawberries, fresh";"1.0000";"cup, sliced (5.9 oz)";"53";"1";"0";"13";"8";"0";"3";"27";"2";"0"
"Standard";"Based on the Dietary Guidelines for Americans, rich in whole grains, fruits, vegetables and lean protein.";"1500";"Breakfast";"07:00:00";"Strawberries, fresh";".5000";"cup, whole (5.1 oz)";"23";"0";"0";"6";"3";"0";"1";"12";"1";"0"
"Standard";"Based on the Dietary Guidelines for Americans, rich in whole grains, fruits, vegetables and lean protein.";"1500";"Breakfast";"07:00:00";"Shredded Wheat Cereal, Original Spoon Size (Post)";"1.0000";"cup (1.7 oz)";"170";"6";"1";"40";"0";"0";"6";"20";"0";"0"
"Standard";"Based on the Dietary Guidelines for Americans, rich in whole grains, fruits, vegetables and lean protein.";"1500";"Breakfast";"07:00:00";"Skim Milk";"1.0000";"cup (8.6 oz)";"91";"9";"1";"12";"12";"5";"0";"316";"130";"0"
"Standard";"Based on the Dietary Guidelines for Americans, rich in whole grains, fruits, vegetables and lean protein.";"1500";"Lunch";"13:00:00";"Tomato, fresh";"1.0000";"cup, cherry tomatoes (5.3 oz)";"27";"1";"0";"6";"4";"0";"2";"15";"7";"0"
"Standard";"Based on the Dietary Guidelines for Americans, rich in whole grains, fruits, vegetables and lean protein.";"1500";"Lunch";"13:00:00";"Romaine Lettuce";"2.0000";"leaf, inner (0.2 oz)";"2";"0";"0";"0";"0";"0";"0";"4";"1";"0"
"Standard";"Based on the Dietary Guidelines for Americans, rich in whole grains, fruits, vegetables and lean protein.";"1500";"Lunch";"13:00:00";"Mustard";"2.0000";"teaspoon (0.2 oz)";"7";"0";"0";"1";"0";"0";"0";"8";"112";"0"
"Standard";"Based on the Dietary Guidelines for Americans, rich in whole grains, fruits, vegetables and lean protein.";"1500";"Lunch";"13:00:00";"Avocados, all types ";"1.0000";"oz";"45";"1";"4";"2";"0";"0";"2";"3";"2";"1"
"Standard";"Based on the Dietary Guidelines for Americans, rich in whole grains, fruits, vegetables and lean protein.";"1500";"Lunch";"13:00:00";"Wheat Bread: 100% Whole Wheat (Sara Lee)";"2.0000";"slice (1.1 oz)";"160";"8";"2";"30";"6";"0";"4";"160";"300";"0"
"Standard";"Based on the Dietary Guidelines for Americans, rich in whole grains, fruits, vegetables and lean protein.";"1500";"Lunch";"13:00:00";"Swiss Cheese, Low-Fat";"1.0000";"slice (1.0 oz)";"50";"8";"1";"1";"0";"10";"0";"269";"73";"1"
"Standard";"Based on the Dietary Guidelines for Americans, rich in whole grains, fruits, vegetables and lean protein.";"1500";"Lunch";"13:00:00";"Turkey breast meat, deli sliced";"3.0000";"oz";"88";"15";"1";"4";"3";"37";"0";"7";"863";"0"
"Standard";"Based on the Dietary Guidelines for Americans, rich in whole grains, fruits, vegetables and lean protein.";"1500";"Lunch";"13:00:00";"Mayonnaise: Reduced-Fat Light";"1.0000";"tablespoon (0.5 oz)";"49";"0";"5";"1";"1";"5";"0";"1";"101";"1"
"Standard";"Based on the Dietary Guidelines for Americans, rich in whole grains, fruits, vegetables and lean protein.";"1500";"Lunch";"13:00:00";"Pears, all varieties, raw";"1.0000";"pear, medium, approx 2-1/2 per lb (5.9 oz)";"96";"1";"0";"26";"16";"0";"5";"15";"2";"0"
"Standard";"Based on the Dietary Guidelines for Americans, rich in whole grains, fruits, vegetables and lean protein.";"1500";"Afternoon Snack";"17:00:00";"Peanut Butter, Reduced-Fat Creamy";"1.0000";"tablespoon (0.6 oz)";"95";"4";"6";"8";"2";"0";"1";"0";"125";"1"
"Standard";"Based on the Dietary Guidelines for Americans, rich in whole grains, fruits, vegetables and lean protein.";"1500";"Afternoon Snack";"17:00:00";"Apple";"1.0000";"large, 3-1/4" dia, approx 2 per lb (7.5 oz)";"110";"1";"0";"29";"22";"0";"5";"13";"2";"0"
"Standard";"Based on the Dietary Guidelines for Americans, rich in whole grains, fruits, vegetables and lean protein.";"1500";"Dinner";"19:00:00";"Parmesan Cheese, shredded";"2.0000";"tablespoon (0.2 oz)";"42";"4";"3";"0";"0";"7";"0";"125";"170";"2"
"Standard";"Based on the Dietary Guidelines for Americans, rich in whole grains, fruits, vegetables and lean protein.";"1500";"Dinner";"19:00:00";"Lite Caesar Salad Dressing (Ken's Steak House) ";"1.0000";"serving, 2 tablespoons (1.1 oz)";"70";"1";"6";"3";"3";"0";"0";"0";"620";"1"
"Standard";"Based on the Dietary Guidelines for Americans, rich in whole grains, fruits, vegetables and lean protein.";"1500";"Dinner";"19:00:00";"Chicken Breast, meat only, grilled/roasted/baked";"4.0000";"oz";"187";"35";"4";"0";"0";"96";"0";"17";"84";"1"
"Standard";"Based on the Dietary Guidelines for Americans, rich in whole grains, fruits, vegetables and lean protein.";"1500";"Dinner";"19:00:00";"Croutons, Seasoned";"1.0000";"serving (0.5 oz)";"66";"2";"3";"9";"1";"1";"1";"14";"176";"1"
"Standard";"Based on the Dietary Guidelines for Americans, rich in whole grains, fruits, vegetables and lean protein.";"1500";"Dinner";"19:00:00";"Romaine Lettuce";"3.0000";"cup, shredded (1.7 oz)";"24";"2";"0";"5";"2";"0";"3";"47";"11";"0"
"Standard";"Based on the Dietary Guidelines for Americans, rich in whole grains, fruits, vegetables and lean protein.";"1500";"Dinner";"19:00:00";"100% Whole Wheat Dinner Rolls";"1.0000";"roll (1.1 oz)";"70";"3";"1";"13";"3";"0";"2";"0";"150";"0"
"Standard";"Based on the Dietary Guidelines for Americans, rich in whole grains, fruits, vegetables and lean protein.";"1500";"Dinner";"19:00:00";"Cantaloupe Melon";"1.0000";"cup, diced (5.5 oz)";"53";"1";"0";"13";"12";"0";"1";"14";"25";"0"
"Standard";"Based on the Dietary Guidelines for Americans, rich in whole grains, fruits, vegetables and lean protein.";"1750";"Breakfast";"07:00:00";"Skim Milk";"1.0000";"cup (8.6 oz)";"91";"9";"1";"12";"12";"5";"0";"316";"130";"0"
"Standard";"Based on the Dietary Guidelines for Americans, rich in whole grains, fruits, vegetables and lean protein.";"1750";"Breakfast";"07:00:00";"Banana";"1.0000";"medium, 7" to 7-7/8" long (4.2 oz)";"105";"1";"0";"27";"14";"0";"3";"6";"1";"0"
"Standard";"Based on the Dietary Guidelines for Americans, rich in whole grains, fruits, vegetables and lean protein.";"1750";"Breakfast";"07:00:00";"Whole Wheat Bagel (Thomas)";"1.0000";"bagel (3.7 oz)";"270";"12";"2";"55";"8";"0";"8";"100";"440";"1"
"Standard";"Based on the Dietary Guidelines for Americans, rich in whole grains, fruits, vegetables and lean protein.";"1750";"Breakfast";"07:00:00";"Peanut Butter, smooth, no salt";"1.0000";"tablespoon (0.6 oz)";"94";"4";"8";"3";"1";"0";"1";"7";"3";"2"
"Standard";"Based on the Dietary Guidelines for Americans, rich in whole grains, fruits, vegetables and lean protein.";"1750";"Morning Snack";"10:00:00";"Yogurt, Fat-Free Fruit Flavor (Yoplait)";"1.0000";"container (4.0 oz)";"170";"5";"2";"33";"27";"10";"0";"200";"80";"1"
"Standard";"Based on the Dietary Guidelines for Americans, rich in whole grains, fruits, vegetables and lean protein.";"1750";"Lunch";"13:00:00";"Tomato, fresh";"3.0000";"wedge, 1/4 of medium tomato (1.1 oz)";"17";"1";"0";"4";"2";"0";"1";"9";"5";"0"
"Standard";"Based on the Dietary Guidelines for Americans, rich in whole grains, fruits, vegetables and lean protein.";"1750";"Lunch";"13:00:00";"Cucumber, peeled, raw";"5.0000";"slice (0.2 oz)";"4";"0";"0";"1";"0";"0";"0";"5";"1";"0"
"Standard";"Based on the Dietary Guidelines for Americans, rich in whole grains, fruits, vegetables and lean protein.";"1750";"Lunch";"13:00:00";"Romaine Lettuce";"2.0000";"cup, shredded (1.7 oz)";"16";"1";"0";"3";"1";"0";"2";"31";"8";"0"
"Standard";"Based on the Dietary Guidelines for Americans, rich in whole grains, fruits, vegetables and lean protein.";"1750";"Lunch";"13:00:00";"Ham Luncheon Meat";"1.0000";"serving (2.0 oz)";"60";"10";"1";"2";"2";"30";"0";"0";"580";"0"
"Standard";"Based on the Dietary Guidelines for Americans, rich in whole grains, fruits, vegetables and lean protein.";"1750";"Lunch";"13:00:00";"Low-Fat Cheddar Cheese";".2500";"slice (1.0 oz)";"12";"2";"0";"0";"0";"1";"0";"29";"43";"0"
"Standard";"Based on the Dietary Guidelines for Americans, rich in whole grains, fruits, vegetables and lean protein.";"1750";"Lunch";"13:00:00";"Swiss Cheese, Low-Fat";".2500";"cup, shredded (3.8 oz)";"48";"8";"1";"1";"0";"9";"0";"259";"70";"1"
"Standard";"Based on the Dietary Guidelines for Americans, rich in whole grains, fruits, vegetables and lean protein.";"1750";"Lunch";"13:00:00";"Turkey breast meat, deli sliced";"2.0000";"oz";"59";"10";"1";"2";"2";"24";"0";"5";"576";"0"
"Standard";"Based on the Dietary Guidelines for Americans, rich in whole grains, fruits, vegetables and lean protein.";"1750";"Lunch";"13:00:00";"Egg (hard-boiled/scrambled/poached)";"1.0000";"large (1.8 oz)";"78";"6";"5";"1";"1";"212";"0";"25";"62";"2"
"Standard";"Based on the Dietary Guidelines for Americans, rich in whole grains, fruits, vegetables and lean protein.";"1750";"Lunch";"13:00:00";"Zesty Italian Dressing, Reduced-Fat (Kraft)";"1.0000";"serving, 2 tablespoons (1.1 oz)";"25";"0";"2";"2";"2";"0";"0";"0";"470";"0"
"Standard";"Based on the Dietary Guidelines for Americans, rich in whole grains, fruits, vegetables and lean protein.";"1750";"Afternoon Snack";"17:00:00";"Almonds, raw";"1.0000";"serving, 23 whole kernels (1.0 oz)";"164";"6";"14";"6";"1";"0";"3";"70";"0";"1"
"Standard";"Based on the Dietary Guidelines for Americans, rich in whole grains, fruits, vegetables and lean protein.";"1750";"Afternoon Snack";"17:00:00";"Apple";"1.0000";"medium, 2-3/4" dia, approx 3 per lb (4.9 oz)";"72";"0";"0";"19";"14";"0";"3";"8";"1";"0"
"Standard";"Based on the Dietary Guidelines for Americans, rich in whole grains, fruits, vegetables and lean protein.";"1750";"Dinner";"19:00:00";"Whole Grain Pasta, Rotini (Vita-Spelt)";"1.0000";"serving, 1/5 package (2.0 oz)";"190";"8";"2";"40";"4";"0";"5";"0";"0";"0"
"Standard";"Based on the Dietary Guidelines for Americans, rich in whole grains, fruits, vegetables and lean protein.";"1750";"Dinner";"19:00:00";"Chicken Breast, meat only, grilled/roasted/baked";"3.0000";"oz";"140";"26";"3";"0";"0";"72";"0";"13";"63";"1"
"Standard";"Based on the Dietary Guidelines for Americans, rich in whole grains, fruits, vegetables and lean protein.";"1750";"Dinner";"19:00:00";"Asparagus, boiled, drained";"1.0000";"serving, 1/2 cup (3.2 oz)";"20";"2";"0";"4";"1";"0";"2";"21";"13";"0"
"Standard";"Based on the Dietary Guidelines for Americans, rich in whole grains, fruits, vegetables and lean protein.";"1750";"Dinner";"19:00:00";"Roasted Garlic, Red & Green Pepper Pasta Sauce (Newman's Own)";"1.0000";"serving, 1/2 cup (4.4 oz)";"70";"2";"3";"11";"6";"0";"4";"0";"460";"0"
"Standard";"Based on the Dietary Guidelines for Americans, rich in whole grains, fruits, vegetables and lean protein.";"1750";"Dinner";"19:00:00";"Parmesan Cheese, shredded";"1.0000";"tablespoon (0.2 oz)";"22";"2";"1";"0";"0";"4";"0";"55";"76";"1"
"Standard";"Based on the Dietary Guidelines for Americans, rich in whole grains, fruits, vegetables and lean protein.";"2000";"Breakfast";"07:00:00";"100% Whole Wheat Bread (Orowheat)";"1.0000";"slice (1.3 oz)";"100";"4";"1";"19";"4";"0";"3";"60";"210";"0"
"Standard";"Based on the Dietary Guidelines for Americans, rich in whole grains, fruits, vegetables and lean protein.";"2000";"Breakfast";"07:00:00";"Whipped Butter";"1.0000";"tablespoon (0.3 oz)";"67";"0";"8";"0";"0";"21";"0";"2";"78";"5"
"Standard";"Based on the Dietary Guidelines for Americans, rich in whole grains, fruits, vegetables and lean protein.";"2000";"Breakfast";"07:00:00";"Oats/oatmeal, cooked (all types)";"1.0000";"cup (8.3 oz)";"147";"6";"2";"25";"1";"0";"4";"19";"2";"0"
"Standard";"Based on the Dietary Guidelines for Americans, rich in whole grains, fruits, vegetables and lean protein.";"2000";"Breakfast";"07:00:00";"Blueberries, fresh";".5000";"cup (5.1 oz)";"41";"1";"0";"11";"7";"0";"2";"4";"1";"0"
"Standard";"Based on the Dietary Guidelines for Americans, rich in whole grains, fruits, vegetables and lean protein.";"2000";"Breakfast";"07:00:00";"Skim Milk";"1.0000";"cup (8.6 oz)";"91";"9";"1";"12";"12";"5";"0";"316";"130";"0"
"Standard";"Based on the Dietary Guidelines for Americans, rich in whole grains, fruits, vegetables and lean protein.";"2000";"Morning Snack";"10:00:00";"Almonds, raw";"1.0000";"serving, 23 whole kernels (1.0 oz)";"164";"6";"14";"6";"1";"0";"3";"70";"0";"1"
"Standard";"Based on the Dietary Guidelines for Americans, rich in whole grains, fruits, vegetables and lean protein.";"2000";"Morning Snack";"10:00:00";"Apple";"1.0000";"medium, 2-3/4" dia, approx 3 per lb (4.9 oz)";"72";"0";"0";"19";"14";"0";"3";"8";"1";"0"
"Standard";"Based on the Dietary Guidelines for Americans, rich in whole grains, fruits, vegetables and lean protein.";"2000";"Lunch";"13:00:00";"Tomatoes Slices";"1.0000";"oz";"7";"1";"0";"2";"0";"0";"1";"0";"3";"0"
"Standard";"Based on the Dietary Guidelines for Americans, rich in whole grains, fruits, vegetables and lean protein.";"2000";"Lunch";"13:00:00";"Mayonnaise: Regular (Kraft)";"1.0000";"tablespoon (0.5 oz)";"100";"0";"11";"0";"0";"5";"0";"0";"75";"2"
"Standard";"Based on the Dietary Guidelines for Americans, rich in whole grains, fruits, vegetables and lean protein.";"2000";"Lunch";"13:00:00";"Pears, all varieties, raw";"1.0000";"pear, small, approx 3 per lb (4.9 oz)";"81";"1";"0";"21";"14";"0";"4";"13";"1";"0"
"Standard";"Based on the Dietary Guidelines for Americans, rich in whole grains, fruits, vegetables and lean protein.";"2000";"Lunch";"13:00:00";"Albacore Tuna in Water, Solid White, drained";"4.0000";"oz";"139";"30";"2";"0";"0";"50";"0";"0";"497";"0"
"Standard";"Based on the Dietary Guidelines for Americans, rich in whole grains, fruits, vegetables and lean protein.";"2000";"Lunch";"13:00:00";"Celery, raw";"1.0000";"tablespoon (0.3 oz)";"1";"0";"0";"0";"0";"0";"0";"3";"6";"0"
"Standard";"Based on the Dietary Guidelines for Americans, rich in whole grains, fruits, vegetables and lean protein.";"2000";"Lunch";"13:00:00";"Romaine Lettuce";"2.0000";"leaf, inner (0.2 oz)";"2";"0";"0";"0";"0";"0";"0";"4";"1";"0"
"Standard";"Based on the Dietary Guidelines for Americans, rich in whole grains, fruits, vegetables and lean protein.";"2000";"Lunch";"13:00:00";"Whole Wheat Pita Bread (Khoubiz)";"1.0000";"large, 6-1/2" dia (2.3 oz)";"170";"6";"2";"35";"1";"0";"5";"10";"340";"0"
"Standard";"Based on the Dietary Guidelines for Americans, rich in whole grains, fruits, vegetables and lean protein.";"2000";"Dinner";"19:00:00";"Sweet Potato, baked in skin";"1.0000";"large (6.3 oz)";"162";"4";"0";"37";"15";"0";"6";"68";"65";"0"
"Standard";"Based on the Dietary Guidelines for Americans, rich in whole grains, fruits, vegetables and lean protein.";"2000";"Dinner";"19:00:00";"Fancy Field Greens, Salad Mix";"2.0000";"serving, 1 1/2 cups (3.0 oz)";"30";"2";"0";"6";"2";"0";"4";"40";"30";"0"
"Standard";"Based on the Dietary Guidelines for Americans, rich in whole grains, fruits, vegetables and lean protein.";"2000";"Dinner";"19:00:00";"Whipped Butter";"1.0000";"tablespoon (0.3 oz)";"67";"0";"8";"0";"0";"21";"0";"2";"78";"5"
"Standard";"Based on the Dietary Guidelines for Americans, rich in whole grains, fruits, vegetables and lean protein.";"2000";"Dinner";"19:00:00";"Balsamic Vinaigrette Dressing (Annie's Naturals)";"1.0000";"serving, 2 tablespoons (1.0 oz)";"100";"0";"10";"3";"3";"0";"0";"0";"75";"1"
"Standard";"Based on the Dietary Guidelines for Americans, rich in whole grains, fruits, vegetables and lean protein.";"2000";"Dinner";"19:00:00";"Chicken Breast, meat only, grilled/roasted/baked";"5.0000";"oz";"234";"44";"5";"0";"0";"120";"0";"21";"105";"1"
"Standard";"Based on the Dietary Guidelines for Americans, rich in whole grains, fruits, vegetables and lean protein.";"2000";"Dinner";"19:00:00";"Skim Milk";"1.0000";"cup (8.6 oz)";"91";"9";"1";"12";"12";"5";"0";"316";"130";"0"
"Standard";"Based on the Dietary Guidelines for Americans, rich in whole grains, fruits, vegetables and lean protein.";"2000";"Evening Snack";"21:00:00";"Yogurt, Plain, Low-Fat";"1.0000";"container (8.0 oz)";"143";"12";"4";"16";"16";"14";"0";"415";"159";"2"
"Standard";"Based on the Dietary Guidelines for Americans, rich in whole grains, fruits, vegetables and lean protein.";"2000";"Evening Snack";"21:00:00";"Raspberries, fresh";"1.0000";"serving,10 raspberries (0.7 oz)";"10";"0";"0";"2";"1";"0";"1";"5";"0";"0"
"Standard";"Based on the Dietary Guidelines for Americans, rich in whole grains, fruits, vegetables and lean protein.";"2250";"Breakfast";"07:00:00";"Scrambled Eggs: 2 large eggs w. 1 tbsp non-fat milk, no added fat";"1.0000";"meal";"154";"14";"10";"2";"2";"424";"0";"0";"148";"3"
"Standard";"Based on the Dietary Guidelines for Americans, rich in whole grains, fruits, vegetables and lean protein.";"2250";"Breakfast";"07:00:00";"Strawberry Jelly";"1.0000";"tablespoon (0.7 oz)";"50";"0";"0";"13";"12";"0";"0";"0";"0";"0"
"Standard";"Based on the Dietary Guidelines for Americans, rich in whole grains, fruits, vegetables and lean protein.";"2250";"Breakfast";"07:00:00";"Whipped Butter";"1.0000";"tablespoon (0.3 oz)";"67";"0";"8";"0";"0";"21";"0";"2";"78";"5"
"Standard";"Based on the Dietary Guidelines for Americans, rich in whole grains, fruits, vegetables and lean protein.";"2250";"Breakfast";"07:00:00";"Wheat Bread: 100% Whole Wheat (Sara Lee)";"2.0000";"slice (1.1 oz)";"160";"8";"2";"30";"6";"0";"4";"160";"300";"0"
"Standard";"Based on the Dietary Guidelines for Americans, rich in whole grains, fruits, vegetables and lean protein.";"2250";"Breakfast";"07:00:00";"Orange";"1.0000";"large, 3-1/16" dia (6.5 oz)";"86";"2";"0";"22";"17";"0";"4";"74";"0";"0"
"Standard";"Based on the Dietary Guidelines for Americans, rich in whole grains, fruits, vegetables and lean protein.";"2250";"Breakfast";"07:00:00";"Skim Milk";"8.0000";"fl.oz (1.1 oz)";"91";"9";"1";"12";"12";"5";"0";"316";"130";"0"
"Standard";"Based on the Dietary Guidelines for Americans, rich in whole grains, fruits, vegetables and lean protein.";"2250";"Morning Snack";"10:00:00";"Apple";"1.0000";"medium, 2-3/4" dia, approx 3 per lb (4.9 oz)";"72";"0";"0";"19";"14";"0";"3";"8";"1";"0"
"Standard";"Based on the Dietary Guidelines for Americans, rich in whole grains, fruits, vegetables and lean protein.";"2250";"Morning Snack";"10:00:00";"Almonds, raw";"1.0000";"serving, 23 whole kernels (1.0 oz)";"164";"6";"14";"6";"1";"0";"3";"70";"0";"1"
"Standard";"Based on the Dietary Guidelines for Americans, rich in whole grains, fruits, vegetables and lean protein.";"2250";"Lunch";"13:00:00";"Chunky Tomato Bisque Soup, low sodium (Amy's)";"1.0000";"cup (8.6 oz)";"120";"2";"4";"21";"14";"10";"2";"80";"340";"2"
"Standard";"Based on the Dietary Guidelines for Americans, rich in whole grains, fruits, vegetables and lean protein.";"2250";"Lunch";"13:00:00";"Peach";"1.0000";"small, 2" dia, approx 5 per lb (2.8 oz)";"31";"1";"0";"8";"7";"0";"1";"5";"0";"0"
"Standard";"Based on the Dietary Guidelines for Americans, rich in whole grains, fruits, vegetables and lean protein.";"2250";"Lunch";"13:00:00";"Avocados, all types ";"1.0000";"oz";"45";"1";"4";"2";"0";"0";"2";"3";"2";"1"
"Standard";"Based on the Dietary Guidelines for Americans, rich in whole grains, fruits, vegetables and lean protein.";"2250";"Lunch";"13:00:00";"Tomato, fresh";"2.0000";"slice, thin/small (0.5 oz)";"5";"0";"0";"1";"1";"0";"0";"3";"2";"0"
"Standard";"Based on the Dietary Guidelines for Americans, rich in whole grains, fruits, vegetables and lean protein.";"2250";"Lunch";"13:00:00";"Wheat Bread: 100% Whole Wheat (Sara Lee)";"2.0000";"slice (1.1 oz)";"160";"8";"2";"30";"6";"0";"4";"160";"300";"0"
"Standard";"Based on the Dietary Guidelines for Americans, rich in whole grains, fruits, vegetables and lean protein.";"2250";"Lunch";"13:00:00";"Turkey breast meat, deli sliced";"3.0000";"oz";"88";"15";"1";"4";"3";"37";"0";"7";"863";"0"
"Standard";"Based on the Dietary Guidelines for Americans, rich in whole grains, fruits, vegetables and lean protein.";"2250";"Lunch";"13:00:00";"Swiss Cheese, Low-Fat";"1.0000";"slice (1.0 oz)";"50";"8";"1";"1";"0";"10";"0";"269";"73";"1"
"Standard";"Based on the Dietary Guidelines for Americans, rich in whole grains, fruits, vegetables and lean protein.";"2250";"Afternoon Snack";"17:00:00";"Granola Bar, Chewy Trail Mix (Kashi)";"1.0000";"bar (1.2 oz)";"140";"6";"5";"20";"5";"0";"4";"0";"105";"1"
"Standard";"Based on the Dietary Guidelines for Americans, rich in whole grains, fruits, vegetables and lean protein.";"2250";"Afternoon Snack";"17:00:00";"Yogurt, Fat-Free Fruit Flavor (Yoplait)";"1.0000";"container (4.0 oz)";"170";"5";"2";"33";"27";"10";"0";"200";"80";"1"
"Standard";"Based on the Dietary Guidelines for Americans, rich in whole grains, fruits, vegetables and lean protein.";"2250";"Dinner";"19:00:00";"Whipped Butter";"1.0000";"tablespoon (0.3 oz)";"67";"0";"8";"0";"0";"21";"0";"2";"78";"5"
"Standard";"Based on the Dietary Guidelines for Americans, rich in whole grains, fruits, vegetables and lean protein.";"2250";"Dinner";"19:00:00";"Light Sour Cream";"1.0000";"tablespoon (0.5 oz)";"19";"0";"1";"1";"0";"5";"0";"20";"10";"1"
"Standard";"Based on the Dietary Guidelines for Americans, rich in whole grains, fruits, vegetables and lean protein.";"2250";"Dinner";"19:00:00";"Skim Milk";"8.0000";"fl.oz (1.1 oz)";"91";"9";"1";"12";"12";"5";"0";"316";"130";"0"
"Standard";"Based on the Dietary Guidelines for Americans, rich in whole grains, fruits, vegetables and lean protein.";"2250";"Dinner";"19:00:00";"Broccoli, cooked";"2.0000";"serving, 1/2 cup, chopped (2.8 oz)";"55";"4";"1";"11";"2";"0";"5";"62";"64";"0"
"Standard";"Based on the Dietary Guidelines for Americans, rich in whole grains, fruits, vegetables and lean protein.";"2250";"Dinner";"19:00:00";"Baked Potato";"1.0000";"potato, 2-1/3" x 4-3/4" (5.5 oz)";"145";"3";"0";"34";"3";"0";"2";"8";"8";"0"
"Standard";"Based on the Dietary Guidelines for Americans, rich in whole grains, fruits, vegetables and lean protein.";"2250";"Dinner";"19:00:00";"Chicken Breast Strips, Grilled (Foster Farms)";"5.0000";"oz";"186";"32";"4";"3";"0";"76";"0";"0";"928";"0"
"Standard";"Based on the Dietary Guidelines for Americans, rich in whole grains, fruits, vegetables and lean protein.";"2250";"Dinner";"19:00:00";"Strawberries, fresh";"1.0000";"cup, halves (5.4 oz)";"49";"1";"0";"12";"7";"0";"3";"24";"2";"0"
"Standard";"Based on the Dietary Guidelines for Americans, rich in whole grains, fruits, vegetables and lean protein.";"2500";"Breakfast";"07:00:00";"Scrambled Eggs: 2 large eggs w. 1 tbsp non-fat milk, no added fat";"1.0000";"meal";"154";"14";"10";"2";"2";"424";"0";"0";"148";"3"
"Standard";"Based on the Dietary Guidelines for Americans, rich in whole grains, fruits, vegetables and lean protein.";"2500";"Breakfast";"07:00:00";"Low-Fat Cheddar Cheese";"1.0000";"oz";"49";"7";"2";"1";"0";"6";"0";"118";"174";"1"
"Standard";"Based on the Dietary Guidelines for Americans, rich in whole grains, fruits, vegetables and lean protein.";"2500";"Breakfast";"07:00:00";"Whole Wheat Flour Tortilla, Heart Healthy 96% Fat-Free, (8" Mission)";"1.0000";"tortilla (1.7 oz)";"130";"4";"2";"25";"3";"0";"3";"150";"340";"0"
"Standard";"Based on the Dietary Guidelines for Americans, rich in whole grains, fruits, vegetables and lean protein.";"2500";"Breakfast";"07:00:00";"Salsa,  Chunky (Pace)";"1.0000";"serving, 2 tablespoons";"10";"0";"0";"2";"2";"0";"1";"0";"230";"0"
"Standard";"Based on the Dietary Guidelines for Americans, rich in whole grains, fruits, vegetables and lean protein.";"2500";"Breakfast";"07:00:00";"Orange Juice ";"1.0000";"cup (8.1 fl.oz)";"110";"2";"0";"26";"22";"0";"0";"350";"0";"0"
"Standard";"Based on the Dietary Guidelines for Americans, rich in whole grains, fruits, vegetables and lean protein.";"2500";"Morning Snack";"10:00:00";"Low-Fat Yogurt, Fruit Flavored";"1.0000";"container (6.0 oz)";"173";"7";"2";"32";"32";"7";"0";"258";"99";"1"
"Standard";"Based on the Dietary Guidelines for Americans, rich in whole grains, fruits, vegetables and lean protein.";"2500";"Morning Snack";"10:00:00";"Apple";"1.0000";"large, 3-1/4" dia, approx 2 per lb (7.5 oz)";"110";"1";"0";"29";"22";"0";"5";"13";"2";"0"
"Standard";"Based on the Dietary Guidelines for Americans, rich in whole grains, fruits, vegetables and lean protein.";"2500";"Lunch";"13:00:00";"Baked Potato Chips (Lay's)";"1.0000";"serving, 11 crisps (1.0 oz)";"110";"2";"2";"23";"2";"0";"2";"40";"180";"0"
"Standard";"Based on the Dietary Guidelines for Americans, rich in whole grains, fruits, vegetables and lean protein.";"2500";"Lunch";"13:00:00";"Tomato, fresh";"1.0000";"slice, thin/small (0.5 oz)";"3";"0";"0";"1";"0";"0";"0";"2";"1";"0"
"Standard";"Based on the Dietary Guidelines for Americans, rich in whole grains, fruits, vegetables and lean protein.";"2500";"Lunch";"13:00:00";"Low-Fat Cheddar Cheese";"1.0000";"slice (1.0 oz)";"48";"7";"2";"1";"0";"6";"0";"116";"171";"1"
"Standard";"Based on the Dietary Guidelines for Americans, rich in whole grains, fruits, vegetables and lean protein.";"2500";"Lunch";"13:00:00";"Chicken Breast, Teriyaki, boneless skinless (Foster Farms)";"4.0000";"oz";"133";"23";"2";"8";"2";"39";"0";"0";"456";"0"
"Standard";"Based on the Dietary Guidelines for Americans, rich in whole grains, fruits, vegetables and lean protein.";"2500";"Lunch";"13:00:00";"Pineapple, canned in juice";"1.0000";"slice or ring, 3" dia with liquid (1.7 oz)";"28";"0";"0";"7";"7";"0";"0";"7";"0";"0"
"Standard";"Based on the Dietary Guidelines for Americans, rich in whole grains, fruits, vegetables and lean protein.";"2500";"Lunch";"13:00:00";"Cantaloupe Melon";"1.0000";"cup, cubes (5.6 oz)";"54";"1";"0";"13";"13";"0";"1";"14";"26";"0"
"Standard";"Based on the Dietary Guidelines for Americans, rich in whole grains, fruits, vegetables and lean protein.";"2500";"Lunch";"13:00:00";"Hamburger Bun, 100% Whole Wheat (Pepperidge Farm)";"1.0000";"bun";"120";"6";"2";"18";"3";"0";"2";"40";"190";"0"
"Standard";"Based on the Dietary Guidelines for Americans, rich in whole grains, fruits, vegetables and lean protein.";"2500";"Lunch";"13:00:00";"Iceberg Lettuce";"1.0000";"leaf, medium (0.3 oz)";"1";"0";"0";"0";"0";"0";"0";"1";"1";"0"
"Standard";"Based on the Dietary Guidelines for Americans, rich in whole grains, fruits, vegetables and lean protein.";"2500";"Afternoon Snack";"17:00:00";"Whole Wheat Bagel (Thomas)";"1.0000";"bagel (3.7 oz)";"270";"12";"2";"55";"8";"0";"8";"100";"440";"1"
"Standard";"Based on the Dietary Guidelines for Americans, rich in whole grains, fruits, vegetables and lean protein.";"2500";"Afternoon Snack";"17:00:00";"Peanut Butter, Creamy, Reduced-Fat (Skippy)";"1.0000";"serving, 2 tablespoons (1.3 oz)";"190";"7";"12";"15";"5";"0";"2";"0";"190";"3"
"Standard";"Based on the Dietary Guidelines for Americans, rich in whole grains, fruits, vegetables and lean protein.";"2500";"Dinner";"19:00:00";"Rice Pilaf (Uncle Ben's)";"1.5000";"serving, cup prepared";"300";"8";"1";"65";"2";"0";"2";"30";"960";"0"
"Standard";"Based on the Dietary Guidelines for Americans, rich in whole grains, fruits, vegetables and lean protein.";"2500";"Dinner";"19:00:00";"100% Whole Wheat Dinner Rolls";"1.0000";"roll (1.1 oz)";"70";"3";"1";"13";"3";"0";"2";"0";"150";"0"
"Standard";"Based on the Dietary Guidelines for Americans, rich in whole grains, fruits, vegetables and lean protein.";"2500";"Dinner";"19:00:00";"Orange Roughy Fish, cooked, dry heat";"6.0000";"oz";"179";"39";"2";"0";"0";"136";"0";"19";"117";"0"
"Standard";"Based on the Dietary Guidelines for Americans, rich in whole grains, fruits, vegetables and lean protein.";"2500";"Dinner";"19:00:00";"Skim Milk";"12.0000";"fl.oz (1.1 oz)";"136";"13";"1";"18";"18";"7";"0";"474";"195";"1"
"Standard";"Based on the Dietary Guidelines for Americans, rich in whole grains, fruits, vegetables and lean protein.";"2500";"Dinner";"19:00:00";"Strawberries, fresh";"1.0000";"cup, halves (5.4 oz)";"49";"1";"0";"12";"7";"0";"3";"24";"2";"0"
"Standard";"Based on the Dietary Guidelines for Americans, rich in whole grains, fruits, vegetables and lean protein.";"2500";"Dinner";"19:00:00";"Fresh Blackberries";"1.0000";"cup (5.1 oz)";"62";"2";"1";"14";"7";"0";"8";"42";"1";"0"
"Standard";"Based on the Dietary Guidelines for Americans, rich in whole grains, fruits, vegetables and lean protein.";"2500";"Dinner";"19:00:00";"Frozen Asparagus Stir-Fry";".5000";"serving, 2 cups (5.0 oz)";"40";"2";"0";"8";"0";"0";"1";"20";"18";"0"
"Standard";"Based on the Dietary Guidelines for Americans, rich in whole grains, fruits, vegetables and lean protein.";"2750";"Breakfast";"07:00:00";"Scrambled Eggs: 2 large eggs w. 1 tbsp non-fat milk, no added fat";"1.0000";"meal";"154";"14";"10";"2";"2";"424";"0";"0";"148";"3"
"Standard";"Based on the Dietary Guidelines for Americans, rich in whole grains, fruits, vegetables and lean protein.";"2750";"Breakfast";"07:00:00";"Grapefruit, all types, raw";"1.0000";"serving, 1/2 large, approx 4-1/2" dia (5.9 oz)";"53";"1";"0";"13";"12";"0";"2";"20";"0";"0"
"Standard";"Based on the Dietary Guidelines for Americans, rich in whole grains, fruits, vegetables and lean protein.";"2750";"Breakfast";"07:00:00";"Skim Milk";"1.0000";"cup (8.6 oz)";"91";"9";"1";"12";"12";"5";"0";"316";"130";"0"
"Standard";"Based on the Dietary Guidelines for Americans, rich in whole grains, fruits, vegetables and lean protein.";"2750";"Breakfast";"07:00:00";"Sugar, granulated white";"1.0000";"teaspoon, level (0.1 oz)";"16";"0";"0";"4";"4";"0";"0";"0";"0";"0"
"Standard";"Based on the Dietary Guidelines for Americans, rich in whole grains, fruits, vegetables and lean protein.";"2750";"Breakfast";"07:00:00";"100% Whole Wheat Bread (Orowheat)";"2.0000";"slice (1.3 oz)";"200";"8";"2";"38";"8";"0";"6";"120";"420";"0"
"Standard";"Based on the Dietary Guidelines for Americans, rich in whole grains, fruits, vegetables and lean protein.";"2750";"Breakfast";"07:00:00";"Whipped Butter";"1.0000";"tablespoon (0.3 oz)";"67";"0";"8";"0";"0";"21";"0";"2";"78";"5"
"Standard";"Based on the Dietary Guidelines for Americans, rich in whole grains, fruits, vegetables and lean protein.";"2750";"Morning Snack";"10:00:00";"Low-Fat Yogurt, Fruit Flavored";"1.0000";"container (6.0 oz)";"173";"7";"2";"32";"32";"7";"0";"258";"99";"1"
"Standard";"Based on the Dietary Guidelines for Americans, rich in whole grains, fruits, vegetables and lean protein.";"2750";"Morning Snack";"10:00:00";"Banana";"1.0000";"medium, 7" to 7-7/8" long (4.2 oz)";"105";"1";"0";"27";"14";"0";"3";"6";"1";"0"
"Standard";"Based on the Dietary Guidelines for Americans, rich in whole grains, fruits, vegetables and lean protein.";"2750";"Lunch";"13:00:00";"Tomato, fresh";"2.0000";"wedge, 1/4 of medium tomato (1.1 oz)";"11";"1";"0";"2";"2";"0";"1";"6";"3";"0"
"Standard";"Based on the Dietary Guidelines for Americans, rich in whole grains, fruits, vegetables and lean protein.";"2750";"Lunch";"13:00:00";"Zesty Italian Dressing, Reduced-Fat (Kraft)";"1.0000";"serving, 2 tablespoons (1.1 oz)";"25";"0";"2";"2";"2";"0";"0";"0";"470";"0"
"Standard";"Based on the Dietary Guidelines for Americans, rich in whole grains, fruits, vegetables and lean protein.";"2750";"Lunch";"13:00:00";"Turkey Breast Deli Meat, Oven Roasted, Thin Sliced, 98% fat-free";"4.0000";"oz";"119";"18";"2";"4";"0";"40";"0";"0";"1253";"0"
"Standard";"Based on the Dietary Guidelines for Americans, rich in whole grains, fruits, vegetables and lean protein.";"2750";"Lunch";"13:00:00";"Fresh Avocado";".5000";"fruit without skin and seeds (6.1 oz)";"144";"2";"13";"7";"0";"0";"6";"11";"7";"2"
"Standard";"Based on the Dietary Guidelines for Americans, rich in whole grains, fruits, vegetables and lean protein.";"2750";"Lunch";"13:00:00";"Plums, average all varieties";"2.0000";"fruit, 2-1/8" dia (2.3 oz)";"61";"1";"0";"15";"13";"0";"2";"8";"0";"0"
"Standard";"Based on the Dietary Guidelines for Americans, rich in whole grains, fruits, vegetables and lean protein.";"2750";"Lunch";"13:00:00";"Swiss Cheese, Low-Fat";"2.0000";"slice (1.0 oz)";"100";"16";"3";"2";"1";"20";"0";"538";"146";"2"
"Standard";"Based on the Dietary Guidelines for Americans, rich in whole grains, fruits, vegetables and lean protein.";"2750";"Lunch";"13:00:00";"Pita Bread, 100% Whole Wheat (Thomas')";"2.0000";"loaf (2.0 oz)";"280";"12";"3";"54";"4";"0";"8";"200";"620";"0"
"Standard";"Based on the Dietary Guidelines for Americans, rich in whole grains, fruits, vegetables and lean protein.";"2750";"Lunch";"13:00:00";"Cucumber";"1.0000";"serving, 1/2 cup, slices (1.8 oz)";"8";"0";"0";"2";"1";"0";"0";"8";"1";"0"
"Standard";"Based on the Dietary Guidelines for Americans, rich in whole grains, fruits, vegetables and lean protein.";"2750";"Lunch";"13:00:00";"Romaine Lettuce";"2.0000";"cup, shredded (1.7 oz)";"16";"1";"0";"3";"1";"0";"2";"31";"8";"0"
"Standard";"Based on the Dietary Guidelines for Americans, rich in whole grains, fruits, vegetables and lean protein.";"2750";"Afternoon Snack";"17:00:00";"Apple";"1.0000";"large, 3-1/4" dia, approx 2 per lb (7.5 oz)";"110";"1";"0";"29";"22";"0";"5";"13";"2";"0"
"Standard";"Based on the Dietary Guidelines for Americans, rich in whole grains, fruits, vegetables and lean protein.";"2750";"Afternoon Snack";"17:00:00";"7 Grain Crackers (Kashi)";"1.0000";"serving, 15 crackers (1.1 oz)";"130";"3";"3";"22";"3";"0";"2";"20";"160";"0"
"Standard";"Based on the Dietary Guidelines for Americans, rich in whole grains, fruits, vegetables and lean protein.";"2750";"Afternoon Snack";"17:00:00";"Light String Cheese";"1.0000";"single (1.0 oz)";"60";"7";"3";"1";"0";"10";"0";"200";"210";"2"
"Standard";"Based on the Dietary Guidelines for Americans, rich in whole grains, fruits, vegetables and lean protein.";"2750";"Dinner";"19:00:00";"Fruit cocktail, in water";"1.0000";"cup (8.4 oz)";"76";"1";"0";"20";"18";"0";"2";"12";"9";"0"
"Standard";"Based on the Dietary Guidelines for Americans, rich in whole grains, fruits, vegetables and lean protein.";"2750";"Dinner";"19:00:00";"Broccoli & Carrots w. Garlic & Herbs (Green Giant)";"1.0000";"serving, 1 1/2 cups (4.6 oz)";"60";"2";"3";"8";"3";"0";"3";"40";"260";"1"
"Standard";"Based on the Dietary Guidelines for Americans, rich in whole grains, fruits, vegetables and lean protein.";"2750";"Dinner";"19:00:00";"Chicken Breast, meat only, grilled/roasted/baked";"5.0000";"oz";"234";"44";"5";"0";"0";"120";"0";"21";"105";"1"
"Standard";"Based on the Dietary Guidelines for Americans, rich in whole grains, fruits, vegetables and lean protein.";"2750";"Dinner";"19:00:00";"Brown rice, medium-grain, cooked";"1.5000";"cup (6.9 oz)";"328";"7";"2";"69";"0";"0";"5";"29";"3";"0"
"Standard";"Based on the Dietary Guidelines for Americans, rich in whole grains, fruits, vegetables and lean protein.";"2750";"Dinner";"19:00:00";"Whipped Butter";"1.0000";"tablespoon (0.3 oz)";"67";"0";"8";"0";"0";"21";"0";"2";"78";"5"
"Standard";"Based on the Dietary Guidelines for Americans, rich in whole grains, fruits, vegetables and lean protein.";"2750";"Dinner";"19:00:00";"100% Whole Wheat Dinner Rolls";"1.0000";"roll (1.1 oz)";"70";"3";"1";"13";"3";"0";"2";"0";"150";"0"
"Standard";"Based on the Dietary Guidelines for Americans, rich in whole grains, fruits, vegetables and lean protein.";"3000";"Breakfast";"07:00:00";"Whipped Butter";"1.0000";"tablespoon (0.3 oz)";"67";"0";"8";"0";"0";"21";"0";"2";"78";"5"
"Standard";"Based on the Dietary Guidelines for Americans, rich in whole grains, fruits, vegetables and lean protein.";"3000";"Breakfast";"07:00:00";"Whole Wheat Waffles, Low-Fat, frozen (Eggo)";"1.5000";"serving, 2 waffles (2.5 oz)";"210";"8";"4";"42";"5";"0";"3";"150";"645";"1"
"Standard";"Based on the Dietary Guidelines for Americans, rich in whole grains, fruits, vegetables and lean protein.";"3000";"Breakfast";"07:00:00";"Egg (hard-boiled/scrambled/poached)";"2.0000";"large (1.8 oz)";"155";"13";"11";"1";"1";"424";"0";"50";"124";"3"
"Standard";"Based on the Dietary Guidelines for Americans, rich in whole grains, fruits, vegetables and lean protein.";"3000";"Breakfast";"07:00:00";"Strawberries, fresh";"1.0000";"cup, halves (5.4 oz)";"49";"1";"0";"12";"7";"0";"3";"24";"2";"0"
"Standard";"Based on the Dietary Guidelines for Americans, rich in whole grains, fruits, vegetables and lean protein.";"3000";"Breakfast";"07:00:00";"Syrups, Sugar Free (Mrs Butterworth's)";"1.0000";"serving, 1/4 cup (2.0 fl.oz)";"35";"0";"0";"12";"12";"0";"0";"0";"100";"0"
"Standard";"Based on the Dietary Guidelines for Americans, rich in whole grains, fruits, vegetables and lean protein.";"3000";"Breakfast";"07:00:00";"Fresh Blackberries";".5000";"cup (5.1 oz)";"31";"1";"0";"7";"4";"0";"4";"21";"1";"0"
"Standard";"Based on the Dietary Guidelines for Americans, rich in whole grains, fruits, vegetables and lean protein.";"3000";"Breakfast";"07:00:00";"Skim Milk";"12.0000";"fl.oz (1.1 oz)";"136";"13";"1";"18";"18";"7";"0";"474";"195";"1"
"Standard";"Based on the Dietary Guidelines for Americans, rich in whole grains, fruits, vegetables and lean protein.";"3000";"Morning Snack";"10:00:00";"Banana";"1.0000";"large, 8" to 8-7/8" long (4.8 oz)";"121";"1";"0";"31";"17";"0";"4";"7";"1";"0"
"Standard";"Based on the Dietary Guidelines for Americans, rich in whole grains, fruits, vegetables and lean protein.";"3000";"Morning Snack";"10:00:00";"Almonds, raw";"1.0000";"serving, 23 whole kernels (1.0 oz)";"164";"6";"14";"6";"1";"0";"3";"70";"0";"1"
"Standard";"Based on the Dietary Guidelines for Americans, rich in whole grains, fruits, vegetables and lean protein.";"3000";"Lunch";"13:00:00";"Pizza Sauce";"1.0000";"serving, 1/2 pouch (2.5 oz)";"50";"2";"0";"11";"4";"0";"1";"0";"360";"0"
"Standard";"Based on the Dietary Guidelines for Americans, rich in whole grains, fruits, vegetables and lean protein.";"3000";"Lunch";"13:00:00";"Pizza Crust, 8" Mini (Boboli)";"2.0000";"serving, 1/2 crust (2.5 oz)";"400";"14";"10";"64";"2";"0";"2";"200";"820";"4"
"Standard";"Based on the Dietary Guidelines for Americans, rich in whole grains, fruits, vegetables and lean protein.";"3000";"Lunch";"13:00:00";"Onions, all types, raw/cooked";"1.0000";"tablespoon, chopped (0.4 oz)";"4";"0";"0";"1";"0";"0";"0";"2";"0";"0"
"Standard";"Based on the Dietary Guidelines for Americans, rich in whole grains, fruits, vegetables and lean protein.";"3000";"Lunch";"13:00:00";"Peppers, bell or sweet, raw";"2.0000";"tablespoon (0.3 oz)";"5";"0";"0";"1";"1";"0";"0";"1";"0";"0"
"Standard";"Based on the Dietary Guidelines for Americans, rich in whole grains, fruits, vegetables and lean protein.";"3000";"Lunch";"13:00:00";"Pineapple, fresh";"1.0000";"cup, diced (5.5 oz)";"74";"1";"0";"20";"14";"0";"2";"20";"2";"0"
"Standard";"Based on the Dietary Guidelines for Americans, rich in whole grains, fruits, vegetables and lean protein.";"3000";"Lunch";"13:00:00";"Mozzarella Cheese, part skim milk";"1.0000";"serving (1.0 oz)";"72";"7";"5";"1";"0";"18";"0";"222";"175";"3"
"Standard";"Based on the Dietary Guidelines for Americans, rich in whole grains, fruits, vegetables and lean protein.";"3000";"Lunch";"13:00:00";"Romaine Lettuce";"3.0000";"cup, shredded (1.7 oz)";"24";"2";"0";"5";"2";"0";"3";"47";"11";"0"
"Standard";"Based on the Dietary Guidelines for Americans, rich in whole grains, fruits, vegetables and lean protein.";"3000";"Lunch";"13:00:00";"Italian Dressing, Fat-Free";"2.0000";"tablespoon (0.5 oz)";"13";"0";"0";"2";"2";"1";"0";"1";"316";"0"
"Standard";"Based on the Dietary Guidelines for Americans, rich in whole grains, fruits, vegetables and lean protein.";"3000";"Lunch";"13:00:00";"Chicken Breast, meat only, grilled/roasted/baked";"1.0000";"cup, chopped or diced (4.9 oz)";"231";"43";"5";"0";"0";"119";"0";"21";"104";"1"
"Standard";"Based on the Dietary Guidelines for Americans, rich in whole grains, fruits, vegetables and lean protein.";"3000";"Afternoon Snack";"17:00:00";"Low-Fat Yogurt, Fruit Flavored";"1.0000";"container (6.0 oz)";"173";"7";"2";"32";"32";"7";"0";"258";"99";"1"
"Standard";"Based on the Dietary Guidelines for Americans, rich in whole grains, fruits, vegetables and lean protein.";"3000";"Afternoon Snack";"17:00:00";"Granola Bar, plain";"2.0000";"bar (0.9 oz)";"236";"5";"10";"32";"0";"0";"3";"31";"147";"1"
"Standard";"Based on the Dietary Guidelines for Americans, rich in whole grains, fruits, vegetables and lean protein.";"3000";"Dinner";"19:00:00";"Broccoli, cooked";"1.0000";"serving, 1/2 cup, chopped (2.8 oz)";"27";"2";"0";"6";"1";"0";"3";"31";"32";"0"
"Standard";"Based on the Dietary Guidelines for Americans, rich in whole grains, fruits, vegetables and lean protein.";"3000";"Dinner";"19:00:00";"Skim Milk";"12.0000";"fl.oz (1.1 oz)";"136";"13";"1";"18";"18";"7";"0";"474";"195";"1"
"Standard";"Based on the Dietary Guidelines for Americans, rich in whole grains, fruits, vegetables and lean protein.";"3000";"Dinner";"19:00:00";"Fruit Juices: Lemon, fresh";"2.0000";"wedge yields (0.2 fl.oz)";"3";"0";"0";"1";"0";"0";"0";"1";"0";"0"
"Standard";"Based on the Dietary Guidelines for Americans, rich in whole grains, fruits, vegetables and lean protein.";"3000";"Dinner";"19:00:00";"Sweet Potato, baked in skin";"1.0000";"medium, 2" dia, 5" long (4.0 oz)";"103";"2";"0";"24";"10";"0";"4";"43";"41";"0"
"Standard";"Based on the Dietary Guidelines for Americans, rich in whole grains, fruits, vegetables and lean protein.";"3000";"Dinner";"19:00:00";"Wild Rice, cooked";"3.0000";"serving, 1/2 cup (2.9 oz)";"248";"10";"1";"52";"2";"0";"4";"7";"7";"0"
"Standard";"Based on the Dietary Guidelines for Americans, rich in whole grains, fruits, vegetables and lean protein.";"3000";"Dinner";"19:00:00";"Fresh Grapes";"1.0000";"cup (3.2 oz)";"62";"1";"0";"16";"15";"0";"1";"13";"2";"0"
"Standard";"Based on the Dietary Guidelines for Americans, rich in whole grains, fruits, vegetables and lean protein.";"3000";"Dinner";"19:00:00";"Halibut, cooked";"5.0000";"oz";"198";"38";"4";"0";"0";"58";"0";"85";"98";"1"
"Standard";"Based on the Dietary Guidelines for Americans, rich in whole grains, fruits, vegetables and lean protein.";"3250";"Breakfast";"07:00:00";"Scrambled Eggs";"2.0000";"meal";"394";"27";"30";"3";"3";"852";"0";"0";"292";"8"
"Standard";"Based on the Dietary Guidelines for Americans, rich in whole grains, fruits, vegetables and lean protein.";"3250";"Breakfast";"07:00:00";"Whipped Butter";"1.0000";"tablespoon (0.3 oz)";"67";"0";"8";"0";"0";"21";"0";"2";"78";"5"
"Standard";"Based on the Dietary Guidelines for Americans, rich in whole grains, fruits, vegetables and lean protein.";"3250";"Breakfast";"07:00:00";"12 Grain Bread (Orowheat)";"2.0000";"slice (1.3 oz)";"220";"8";"3";"40";"8";"0";"2";"80";"380";"0"
"Standard";"Based on the Dietary Guidelines for Americans, rich in whole grains, fruits, vegetables and lean protein.";"3250";"Breakfast";"07:00:00";"Strawberry Jelly";"1.0000";"tablespoon (0.7 oz)";"50";"0";"0";"13";"12";"0";"0";"0";"0";"0"
"Standard";"Based on the Dietary Guidelines for Americans, rich in whole grains, fruits, vegetables and lean protein.";"3250";"Breakfast";"07:00:00";"Orange Juice ";"2.0000";"cup (8.1 fl.oz)";"220";"4";"0";"52";"44";"0";"0";"700";"0";"0"
"Standard";"Based on the Dietary Guidelines for Americans, rich in whole grains, fruits, vegetables and lean protein.";"3250";"Morning Snack";"10:00:00";"Low-Fat Yogurt, Fruit Flavored";"1.0000";"container (6.0 oz)";"173";"7";"2";"32";"32";"7";"0";"258";"99";"1"
"Standard";"Based on the Dietary Guidelines for Americans, rich in whole grains, fruits, vegetables and lean protein.";"3250";"Morning Snack";"10:00:00";"Apple";"1.0000";"medium, 2-3/4" dia, approx 3 per lb (4.9 oz)";"72";"0";"0";"19";"14";"0";"3";"8";"1";"0"
"Standard";"Based on the Dietary Guidelines for Americans, rich in whole grains, fruits, vegetables and lean protein.";"3250";"Lunch";"13:00:00";"Minestrone Soup, canned";"2.0000";"cup (8.5 oz)";"254";"10";"6";"41";"10";"10";"12";"120";"1728";"3"
"Standard";"Based on the Dietary Guidelines for Americans, rich in whole grains, fruits, vegetables and lean protein.";"3250";"Lunch";"13:00:00";"Tuna, light, in water, drained ";"1.0000";"cup, solid or chunks (5.4 oz)";"179";"39";"1";"0";"0";"46";"0";"17";"521";"0"
"Standard";"Based on the Dietary Guidelines for Americans, rich in whole grains, fruits, vegetables and lean protein.";"3250";"Lunch";"13:00:00";"Tomato, fresh";"3.0000";"slice, thin/small (0.5 oz)";"8";"0";"0";"2";"1";"0";"1";"5";"2";"0"
"Standard";"Based on the Dietary Guidelines for Americans, rich in whole grains, fruits, vegetables and lean protein.";"3250";"Lunch";"13:00:00";"Whole Wheat Pita Bread (Khoubiz)";"1.0000";"extra large, 9" dia (4.0 oz)";"302";"11";"3";"62";"1";"0";"8";"17";"604";"0"
"Standard";"Based on the Dietary Guidelines for Americans, rich in whole grains, fruits, vegetables and lean protein.";"3250";"Lunch";"13:00:00";"Romaine Lettuce";"3.0000";"leaf, inner (0.2 oz)";"3";"0";"0";"1";"0";"0";"0";"6";"1";"0"
"Standard";"Based on the Dietary Guidelines for Americans, rich in whole grains, fruits, vegetables and lean protein.";"3250";"Lunch";"13:00:00";"Mayonnaise: Reduced-Fat Light";"2.0000";"tablespoon (0.5 oz)";"97";"0";"10";"2";"1";"11";"0";"2";"202";"2"
"Standard";"Based on the Dietary Guidelines for Americans, rich in whole grains, fruits, vegetables and lean protein.";"3250";"Lunch";"13:00:00";"Cantaloupe Melon";".5000";"cup, cubes (5.6 oz)";"27";"1";"0";"7";"6";"0";"1";"7";"13";"0"
"Standard";"Based on the Dietary Guidelines for Americans, rich in whole grains, fruits, vegetables and lean protein.";"3250";"Lunch";"13:00:00";"Pineapple, fresh";"1.0000";"cup, diced (5.5 oz)";"74";"1";"0";"20";"14";"0";"2";"20";"2";"0"
"Standard";"Based on the Dietary Guidelines for Americans, rich in whole grains, fruits, vegetables and lean protein.";"3250";"Afternoon Snack";"17:00:00";"Banana";"1.0000";"large, 8" to 8-7/8" long (4.8 oz)";"121";"1";"0";"31";"17";"0";"4";"7";"1";"0"
"Standard";"Based on the Dietary Guidelines for Americans, rich in whole grains, fruits, vegetables and lean protein.";"3250";"Dinner";"19:00:00";"Skim Milk";"2.0000";"cup (8.6 oz)";"181";"17";"1";"25";"25";"10";"0";"632";"260";"1"
"Standard";"Based on the Dietary Guidelines for Americans, rich in whole grains, fruits, vegetables and lean protein.";"3250";"Dinner";"19:00:00";"Whole Wheat Pasta, cooked";"2.0000";"cup, spaghetti (5.0 oz)";"352";"15";"2";"75";"2";"0";"8";"43";"9";"0"
"Standard";"Based on the Dietary Guidelines for Americans, rich in whole grains, fruits, vegetables and lean protein.";"3250";"Dinner";"19:00:00";"Ground Beef: 95% Extra Lean, broiled";"5.0000";"oz";"242";"37";"9";"0";"0";"108";"0";"10";"92";"4"
"Standard";"Based on the Dietary Guidelines for Americans, rich in whole grains, fruits, vegetables and lean protein.";"3250";"Dinner";"19:00:00";"Marinara/Spaghetti Sauce, Ready-to-Serve";"2.0000";"serving, 1/2 cup (4.4 oz)";"185";"5";"6";"28";"22";"0";"1";"68";"1203";"1"
"Standard";"Based on the Dietary Guidelines for Americans, rich in whole grains, fruits, vegetables and lean protein.";"3250";"Dinner";"19:00:00";"Parmesean Cheese, Grated";"2.0000";"teaspoon (0.2 oz)";"40";"4";"3";"0";"0";"10";"0";"120";"170";"2"
"Standard";"Based on the Dietary Guidelines for Americans, rich in whole grains, fruits, vegetables and lean protein.";"3500";"Breakfast";"07:00:00";"Egg (hard-boiled/scrambled/poached)";"2.0000";"large (1.8 oz)";"155";"13";"11";"1";"1";"424";"0";"50";"124";"3"
"Standard";"Based on the Dietary Guidelines for Americans, rich in whole grains, fruits, vegetables and lean protein.";"3500";"Breakfast";"07:00:00";"Spinach, raw";".5000";"cup (1.1 oz)";"3";"0";"0";"1";"0";"0";"0";"15";"12";"0"
"Standard";"Based on the Dietary Guidelines for Americans, rich in whole grains, fruits, vegetables and lean protein.";"3500";"Breakfast";"07:00:00";"100% Whole Wheat Bread (Orowheat)";"1.0000";"slice (1.3 oz)";"100";"4";"1";"19";"4";"0";"3";"60";"210";"0"
"Standard";"Based on the Dietary Guidelines for Americans, rich in whole grains, fruits, vegetables and lean protein.";"3500";"Breakfast";"07:00:00";"Swiss Cheese";".3300";"cup, shredded (3.8 oz)";"135";"10";"10";"2";"0";"33";"0";"282";"68";"6"
"Standard";"Based on the Dietary Guidelines for Americans, rich in whole grains, fruits, vegetables and lean protein.";"3500";"Breakfast";"07:00:00";"Egg white, cooked";"2.0000";"large (1.2 oz)";"34";"7";"0";"0";"0";"0";"0";"5";"110";"0"
"Standard";"Based on the Dietary Guidelines for Americans, rich in whole grains, fruits, vegetables and lean protein.";"3500";"Breakfast";"07:00:00";"Orange Strawberry Banana Juice (Tropicana)";"1.5000";"cup (8.1 fl.oz)";"195";"3";"0";"45";"39";"0";"0";"0";"0";"0"
"Standard";"Based on the Dietary Guidelines for Americans, rich in whole grains, fruits, vegetables and lean protein.";"3500";"Breakfast";"07:00:00";"Preserves or Jam";".5000";"tablespoon (0.7 oz)";"28";"0";"0";"7";"5";"0";"0";"2";"3";"0"
"Standard";"Based on the Dietary Guidelines for Americans, rich in whole grains, fruits, vegetables and lean protein.";"3500";"Breakfast";"07:00:00";"Mushrooms, white, raw";"1.0000";"serving, 1/2 cup, pieces (1.2 oz)";"8";"1";"0";"1";"1";"0";"0";"1";"2";"0"
"Standard";"Based on the Dietary Guidelines for Americans, rich in whole grains, fruits, vegetables and lean protein.";"3500";"Morning Snack";"10:00:00";"Whole Wheat Bagel (Thomas)";"1.0000";"bagel (3.7 oz)";"270";"12";"2";"55";"8";"0";"8";"100";"440";"1"
"Standard";"Based on the Dietary Guidelines for Americans, rich in whole grains, fruits, vegetables and lean protein.";"3500";"Morning Snack";"10:00:00";"Peanut Butter, Creamy";"1.0000";"serving, 2 tablespoons (1.1 oz)";"190";"7";"17";"7";"3";"0";"2";"0";"150";"4"
"Standard";"Based on the Dietary Guidelines for Americans, rich in whole grains, fruits, vegetables and lean protein.";"3500";"Lunch";"13:00:00";"Skim Milk";"12.0000";"fl.oz (1.1 oz)";"136";"13";"1";"18";"18";"7";"0";"474";"195";"1"
"Standard";"Based on the Dietary Guidelines for Americans, rich in whole grains, fruits, vegetables and lean protein.";"3500";"Lunch";"13:00:00";"Iceberg Lettuce";"1.0000";"leaf, medium (0.3 oz)";"1";"0";"0";"0";"0";"0";"0";"1";"1";"0"
"Standard";"Based on the Dietary Guidelines for Americans, rich in whole grains, fruits, vegetables and lean protein.";"3500";"Lunch";"13:00:00";"Chicken Breast, Teriyaki, boneless skinless (Foster Farms)";"5.0000";"oz";"167";"29";"2";"10";"3";"49";"0";"0";"570";"0"
"Standard";"Based on the Dietary Guidelines for Americans, rich in whole grains, fruits, vegetables and lean protein.";"3500";"Lunch";"13:00:00";"Pineapple, canned in juice";"1.0000";"slice or ring, 3" dia with liquid (1.7 oz)";"28";"0";"0";"7";"7";"0";"0";"7";"0";"0"
"Standard";"Based on the Dietary Guidelines for Americans, rich in whole grains, fruits, vegetables and lean protein.";"3500";"Lunch";"13:00:00";"Cantaloupe Melon";"1.0000";"cup, cubes (5.6 oz)";"54";"1";"0";"13";"13";"0";"1";"14";"26";"0"
"Standard";"Based on the Dietary Guidelines for Americans, rich in whole grains, fruits, vegetables and lean protein.";"3500";"Lunch";"13:00:00";"Baked Potato Chips (Lay's)";"1.0000";"serving, 11 crisps (1.0 oz)";"110";"2";"2";"23";"2";"0";"2";"40";"180";"0"
"Standard";"Based on the Dietary Guidelines for Americans, rich in whole grains, fruits, vegetables and lean protein.";"3500";"Lunch";"13:00:00";"Tomato, fresh";"1.0000";"slice, thin/small (0.5 oz)";"3";"0";"0";"1";"0";"0";"0";"2";"1";"0"
"Standard";"Based on the Dietary Guidelines for Americans, rich in whole grains, fruits, vegetables and lean protein.";"3500";"Lunch";"13:00:00";"Hamburger Bun, 100% Whole Wheat (Pepperidge Farm)";"1.0000";"bun";"120";"6";"2";"18";"3";"0";"2";"40";"190";"0"
"Standard";"Based on the Dietary Guidelines for Americans, rich in whole grains, fruits, vegetables and lean protein.";"3500";"Lunch";"13:00:00";"Teriyaki sauce";"1.0000";"tablespoon (0.6 oz)";"15";"1";"0";"3";"2";"0";"0";"5";"690";"0"
"Standard";"Based on the Dietary Guidelines for Americans, rich in whole grains, fruits, vegetables and lean protein.";"3500";"Lunch";"13:00:00";"Low-Fat Cheddar Cheese";"1.0000";"slice (1.0 oz)";"48";"7";"2";"1";"0";"6";"0";"116";"171";"1"
"Standard";"Based on the Dietary Guidelines for Americans, rich in whole grains, fruits, vegetables and lean protein.";"3500";"Afternoon Snack";"17:00:00";"Strawberries, fresh";".5000";"cup, halves (5.4 oz)";"24";"1";"0";"6";"4";"0";"2";"12";"1";"0"
"Standard";"Based on the Dietary Guidelines for Americans, rich in whole grains, fruits, vegetables and lean protein.";"3500";"Afternoon Snack";"17:00:00";"Banana";"1.0000";"medium, 7" to 7-7/8" long (4.2 oz)";"105";"1";"0";"27";"14";"0";"3";"6";"1";"0"
"Standard";"Based on the Dietary Guidelines for Americans, rich in whole grains, fruits, vegetables and lean protein.";"3500";"Afternoon Snack";"17:00:00";"Yogurt, Plain, Low-Fat";"1.0000";"container (8.0 oz)";"143";"12";"4";"16";"16";"14";"0";"415";"159";"2"
"Standard";"Based on the Dietary Guidelines for Americans, rich in whole grains, fruits, vegetables and lean protein.";"3500";"Dinner";"19:00:00";"Roasted Chicken Thigh, meat only, without skin";"2.0000";"thigh, cooked (1.8 oz)";"217";"27";"11";"0";"0";"99";"0";"12";"92";"3"
"Standard";"Based on the Dietary Guidelines for Americans, rich in whole grains, fruits, vegetables and lean protein.";"3500";"Dinner";"19:00:00";"Wild Rice, cooked";"2.0000";"cup (5.8 oz)";"331";"13";"1";"70";"2";"0";"6";"10";"10";"0"
"Standard";"Based on the Dietary Guidelines for Americans, rich in whole grains, fruits, vegetables and lean protein.";"3500";"Dinner";"19:00:00";"Classic Mixed Vegetables, boiled or steamed (Birds Eye)";"1.5000";"serving, 2/3 cup (3.0 oz)";"90";"3";"0";"18";"0";"0";"3";"30";"30";"0"
"Standard";"Based on the Dietary Guidelines for Americans, rich in whole grains, fruits, vegetables and lean protein.";"3500";"Dinner";"19:00:00";"100% Whole Wheat Dinner Rolls";"1.0000";"roll (1.1 oz)";"70";"3";"1";"13";"3";"0";"2";"0";"150";"0"
"Standard";"Based on the Dietary Guidelines for Americans, rich in whole grains, fruits, vegetables and lean protein.";"3500";"Dinner";"19:00:00";"Skim Milk";"12.0000";"fl.oz (1.1 oz)";"136";"13";"1";"18";"18";"7";"0";"474";"195";"1"
"Standard";"Based on the Dietary Guidelines for Americans, rich in whole grains, fruits, vegetables and lean protein.";"3500";"Dinner";"19:00:00";"Mixed Fruit in light syrup, drained";"2.0000";"serving (3.5 oz)";"114";"1";"0";"29";"23";"0";"3";"10";"10";"0"
"Standard";"Based on the Dietary Guidelines for Americans, rich in whole grains, fruits, vegetables and lean protein.";"3500";"Dinner";"19:00:00";"Croutons, Seasoned";".2500";"cup (1.4 oz)";"47";"1";"2";"6";"0";"1";"1";"10";"124";"1"
"Standard";"Based on the Dietary Guidelines for Americans, rich in whole grains, fruits, vegetables and lean protein.";"3500";"Dinner";"19:00:00";"Whipped Butter";"1.0000";"tablespoon (0.3 oz)";"67";"0";"8";"0";"0";"21";"0";"2";"78";"5"
"Standard";"Based on the Dietary Guidelines for Americans, rich in whole grains, fruits, vegetables and lean protein.";"3500";"Dinner";"19:00:00";"Salad Dressing: Lively Lemon Tarragon ";"1.0000";"serving, 2 tablespoons (1.0 fl.oz)";"35";"0";"0";"8";"8";"0";"0";"0";"150";"0"
"Standard";"Based on the Dietary Guidelines for Americans, rich in whole grains, fruits, vegetables and lean protein.";"3500";"Dinner";"19:00:00";"Tomato, fresh";"6.0000";"cherry (0.6 oz)";"18";"1";"0";"4";"3";"0";"1";"10";"5";"0"
"Standard";"Based on the Dietary Guidelines for Americans, rich in whole grains, fruits, vegetables and lean protein.";"3500";"Evening Snack";"21:00:00";"Almonds, raw";".2500";"cup, whole (5.0 oz)";"207";"8";"18";"7";"2";"0";"4";"89";"0";"1"
"Standard";"Based on the Dietary Guidelines for Americans, rich in whole grains, fruits, vegetables and lean protein.";"3500";"Evening Snack";"21:00:00";"Apple";"1.0000";"large, 3-1/4" dia, approx 2 per lb (7.5 oz)";"110";"1";"0";"29";"22";"0";"5";"13";"2";"0"
"Standard";"Based on the Dietary Guidelines for Americans, rich in whole grains, fruits, vegetables and lean protein.";"3750";"Breakfast";"07:00:00";"Blueberries, fresh";"1.0000";"serving, 50 berries (2.4 oz)";"39";"1";"0";"10";"7";"0";"2";"4";"1";"0"
"Standard";"Based on the Dietary Guidelines for Americans, rich in whole grains, fruits, vegetables and lean protein.";"3750";"Breakfast";"07:00:00";"Oats/oatmeal, cooked (all types)";"2.0000";"cup (8.3 oz)";"295";"12";"5";"51";"1";"0";"8";"37";"5";"1"
"Standard";"Based on the Dietary Guidelines for Americans, rich in whole grains, fruits, vegetables and lean protein.";"3750";"Breakfast";"07:00:00";"Skim Milk";"12.0000";"fl.oz (1.1 oz)";"136";"13";"1";"18";"18";"7";"0";"474";"195";"1"
"Standard";"Based on the Dietary Guidelines for Americans, rich in whole grains, fruits, vegetables and lean protein.";"3750";"Breakfast";"07:00:00";"Pecans";"1.0000";"serving, 20 jumbo halves (1.0 oz)";"196";"3";"20";"4";"1";"0";"3";"20";"0";"2"
"Standard";"Based on the Dietary Guidelines for Americans, rich in whole grains, fruits, vegetables and lean protein.";"3750";"Breakfast";"07:00:00";"Blueberries, fresh";".5000";"cup (5.1 oz)";"41";"1";"0";"11";"7";"0";"2";"4";"1";"0"
"Standard";"Based on the Dietary Guidelines for Americans, rich in whole grains, fruits, vegetables and lean protein.";"3750";"Breakfast";"07:00:00";"100% Whole Wheat Bread (Orowheat)";"1.0000";"slice (1.3 oz)";"100";"4";"1";"19";"4";"0";"3";"60";"210";"0"
"Standard";"Based on the Dietary Guidelines for Americans, rich in whole grains, fruits, vegetables and lean protein.";"3750";"Breakfast";"07:00:00";"Whipped Butter";"1.0000";"tablespoon (0.3 oz)";"67";"0";"8";"0";"0";"21";"0";"2";"78";"5"
"Standard";"Based on the Dietary Guidelines for Americans, rich in whole grains, fruits, vegetables and lean protein.";"3750";"Morning Snack";"10:00:00";"Apple";"1.0000";"medium, 2-3/4" dia, approx 3 per lb (4.9 oz)";"72";"0";"0";"19";"14";"0";"3";"8";"1";"0"
"Standard";"Based on the Dietary Guidelines for Americans, rich in whole grains, fruits, vegetables and lean protein.";"3750";"Morning Snack";"10:00:00";"Almonds, raw";"1.0000";"serving, 23 whole kernels (1.0 oz)";"164";"6";"14";"6";"1";"0";"3";"70";"0";"1"
"Standard";"Based on the Dietary Guidelines for Americans, rich in whole grains, fruits, vegetables and lean protein.";"3750";"Lunch";"13:00:00";"Swiss Cheese, Low-Fat";"2.0000";"slice (1.0 oz)";"100";"16";"3";"2";"1";"20";"0";"538";"146";"2"
"Standard";"Based on the Dietary Guidelines for Americans, rich in whole grains, fruits, vegetables and lean protein.";"3750";"Lunch";"13:00:00";"Avocados, all types ";"2.0000";"oz";"91";"1";"8";"5";"0";"0";"4";"7";"4";"1"
"Standard";"Based on the Dietary Guidelines for Americans, rich in whole grains, fruits, vegetables and lean protein.";"3750";"Lunch";"13:00:00";"Oven Roasted Turkey Breast, Deli Slices";"6.0000";"slice (1.0 oz)";"180";"36";"0";"0";"0";"60";"0";"0";"1320";"0"
"Standard";"Based on the Dietary Guidelines for Americans, rich in whole grains, fruits, vegetables and lean protein.";"3750";"Lunch";"13:00:00";"100% Whole Wheat Bread (Orowheat)";"4.0000";"slice (1.3 oz)";"400";"16";"4";"76";"16";"0";"12";"240";"840";"0"
"Standard";"Based on the Dietary Guidelines for Americans, rich in whole grains, fruits, vegetables and lean protein.";"3750";"Lunch";"13:00:00";"Pears, all varieties, raw";"1.0000";"pear, medium, approx 2-1/2 per lb (5.9 oz)";"96";"1";"0";"26";"16";"0";"5";"15";"2";"0"
"Standard";"Based on the Dietary Guidelines for Americans, rich in whole grains, fruits, vegetables and lean protein.";"3750";"Lunch";"13:00:00";"Orange Juice ";"1.0000";"cup (8.1 fl.oz)";"110";"2";"0";"26";"22";"0";"0";"350";"0";"0"
"Standard";"Based on the Dietary Guidelines for Americans, rich in whole grains, fruits, vegetables and lean protein.";"3750";"Afternoon Snack";"17:00:00";"Low-Fat Yogurt, Fruit Flavored";"1.0000";"container (6.0 oz)";"173";"7";"2";"32";"32";"7";"0";"258";"99";"1"
"Standard";"Based on the Dietary Guidelines for Americans, rich in whole grains, fruits, vegetables and lean protein.";"3750";"Afternoon Snack";"17:00:00";"Banana";"1.0000";"medium, 7" to 7-7/8" long (4.2 oz)";"105";"1";"0";"27";"14";"0";"3";"6";"1";"0"
"Standard";"Based on the Dietary Guidelines for Americans, rich in whole grains, fruits, vegetables and lean protein.";"3750";"Dinner";"19:00:00";"Whipped Butter";"1.0000";"tablespoon (0.3 oz)";"67";"0";"8";"0";"0";"21";"0";"2";"78";"5"
"Standard";"Based on the Dietary Guidelines for Americans, rich in whole grains, fruits, vegetables and lean protein.";"3750";"Dinner";"19:00:00";"Salmon, Atlantic, cooked";"6.0000";"oz";"350";"38";"21";"0";"0";"107";"0";"26";"104";"4"
"Standard";"Based on the Dietary Guidelines for Americans, rich in whole grains, fruits, vegetables and lean protein.";"3750";"Dinner";"19:00:00";"Brown rice, medium-grain, cooked";"2.0000";"cup (6.9 oz)";"437";"9";"3";"92";"0";"0";"7";"39";"4";"1"
"Standard";"Based on the Dietary Guidelines for Americans, rich in whole grains, fruits, vegetables and lean protein.";"3750";"Dinner";"19:00:00";"Fruit salad, canned in water";"1.0000";"cup (8.6 oz)";"74";"1";"0";"19";"0";"0";"2";"17";"7";"0"
"Standard";"Based on the Dietary Guidelines for Americans, rich in whole grains, fruits, vegetables and lean protein.";"3750";"Dinner";"19:00:00";"Green beans, snap or string, boiled";"1.0000";"cup (4.4 oz)";"44";"2";"0";"10";"2";"0";"4";"55";"1";"0"
"Standard";"Based on the Dietary Guidelines for Americans, rich in whole grains, fruits, vegetables and lean protein.";"3750";"Dinner";"19:00:00";"Skim Milk";"12.0000";"fl.oz (1.1 oz)";"136";"13";"1";"18";"18";"7";"0";"474";"195";"1"
"Standard";"Based on the Dietary Guidelines for Americans, rich in whole grains, fruits, vegetables and lean protein.";"3750";"Evening Snack";"21:00:00";"Frozen Yogurt, Low-Fat (TCBY)";"2.0000";"serving, 1/2 cup (3.4 oz)";"280";"8";"6";"46";"40";"30";"0";"160";"120";"4"
"Standard";"Based on the Dietary Guidelines for Americans, rich in whole grains, fruits, vegetables and lean protein.";"4000";"Breakfast";"07:00:00";"Whipped Butter";"1.0000";"tablespoon (0.3 oz)";"67";"0";"8";"0";"0";"21";"0";"2";"78";"5"
"Standard";"Based on the Dietary Guidelines for Americans, rich in whole grains, fruits, vegetables and lean protein.";"4000";"Breakfast";"07:00:00";"Oats/oatmeal, cooked (all types)";"2.0000";"cup (8.3 oz)";"295";"12";"5";"51";"1";"0";"8";"37";"5";"1"
"Standard";"Based on the Dietary Guidelines for Americans, rich in whole grains, fruits, vegetables and lean protein.";"4000";"Breakfast";"07:00:00";"Skim Milk";"16.0000";"fl.oz (1.1 oz)";"181";"17";"1";"25";"25";"10";"0";"632";"259";"1"
"Standard";"Based on the Dietary Guidelines for Americans, rich in whole grains, fruits, vegetables and lean protein.";"4000";"Breakfast";"07:00:00";"100% Whole Wheat Bread (Orowheat)";"2.0000";"slice (1.3 oz)";"200";"8";"2";"38";"8";"0";"6";"120";"420";"0"
"Standard";"Based on the Dietary Guidelines for Americans, rich in whole grains, fruits, vegetables and lean protein.";"4000";"Breakfast";"07:00:00";"Preserves or Jam";"1.0000";"tablespoon (0.7 oz)";"56";"0";"0";"14";"10";"0";"0";"4";"6";"0"
"Standard";"Based on the Dietary Guidelines for Americans, rich in whole grains, fruits, vegetables and lean protein.";"4000";"Breakfast";"07:00:00";"Blueberries, fresh";".5000";"cup (5.1 oz)";"41";"1";"0";"11";"7";"0";"2";"4";"1";"0"
"Standard";"Based on the Dietary Guidelines for Americans, rich in whole grains, fruits, vegetables and lean protein.";"4000";"Morning Snack";"10:00:00";"Almonds, raw";"1.0000";"serving, 23 whole kernels (1.0 oz)";"164";"6";"14";"6";"1";"0";"3";"70";"0";"1"
"Standard";"Based on the Dietary Guidelines for Americans, rich in whole grains, fruits, vegetables and lean protein.";"4000";"Morning Snack";"10:00:00";"Banana";"1.0000";"medium, 7" to 7-7/8" long (4.2 oz)";"105";"1";"0";"27";"14";"0";"3";"6";"1";"0"
"Standard";"Based on the Dietary Guidelines for Americans, rich in whole grains, fruits, vegetables and lean protein.";"4000";"Morning Snack";"10:00:00";"Low-Fat Yogurt, Fruit Flavored";"1.0000";"container (6.0 oz)";"173";"7";"2";"32";"32";"7";"0";"258";"99";"1"
"Standard";"Based on the Dietary Guidelines for Americans, rich in whole grains, fruits, vegetables and lean protein.";"4000";"Lunch";"13:00:00";"Tomato, fresh";"4.0000";"slice, thin/small (0.5 oz)";"11";"1";"0";"2";"2";"0";"1";"6";"3";"0"
"Standard";"Based on the Dietary Guidelines for Americans, rich in whole grains, fruits, vegetables and lean protein.";"4000";"Lunch";"13:00:00";"Romaine Lettuce";"4.0000";"leaf, inner (0.2 oz)";"4";"0";"0";"1";"0";"0";"1";"8";"2";"0"
"Standard";"Based on the Dietary Guidelines for Americans, rich in whole grains, fruits, vegetables and lean protein.";"4000";"Lunch";"13:00:00";"Tuna, light, in water, drained ";"2.0000";"serving (3.0 oz)";"197";"43";"1";"0";"0";"51";"0";"19";"575";"0"
"Standard";"Based on the Dietary Guidelines for Americans, rich in whole grains, fruits, vegetables and lean protein.";"4000";"Lunch";"13:00:00";"Mayonnaise: Reduced-Fat Light";"2.0000";"tablespoon (0.5 oz)";"97";"0";"10";"2";"1";"11";"0";"2";"202";"2"
"Standard";"Based on the Dietary Guidelines for Americans, rich in whole grains, fruits, vegetables and lean protein.";"4000";"Lunch";"13:00:00";"Grapes, Red or Green ";"2.0000";"cup, with seeds, yields (5.3 oz)";"208";"2";"0";"55";"47";"0";"3";"30";"6";"0"
"Standard";"Based on the Dietary Guidelines for Americans, rich in whole grains, fruits, vegetables and lean protein.";"4000";"Lunch";"13:00:00";"100% Whole Wheat Bread (Orowheat)";"4.0000";"slice (1.3 oz)";"400";"16";"4";"76";"16";"0";"12";"240";"840";"0"
"Standard";"Based on the Dietary Guidelines for Americans, rich in whole grains, fruits, vegetables and lean protein.";"4000";"Afternoon Snack";"17:00:00";"Light String Cheese, Natural (Sargento)";"2.0000";"piece (0.7 oz)";"100";"12";"5";"1";"0";"20";"0";"300";"360";"3"
"Standard";"Based on the Dietary Guidelines for Americans, rich in whole grains, fruits, vegetables and lean protein.";"4000";"Afternoon Snack";"17:00:00";"Baked Whole Wheat Crackers (Triscuit)";"2.0000";"serving, 6 crackers (1.0 oz)";"240";"6";"9";"38";"0";"0";"6";"0";"360";"1"
"Standard";"Based on the Dietary Guidelines for Americans, rich in whole grains, fruits, vegetables and lean protein.";"4000";"Afternoon Snack";"17:00:00";"Apple";"1.0000";"large, 3-1/4" dia, approx 2 per lb (7.5 oz)";"110";"1";"0";"29";"22";"0";"5";"13";"2";"0"
"Standard";"Based on the Dietary Guidelines for Americans, rich in whole grains, fruits, vegetables and lean protein.";"4000";"Dinner";"19:00:00";"Broccoli, cooked";"2.0000";"serving, 1/2 cup, chopped (2.8 oz)";"55";"4";"1";"11";"2";"0";"5";"62";"64";"0"
"Standard";"Based on the Dietary Guidelines for Americans, rich in whole grains, fruits, vegetables and lean protein.";"4000";"Dinner";"19:00:00";"Whipped Butter";"1.0000";"tablespoon (0.3 oz)";"67";"0";"8";"0";"0";"21";"0";"2";"78";"5"
"Standard";"Based on the Dietary Guidelines for Americans, rich in whole grains, fruits, vegetables and lean protein.";"4000";"Dinner";"19:00:00";"Skim Milk";"16.0000";"fl.oz (1.1 oz)";"181";"17";"1";"25";"25";"10";"0";"632";"259";"1"
"Standard";"Based on the Dietary Guidelines for Americans, rich in whole grains, fruits, vegetables and lean protein.";"4000";"Dinner";"19:00:00";"Chicken Breast, meat only, grilled/roasted/baked";"8.0000";"oz";"374";"70";"8";"0";"0";"193";"0";"34";"168";"2"
"Standard";"Based on the Dietary Guidelines for Americans, rich in whole grains, fruits, vegetables and lean protein.";"4000";"Dinner";"19:00:00";"Sweet Potato, baked in skin";"1.0000";"large (6.3 oz)";"162";"4";"0";"37";"15";"0";"6";"68";"65";"0"
"Standard";"Based on the Dietary Guidelines for Americans, rich in whole grains, fruits, vegetables and lean protein.";"4000";"Dinner";"19:00:00";"100% Whole Wheat Dinner Rolls";"2.0000";"roll (1.1 oz)";"140";"6";"2";"26";"6";"0";"4";"0";"300";"0"
"Standard";"Based on the Dietary Guidelines for Americans, rich in whole grains, fruits, vegetables and lean protein.";"4000";"Dinner";"19:00:00";"Honeydew Melon";"2.0000";"cup, diced, approx 20 pieces per cup (6.0 oz)";"122";"2";"0";"31";"28";"0";"3";"20";"61";"0"
"Standard";"Based on the Dietary Guidelines for Americans, rich in whole grains, fruits, vegetables and lean protein.";"4000";"Evening Snack";"21:00:00";"Frozen Yogurt, Low-Fat (TCBY)";"2.0000";"serving, 1/2 cup (3.4 oz)";"280";"8";"6";"46";"40";"30";"0";"160";"120";"4"
"Standard";"Based on the Dietary Guidelines for Americans, rich in whole grains, fruits, vegetables and lean protein.";"4250";"Breakfast";"07:00:00";"Oats/oatmeal, cooked (all types)";"2.0000";"cup (8.3 oz)";"295";"12";"5";"51";"1";"0";"8";"37";"5";"1"
"Standard";"Based on the Dietary Guidelines for Americans, rich in whole grains, fruits, vegetables and lean protein.";"4250";"Breakfast";"07:00:00";"Walnuts";"1.0000";"serving, 7 nuts (1.0 oz)";"183";"4";"18";"4";"1";"0";"2";"27";"1";"2"
"Standard";"Based on the Dietary Guidelines for Americans, rich in whole grains, fruits, vegetables and lean protein.";"4250";"Breakfast";"07:00:00";"Egg (hard-boiled/scrambled/poached)";"3.0000";"large (1.8 oz)";"233";"19";"16";"2";"2";"636";"0";"75";"186";"5"
"Standard";"Based on the Dietary Guidelines for Americans, rich in whole grains, fruits, vegetables and lean protein.";"4250";"Breakfast";"07:00:00";"Orange Juice, (Original Minute Maid)";"1.0000";"bottle (10.0 fl.oz)";"137";"2";"0";"34";"30";"0";"0";"25";"19";"0"
"Standard";"Based on the Dietary Guidelines for Americans, rich in whole grains, fruits, vegetables and lean protein.";"4250";"Breakfast";"07:00:00";"Milk (1% fat)";"2.0000";"cup (8.6 oz)";"211";"17";"5";"24";"0";"20";"0";"627";"255";"3"
"Standard";"Based on the Dietary Guidelines for Americans, rich in whole grains, fruits, vegetables and lean protein.";"4250";"Morning Snack";"10:00:00";"Vanilla Yogurt, All Natural";"8.0000";"oz";"200";"9";"3";"33";"33";"13";"0";"334";"133";"2"
"Standard";"Based on the Dietary Guidelines for Americans, rich in whole grains, fruits, vegetables and lean protein.";"4250";"Morning Snack";"10:00:00";"Banana";"1.0000";"large, 8" to 8-7/8" long (4.8 oz)";"121";"1";"0";"31";"17";"0";"4";"7";"1";"0"
"Standard";"Based on the Dietary Guidelines for Americans, rich in whole grains, fruits, vegetables and lean protein.";"4250";"Morning Snack";"10:00:00";"Raspberries, fresh";".5000";"cup (4.3 oz)";"32";"1";"0";"7";"3";"0";"4";"15";"1";"0"
"Standard";"Based on the Dietary Guidelines for Americans, rich in whole grains, fruits, vegetables and lean protein.";"4250";"Morning Snack";"10:00:00";"Strawberries, fresh";"1.0000";"cup, halves (5.4 oz)";"49";"1";"0";"12";"7";"0";"3";"24";"2";"0"
"Standard";"Based on the Dietary Guidelines for Americans, rich in whole grains, fruits, vegetables and lean protein.";"4250";"Lunch";"13:00:00";"Salsa,  Chunky (Pace)";"3.0000";"serving, 2 tablespoons";"30";"0";"0";"6";"6";"0";"2";"0";"690";"0"
"Standard";"Based on the Dietary Guidelines for Americans, rich in whole grains, fruits, vegetables and lean protein.";"4250";"Lunch";"13:00:00";"Black Olives, Sliced (Castella)";"1.0000";"serving (0.5 oz)";"25";"0";"2";"1";"0";"0";"0";"0";"110";"2"
"Standard";"Based on the Dietary Guidelines for Americans, rich in whole grains, fruits, vegetables and lean protein.";"4250";"Lunch";"13:00:00";"Chicken Breast, meat only, grilled/roasted/baked";"8.0000";"oz";"374";"70";"8";"0";"0";"193";"0";"34";"168";"2"
"Standard";"Based on the Dietary Guidelines for Americans, rich in whole grains, fruits, vegetables and lean protein.";"4250";"Lunch";"13:00:00";"Apple Sauce Cups ";"1.0000";"cup (3.9 oz)";"50";"0";"0";"13";"11";"0";"1";"0";"0";"0"
"Standard";"Based on the Dietary Guidelines for Americans, rich in whole grains, fruits, vegetables and lean protein.";"4250";"Lunch";"13:00:00";"Onions, all types, raw/cooked";"2.0000";"tablespoon, chopped (0.4 oz)";"8";"0";"0";"2";"1";"0";"0";"4";"1";"0"
"Standard";"Based on the Dietary Guidelines for Americans, rich in whole grains, fruits, vegetables and lean protein.";"4250";"Lunch";"13:00:00";"Tortillas, Flour";"2.0000";"tortilla, approx 10" dia (2.5 oz)";"437";"12";"11";"72";"3";"0";"4";"181";"890";"3"
"Standard";"Based on the Dietary Guidelines for Americans, rich in whole grains, fruits, vegetables and lean protein.";"4250";"Lunch";"13:00:00";"Vegetables, Dried: Beans, black, mature seeds, boiled, no salt added";"2.0000";"serving, 1/2 cup (3.0 oz)";"227";"15";"1";"41";"0";"0";"15";"46";"2";"0"
"Standard";"Based on the Dietary Guidelines for Americans, rich in whole grains, fruits, vegetables and lean protein.";"4250";"Lunch";"13:00:00";"Sargento: Cheese: Fancy, Mild Cheddar, shredded";"1.0000";"serving, 1/4 cup (1.0 oz)";"110";"7";"9";"1";"0";"30";"0";"200";"190";"5"
"Standard";"Based on the Dietary Guidelines for Americans, rich in whole grains, fruits, vegetables and lean protein.";"4250";"Afternoon Snack";"17:00:00";"Peanut Butter, Creamy, Reduced-Fat (Skippy)";"1.0000";"serving, 2 tablespoons (1.3 oz)";"190";"7";"12";"15";"5";"0";"2";"0";"190";"3"
"Standard";"Based on the Dietary Guidelines for Americans, rich in whole grains, fruits, vegetables and lean protein.";"4250";"Afternoon Snack";"17:00:00";"Celery, raw";"2.0000";"serving, 4 strips (0.5 oz)";"4";"0";"0";"1";"1";"0";"0";"11";"22";"0"
"Standard";"Based on the Dietary Guidelines for Americans, rich in whole grains, fruits, vegetables and lean protein.";"4250";"Dinner";"19:00:00";"Dinner Roll, Wheat";"2.0000";"medium (1.8 oz)";"271";"9";"6";"46";"2";"0";"4";"175";"338";"1"
"Standard";"Based on the Dietary Guidelines for Americans, rich in whole grains, fruits, vegetables and lean protein.";"4250";"Dinner";"19:00:00";"Thigh, without skin, roasted";"4.0000";"thigh [6 oz with bone & skin] (4.1 oz)";"970";"120";"50";"0";"0";"441";"0";"56";"408";"14"
"Standard";"Based on the Dietary Guidelines for Americans, rich in whole grains, fruits, vegetables and lean protein.";"4250";"Dinner";"19:00:00";"Sweet Potato, baked (in skin)";"1.0000";"large (6.3 oz)";"162";"4";"0";"37";"15";"0";"6";"68";"65";"0"
"Standard";"Based on the Dietary Guidelines for Americans, rich in whole grains, fruits, vegetables and lean protein.";"4250";"Dinner";"19:00:00";"Whipped, Butter Cream";"1.0000";"serving, 2 tablespoons (0.8 oz)";"100";"0";"5";"15";"14";"0";"0";"0";"25";"2"
"Standard";"Based on the Dietary Guidelines for Americans, rich in whole grains, fruits, vegetables and lean protein.";"4250";"Dinner";"19:00:00";"Green Beans (Snap, String), boiled";"1.0000";"cup (4.4 oz)";"44";"2";"0";"10";"2";"0";"4";"55";"1";"0"
"Standard";"Based on the Dietary Guidelines for Americans, rich in whole grains, fruits, vegetables and lean protein.";"4500";"Breakfast";"07:00:00";"Dole: Fruit Juices: Chilled, 100% Pineapple Orange";"1.0000";"cup (8.1 fl.oz)";"120";"1";"0";"29";"25";"0";"0";"40";"10";"0"
"Standard";"Based on the Dietary Guidelines for Americans, rich in whole grains, fruits, vegetables and lean protein.";"4500";"Breakfast";"07:00:00";"Dole: Fruit Snacks: Bowls, Diced Pears";"1.0000";"container (4.0 oz)";"70";"1";"0";"18";"18";"0";"1";"0";"10";"0"
"Standard";"Based on the Dietary Guidelines for Americans, rich in whole grains, fruits, vegetables and lean protein.";"4500";"Breakfast";"07:00:00";"Eggo: Waffles: Blueberry, frozen";"2.0000";"serving, 2 waffles (2.5 oz)";"380";"8";"12";"60";"14";"30";"1";"200";"740";"3"
"Standard";"Based on the Dietary Guidelines for Americans, rich in whole grains, fruits, vegetables and lean protein.";"4500";"Breakfast";"07:00:00";"Odwalla: Fruit Smoothies: Blends, Citrus C Monster, Vitamin C";"1.0000";"bottle (15.2 fl.oz)";"281";"4";"0";"68";"51";"0";"0";"38";"28";"0"
"Standard";"Based on the Dietary Guidelines for Americans, rich in whole grains, fruits, vegetables and lean protein.";"4500";"Breakfast";"07:00:00";"Butter & Margarine, unsalted";"1.0000";"tablespoon (0.5 oz)";"101";"0";"11";"0";"0";"12";"0";"4";"4";"4"
"Standard";"Based on the Dietary Guidelines for Americans, rich in whole grains, fruits, vegetables and lean protein.";"4500";"Breakfast";"07:00:00";"Maple Syrup";"2.0000";"tablespoon (0.7 oz)";"104";"0";"0";"27";"24";"0";"0";"27";"4";"0"
"Standard";"Based on the Dietary Guidelines for Americans, rich in whole grains, fruits, vegetables and lean protein.";"4500";"Breakfast";"07:00:00";"Egg (hard-boiled/scrambled/poached)";"2.0000";"large (1.8 oz)";"155";"13";"11";"1";"1";"424";"0";"50";"124";"3"
"Standard";"Based on the Dietary Guidelines for Americans, rich in whole grains, fruits, vegetables and lean protein.";"4500";"Morning Snack";"10:00:00";"Banana";"1.0000";"large, 8" to 8-7/8" long (4.8 oz)";"121";"1";"0";"31";"17";"0";"4";"7";"1";"0"
"Standard";"Based on the Dietary Guidelines for Americans, rich in whole grains, fruits, vegetables and lean protein.";"4500";"Morning Snack";"10:00:00";"Dannon: Yogurts: Activia, Peach";"1.0000";"cup (4.0 oz)";"110";"5";"2";"19";"17";"10";"0";"150";"70";"1"
"Standard";"Based on the Dietary Guidelines for Americans, rich in whole grains, fruits, vegetables and lean protein.";"4500";"Lunch";"13:00:00";"Cranberry Juice Cocktail";"1.0000";"cup (8.0 fl.oz)";"130";"0";"0";"33";"33";"0";"0";"0";"35";"0"
"Standard";"Based on the Dietary Guidelines for Americans, rich in whole grains, fruits, vegetables and lean protein.";"4500";"Lunch";"13:00:00";"Baked Potato Chips (Lay's)";"2.0000";"serving, 11 crisps (1.0 oz)";"220";"4";"3";"46";"4";"0";"4";"80";"360";"0"
"Standard";"Based on the Dietary Guidelines for Americans, rich in whole grains, fruits, vegetables and lean protein.";"4500";"Lunch";"13:00:00";"Turkey breast meat, deli sliced";"7.0000";"slice, 3-1/2" square (0.7 oz)";"153";"25";"2";"6";"5";"63";"1";"12";"1492";"1"
"Standard";"Based on the Dietary Guidelines for Americans, rich in whole grains, fruits, vegetables and lean protein.";"4500";"Lunch";"13:00:00";"Tomato, fresh";"2.0000";"slice, medium, 1/4" thick (0.7 oz)";"7";"0";"0";"2";"1";"0";"0";"4";"2";"0"
"Standard";"Based on the Dietary Guidelines for Americans, rich in whole grains, fruits, vegetables and lean protein.";"4500";"Lunch";"13:00:00";"Romaine Lettuce";"2.0000";"leaf, inner (0.2 oz)";"2";"0";"0";"0";"0";"0";"0";"4";"1";"0"
"Standard";"Based on the Dietary Guidelines for Americans, rich in whole grains, fruits, vegetables and lean protein.";"4500";"Lunch";"13:00:00";"Kraft: Mayonnaise: Light";"1.0000";"serving (0.5 oz)";"40";"0";"4";"2";"1";"5";"0";"0";"90";"1"
"Standard";"Based on the Dietary Guidelines for Americans, rich in whole grains, fruits, vegetables and lean protein.";"4500";"Lunch";"13:00:00";"Apple";"1.0000";"cup slices (3.9 oz)";"57";"0";"0";"15";"11";"0";"3";"7";"1";"0"
"Standard";"Based on the Dietary Guidelines for Americans, rich in whole grains, fruits, vegetables and lean protein.";"4500";"Lunch";"13:00:00";"Wheat Bread (includes wheat berry)";"2.0000";"slice (0.9 oz)";"130";"5";"2";"24";"3";"0";"2";"53";"265";"0"
"Standard";"Based on the Dietary Guidelines for Americans, rich in whole grains, fruits, vegetables and lean protein.";"4500";"Afternoon Snack";"17:00:00";"Nabisco: Nilla Wafers, Reduced-Fat";"1.0000";"serving, 8 cookies (1.0 oz)";"120";"1";"2";"24";"12";"0";"0";"0";"110";"0"
"Standard";"Based on the Dietary Guidelines for Americans, rich in whole grains, fruits, vegetables and lean protein.";"4500";"Afternoon Snack";"17:00:00";"Banana";"1.5000";"large, 8" to 8-7/8" long (4.8 oz)";"182";"2";"1";"47";"25";"0";"5";"10";"2";"0"
"Standard";"Based on the Dietary Guidelines for Americans, rich in whole grains, fruits, vegetables and lean protein.";"4500";"Dinner";"19:00:00";"Asparagus, boiled, drained";"2.0000";"serving, 4 spears, 1/2" base (2.1 oz)";"26";"3";"0";"5";"2";"0";"2";"28";"17";"0"
"Standard";"Based on the Dietary Guidelines for Americans, rich in whole grains, fruits, vegetables and lean protein.";"4500";"Dinner";"19:00:00";"Salmon, Atlantic, cooked";"2.0000";"serving, 1/2 fillet (6.3 oz)";"733";"79";"44";"0";"0";"224";"0";"53";"217";"9"
"Standard";"Based on the Dietary Guidelines for Americans, rich in whole grains, fruits, vegetables and lean protein.";"4500";"Dinner";"19:00:00";"Castella: Pasta, Spaghetti, Macaroni: Helios, Orzo";"4.0000";"oz";"400";"12";"1";"85";"0";"0";"1";"0";"0";"0"
"Standard";"Based on the Dietary Guidelines for Americans, rich in whole grains, fruits, vegetables and lean protein.";"4500";"Dinner";"19:00:00";"Pasta Sauces: Pesto (Classico)";"3.0000";"fl.oz";"346";"5";"32";"9";"3";"0";"2";"90";"1083";"5"
"Standard";"Based on the Dietary Guidelines for Americans, rich in whole grains, fruits, vegetables and lean protein.";"4500";"Dinner";"19:00:00";"Olive oil";"1.0000";"teaspoon (0.2 oz)";"40";"0";"5";"0";"0";"0";"0";"0";"0";"1"
"Standard";"Based on the Dietary Guidelines for Americans, rich in whole grains, fruits, vegetables and lean protein.";"4750";"Early Morning Snack";"00:00:00";"Peach";"1.0000";"cup, slices (6.0 oz)";"66";"2";"0";"16";"14";"0";"3";"10";"0";"0"
"Standard";"Based on the Dietary Guidelines for Americans, rich in whole grains, fruits, vegetables and lean protein.";"4750";"Early Morning Snack";"00:00:00";"Strawberries, fresh";"1.0000";"cup, sliced (5.9 oz)";"53";"1";"0";"13";"8";"0";"3";"27";"2";"0"
"Standard";"Based on the Dietary Guidelines for Americans, rich in whole grains, fruits, vegetables and lean protein.";"4750";"Early Morning Snack";"00:00:00";"Cinnamon, ground";".2500";"teaspoon (0.1 oz)";"2";"0";"0";"0";"0";"0";"0";"7";"0";"0"
"Standard";"Based on the Dietary Guidelines for Americans, rich in whole grains, fruits, vegetables and lean protein.";"4750";"Early Morning Snack";"00:00:00";"Golden Vanilla Wafers (Keebler)";"1.0000";"serving, 8 cookies (1.1 oz)";"140";"1";"6";"21";"9";"0";"1";"0";"120";"1"
"Standard";"Based on the Dietary Guidelines for Americans, rich in whole grains, fruits, vegetables and lean protein.";"4750";"Early Morning Snack";"00:00:00";"Low-Fat (1% fat)";"2.0000";"cup (8 fl.oz)";"211";"17";"5";"24";"";"20";"0";"627";"255";"3"
"Standard";"Based on the Dietary Guidelines for Americans, rich in whole grains, fruits, vegetables and lean protein.";"4750";"Early Morning Snack";"00:00:00";"dotFIT WheySmooth – Vanilla Crème";"1.0000";"1 scoop (37.5g)";"150";"25";"2";"7";"2";"75";"0";"0";"105";"1"
"Standard";"Based on the Dietary Guidelines for Americans, rich in whole grains, fruits, vegetables and lean protein.";"4750";"Breakfast";"07:00:00";"Orange Juice, (Original Minute Maid)";"1.0000";"bottle (10.0 fl.oz)";"137";"2";"0";"34";"30";"0";"0";"25";"19";"0"
"Standard";"Based on the Dietary Guidelines for Americans, rich in whole grains, fruits, vegetables and lean protein.";"4750";"Breakfast";"07:00:00";"Brown Sugar";"2.0000";"teaspoon, unpacked (0.1 oz)";"23";"0";"0";"6";"6";"0";"0";"5";"2";"0"
"Standard";"Based on the Dietary Guidelines for Americans, rich in whole grains, fruits, vegetables and lean protein.";"4750";"Breakfast";"07:00:00";"Raisins, seedless";"1.0000";"50 raisins (0.9 oz)";"78";"1";"0";"21";"15";"0";"1";"13";"3";"0"
"Standard";"Based on the Dietary Guidelines for Americans, rich in whole grains, fruits, vegetables and lean protein.";"4750";"Breakfast";"07:00:00";"Oats/oatmeal, cooked (all types)";"2.0000";"cup (8.3 oz)";"295";"12";"5";"51";"1";"0";"8";"37";"5";"1"
"Standard";"Based on the Dietary Guidelines for Americans, rich in whole grains, fruits, vegetables and lean protein.";"4750";"Breakfast";"07:00:00";"Egg (hard-boiled/scrambled/poached)";"3.0000";"large (1.8 oz)";"233";"19";"16";"2";"2";"636";"0";"75";"186";"5"
"Standard";"Based on the Dietary Guidelines for Americans, rich in whole grains, fruits, vegetables and lean protein.";"4750";"Breakfast";"07:00:00";"Whipped Butter";"1.0000";"tablespoon";"31";"0";"4";"0";"0";"9";"0";"";"0";"2"
"Standard";"Based on the Dietary Guidelines for Americans, rich in whole grains, fruits, vegetables and lean protein.";"4750";"Morning Snack";"10:00:00";"Almonds, raw";"1.0000";"serving, 23 whole kernels (1 oz)";"164";"6";"14";"6";"1";"0";"3";"70";"0";"1"
"Standard";"Based on the Dietary Guidelines for Americans, rich in whole grains, fruits, vegetables and lean protein.";"4750";"Morning Snack";"10:00:00";"Apples, raw, with Skin";"1.0000";"large, 3-1/4" dia, approx 2 per lb (7.5 oz)";"110";"1";"0";"29";"22";"0";"5";"13";"2";"0"
"Standard";"Based on the Dietary Guidelines for Americans, rich in whole grains, fruits, vegetables and lean protein.";"4750";"Lunch";"13:00:00";"Foster Farms Chicken Breast Strips";"2.0000";"3 oz";"200";"38";"4";"2";"0";"0";"0";"0";"0";"0"
"Standard";"Based on the Dietary Guidelines for Americans, rich in whole grains, fruits, vegetables and lean protein.";"4750";"Lunch";"13:00:00";"Cucumber, peeled, raw";"6.0000";"slice (0.2 oz)";"5";"0";"0";"1";"1";"0";"0";"6";"1";"0"
"Standard";"Based on the Dietary Guidelines for Americans, rich in whole grains, fruits, vegetables and lean protein.";"4750";"Lunch";"13:00:00";"Romaine Lettuce";"3.0000";"cup, shredded (1.7 oz)";"24";"2";"0";"5";"2";"0";"3";"47";"11";"0"
"Standard";"Based on the Dietary Guidelines for Americans, rich in whole grains, fruits, vegetables and lean protein.";"4750";"Lunch";"13:00:00";"Egg (hard-boiled/scrambled/poached)";"1.0000";"large (1.8 oz)";"78";"6";"5";"1";"1";"212";"0";"25";"62";"2"
"Standard";"Based on the Dietary Guidelines for Americans, rich in whole grains, fruits, vegetables and lean protein.";"4750";"Lunch";"13:00:00";"Banana";"1.0000";"large, 8" to 8-7/8" long (4.8 oz)";"121";"1";"0";"31";"17";"0";"4";"7";"1";"0"
"Standard";"Based on the Dietary Guidelines for Americans, rich in whole grains, fruits, vegetables and lean protein.";"4750";"Lunch";"13:00:00";"Hidden Valley: Salad Dressings: Original Ranch";"1.5000";"serving, 2 tablespoons (1.1 oz)";"210";"2";"21";"3";"2";"15";"0";"0";"390";"4"
"Standard";"Based on the Dietary Guidelines for Americans, rich in whole grains, fruits, vegetables and lean protein.";"4750";"Lunch";"13:00:00";"Tomato, fresh";"4.0000";"wedge, 1/4 of medium tomato (1.1 oz)";"22";"1";"0";"5";"3";"0";"1";"12";"6";"0"
"Standard";"Based on the Dietary Guidelines for Americans, rich in whole grains, fruits, vegetables and lean protein.";"4750";"Lunch";"13:00:00";"Athenos: Cheese: Blue, Crumbled";"1.5000";"serving, 3 tablespoons (1.1 oz)";"165";"11";"14";"3";"0";"45";"1";"225";"645";"9"
"Standard";"Based on the Dietary Guidelines for Americans, rich in whole grains, fruits, vegetables and lean protein.";"4750";"Afternoon Snack";"17:00:00";"Apricots, dried (Sun-Maid)";"2.0000";"serving, 1/4 cup (1.4 oz)";"200";"2";"0";"46";"42";"0";"6";"80";"30";"0"
"Standard";"Based on the Dietary Guidelines for Americans, rich in whole grains, fruits, vegetables and lean protein.";"4750";"Afternoon Snack";"17:00:00";"Organic, Chewy, Fruit & Nut";"1.0000";"bar (1.2 oz)";"140";"2";"4";"24";"12";"0";"1";"0";"100";"1"
"Standard";"Based on the Dietary Guidelines for Americans, rich in whole grains, fruits, vegetables and lean protein.";"4750";"Dinner";"19:00:00";"Thigh, without skin, roasted";"1.0000";"portion (4 oz)";"236";"29";"12";"0";"0";"107";"0";"14";"99";"3"
"Standard";"Based on the Dietary Guidelines for Americans, rich in whole grains, fruits, vegetables and lean protein.";"4750";"Dinner";"19:00:00";"Broccoli, cooked";"2.0000";"serving, 1/2 cup, chopped (2.8 oz)";"55";"4";"1";"11";"2";"0";"5";"62";"64";"0"
"Standard";"Based on the Dietary Guidelines for Americans, rich in whole grains, fruits, vegetables and lean protein.";"4750";"Dinner";"19:00:00";"Low-Fat (1% fat)";"2.0000";"cup (8 fl.oz)";"211";"17";"5";"24";"";"20";"0";"627";"255";"3"
"Standard";"Based on the Dietary Guidelines for Americans, rich in whole grains, fruits, vegetables and lean protein.";"4750";"Dinner";"19:00:00";"Rice: Organic, Zesty Cilantro Quinoa Blend, dry";"2.0000";"serving, 1/2 container (2.8 oz)";"580";"18";"7";"112";"12";"0";"6";"80";"1400";"1"
"Standard";"Based on the Dietary Guidelines for Americans, rich in whole grains, fruits, vegetables and lean protein.";"4750";"Dinner";"19:00:00";"Breast, without skin, roasted";"1.0000";"portion (4 oz)";"186";"35";"4";"0";"0";"96";"0";"17";"84";"1"
"Standard";"Based on the Dietary Guidelines for Americans, rich in whole grains, fruits, vegetables and lean protein.";"4750";"Evening Snack";"21:00:00";"Strawberries, fresh";"1.0000";"cup, sliced (5.9 oz)";"53";"1";"0";"13";"8";"0";"3";"27";"2";"0"
"Standard";"Based on the Dietary Guidelines for Americans, rich in whole grains, fruits, vegetables and lean protein.";"4750";"Evening Snack";"21:00:00";"Skippy Peanut Butter";"2.0000";"1 TBSP";"190";"7";"16";"7";"3";"0";"2";"0";"150";"3"
"Standard";"Based on the Dietary Guidelines for Americans, rich in whole grains, fruits, vegetables and lean protein.";"4750";"Evening Snack";"21:00:00";"Smucker's 1/2 Sugar Strawberry Jam";"3.0000";"1 Tsp";"60";"0";"0";"18";"15";"0";"0";"0";"0";"0"
"Standard";"Based on the Dietary Guidelines for Americans, rich in whole grains, fruits, vegetables and lean protein.";"4750";"Evening Snack";"21:00:00";"Wheat Bread (includes wheat berry)";"2.0000";"slice (0.9 oz)";"130";"5";"2";"24";"3";"0";"2";"53";"265";"0"
"Standard";"Based on the Dietary Guidelines for Americans, rich in whole grains, fruits, vegetables and lean protein.";"4750";"Evening Snack";"21:00:00";"Low-Fat (1% fat)";"1.0000";"cup (8 fl.oz)";"105";"9";"2";"12";"";"10";"0";"314";"127";"1"
"Standard";"Based on the Dietary Guidelines for Americans, rich in whole grains, fruits, vegetables and lean protein.";"5000";"Early Morning Snack";"00:00:00";"Tropicana: Fruit Juices: Pure Premium, Grapefruit, Ruby Red";"1.5000";"cup (8.1 fl.oz)";"135";"2";"0";"33";"26";"0";"0";"30";"0";"0"
"Standard";"Based on the Dietary Guidelines for Americans, rich in whole grains, fruits, vegetables and lean protein.";"5000";"Breakfast";"07:00:00";"Grape Jelly";"2.0000";"tablespoon (0.7 oz)";"100";"0";"0";"26";"24";"0";"0";"0";"10";"0"
"Standard";"Based on the Dietary Guidelines for Americans, rich in whole grains, fruits, vegetables and lean protein.";"5000";"Breakfast";"07:00:00";"Ore-Ida: Vegetables, Frozen /  Refrigerated: Hash Browns, Southern Style Potatoes";"2.0000";"serving, 3/4 cup (3.1 oz)";"160";"4";"0";"36";"2";"0";"4";"0";"110";"0"
"Standard";"Based on the Dietary Guidelines for Americans, rich in whole grains, fruits, vegetables and lean protein.";"5000";"Breakfast";"07:00:00";"12 Grain Bread (Orowheat)";"2.0000";"slice (1.3 oz)";"220";"8";"3";"40";"8";"0";"2";"80";"380";"0"
"Standard";"Based on the Dietary Guidelines for Americans, rich in whole grains, fruits, vegetables and lean protein.";"5000";"Breakfast";"07:00:00";"White, cooked, without added fat";"2.0000";"large (1.2 oz)";"34";"7";"0";"0";"0";"0";"0";"5";"110";"0"
"Standard";"Based on the Dietary Guidelines for Americans, rich in whole grains, fruits, vegetables and lean protein.";"5000";"Breakfast";"07:00:00";"Orange, fresh";"2.0000";"regular glass (8 fl.oz)";"223";"3";"1";"52";"42";"0";"1";"55";"5";"0"
"Standard";"Based on the Dietary Guidelines for Americans, rich in whole grains, fruits, vegetables and lean protein.";"5000";"Breakfast";"07:00:00";"Whipped Butter";"1.0000";"tablespoon";"31";"0";"4";"0";"0";"9";"0";"";"0";"2"
"Standard";"Based on the Dietary Guidelines for Americans, rich in whole grains, fruits, vegetables and lean protein.";"5000";"Morning Snack";"10:00:00";"Low-Fat (1% fat)";"2.0000";"cup (8 fl.oz)";"211";"17";"5";"24";"";"20";"0";"627";"255";"3"
"Standard";"Based on the Dietary Guidelines for Americans, rich in whole grains, fruits, vegetables and lean protein.";"5000";"Morning Snack";"10:00:00";"dotFIT First String - Vanilla";"1.0000";"2 Scoops (73.5 grams)";"290";"21";"3";"45";"2";"60";"1";"175";"170";"1"
"Standard";"Based on the Dietary Guidelines for Americans, rich in whole grains, fruits, vegetables and lean protein.";"5000";"Morning Snack";"10:00:00";"Strawberries, fresh";"1.5000";"cup, sliced (5.9 oz)";"80";"2";"1";"19";"12";"0";"5";"40";"2";"0"
"Standard";"Based on the Dietary Guidelines for Americans, rich in whole grains, fruits, vegetables and lean protein.";"5000";"Morning Snack";"10:00:00";"Coconut Milk, canned";"2.0000";"tablespoon (0.5 oz)";"59";"1";"6";"1";"0";"0";"0";"5";"4";"6"
"Standard";"Based on the Dietary Guidelines for Americans, rich in whole grains, fruits, vegetables and lean protein.";"5000";"Morning Snack";"10:00:00";"Dannon: Yogurts: All Natural, Plain";"1.0000";"serving (8.0 oz)";"160";"9";"8";"12";"12";"20";"0";"300";"120";"5"
"Standard";"Based on the Dietary Guidelines for Americans, rich in whole grains, fruits, vegetables and lean protein.";"5000";"Morning Snack";"10:00:00";"Pineapple Orange Banana Juice (Dole)";"1.0000";"cup (8.1 fl.oz)";"130";"1";"0";"30";"26";"0";"0";"40";"10";"0"
"Standard";"Based on the Dietary Guidelines for Americans, rich in whole grains, fruits, vegetables and lean protein.";"5000";"Lunch";"13:00:00";"Tomato, fresh";"2.0000";"slice, medium, 1/4" thick (0.7 oz)";"7";"0";"0";"2";"1";"0";"0";"4";"2";"0"
"Standard";"Based on the Dietary Guidelines for Americans, rich in whole grains, fruits, vegetables and lean protein.";"5000";"Lunch";"13:00:00";"Banana";"1.0000";"large, 8" to 8-7/8" long (4.8 oz)";"121";"1";"0";"31";"17";"0";"4";"7";"1";"0"
"Standard";"Based on the Dietary Guidelines for Americans, rich in whole grains, fruits, vegetables and lean protein.";"5000";"Lunch";"13:00:00";"Turkey breast meat, deli sliced";"6.0000";"slice, 3-1/2" square (0.7 oz)";"131";"22";"2";"5";"4";"54";"1";"10";"1279";"1"
"Standard";"Based on the Dietary Guidelines for Americans, rich in whole grains, fruits, vegetables and lean protein.";"5000";"Lunch";"13:00:00";"100% whole wheat bread";"2.0000";"1 slice";"160";"6";"2";"24";"4";"0";"4";"0";"300";"0"
"Standard";"Based on the Dietary Guidelines for Americans, rich in whole grains, fruits, vegetables and lean protein.";"5000";"Lunch";"13:00:00";"Mott's: Fruit Juices: 100% Apple Juice, Original";"2.0000";"cup (8.1 fl.oz)";"240";"0";"0";"58";"56";"0";"0";"40";"20";"0"
"Standard";"Based on the Dietary Guidelines for Americans, rich in whole grains, fruits, vegetables and lean protein.";"5000";"Lunch";"13:00:00";"Mayonnaise (Best Foods)";"1.0000";"tablespoon (0.5 oz)";"90";"0";"10";"0";"0";"5";"0";"0";"90";"2"
"Standard";"Based on the Dietary Guidelines for Americans, rich in whole grains, fruits, vegetables and lean protein.";"5000";"Lunch";"13:00:00";"Romaine Lettuce";"2.0000";"leaf, inner (0.2 oz)";"2";"0";"0";"0";"0";"0";"0";"4";"1";"0"
"Standard";"Based on the Dietary Guidelines for Americans, rich in whole grains, fruits, vegetables and lean protein.";"5000";"Afternoon Snack";"17:00:00";"Almonds, raw";"2.0000";"serving, 23 whole kernels (1 oz)";"328";"12";"29";"11";"3";"0";"7";"141";"1";"2"
"Standard";"Based on the Dietary Guidelines for Americans, rich in whole grains, fruits, vegetables and lean protein.";"5000";"Afternoon Snack";"17:00:00";"Apples, raw, with Skin";"1.0000";"large, 3-1/4" dia, approx 2 per lb (7.5 oz)";"110";"1";"0";"29";"22";"0";"5";"13";"2";"0"
"Standard";"Based on the Dietary Guidelines for Americans, rich in whole grains, fruits, vegetables and lean protein.";"5000";"Dinner";"19:00:00";"Low-Fat (1% fat)";"2.0000";"cup (8 fl.oz)";"211";"17";"5";"24";"";"20";"0";"627";"255";"3"
"Standard";"Based on the Dietary Guidelines for Americans, rich in whole grains, fruits, vegetables and lean protein.";"5000";"Dinner";"19:00:00";"Cantaloupe Melons, raw";"2.0000";"cup, cubes (5.6 oz)";"109";"3";"1";"28";"25";"0";"3";"29";"51";"0"
"Standard";"Based on the Dietary Guidelines for Americans, rich in whole grains, fruits, vegetables and lean protein.";"5000";"Dinner";"19:00:00";"Green beans, snap or string, boiled";"1.5000";"cup (4.4 oz)";"66";"4";"1";"15";"3";"0";"6";"83";"2";"0"
"Standard";"Based on the Dietary Guidelines for Americans, rich in whole grains, fruits, vegetables and lean protein.";"5000";"Dinner";"19:00:00";"Sweet Potato, baked in skin";"10.0000";"oz";"255";"6";"0";"59";"24";"0";"9";"108";"102";"0"
"Standard";"Based on the Dietary Guidelines for Americans, rich in whole grains, fruits, vegetables and lean protein.";"5000";"Dinner";"19:00:00";"Top Sirloin Steak, Lean Only, broiled";"10.0000";"oz";"519";"87";"16";"0";"0";"164";"0";"57";"181";"6"
"Standard";"Based on the Dietary Guidelines for Americans, rich in whole grains, fruits, vegetables and lean protein.";"5000";"Dinner";"19:00:00";"Whipped Butter";"1.0000";"tablespoon";"31";"0";"4";"0";"0";"9";"0";"";"0";"2"
"Standard";"Based on the Dietary Guidelines for Americans, rich in whole grains, fruits, vegetables and lean protein.";"5000";"Evening Snack";"21:00:00";"Soft Serve, Chocolate";"2.0000";"serving, 1/2 cup (3.4 oz)";"310";"8";"12";"48";"";"10";"4";"285";"190";"7"
"Standard";"Based on the Dietary Guidelines for Americans, rich in whole grains, fruits, vegetables and lean protein.";"5000";"Evening Snack";"21:00:00";"Dole: Fruit Snacks: Bowls, Diced Peaches";"1.0000";"container (4.0 oz)";"70";"1";"0";"18";"17";"0";"1";"0";"15";"0"
"40/30/30";"Contains approximately 40 percent carbohydrate, 30 percent protein and 30 percent fat.";"1000";"Breakfast";"07:00:00";"Trail Mix dotBAR";"1.0000";"1 bar";"190";"12";"8";"24";"10";"0";"6";"60";"280";"3"
"40/30/30";"Contains approximately 40 percent carbohydrate, 30 percent protein and 30 percent fat.";"1000";"Lunch";"13:00:00";"Beef: Sirloin, Tri-Tip, roasted";"3.0000";"oz";"177";"22";"9";"0";"0";"71";"0";"16";"45";"3"
"40/30/30";"Contains approximately 40 percent carbohydrate, 30 percent protein and 30 percent fat.";"1000";"Lunch";"13:00:00";"Hamburger Bun, 100% Whole Grain Wheat (Cobblestone Mill)";"1.0000";"bun (1.9 oz)";"110";"6";"2";"23";"2";"0";"4";"40";"240";"1"
"40/30/30";"Contains approximately 40 percent carbohydrate, 30 percent protein and 30 percent fat.";"1000";"Lunch";"13:00:00";"Peaches, canned, fruit & juice";"1.0000";"cup, halves or slices (8.7 oz)";"109";"2";"0";"29";"25";"0";"3";"15";"10";"0"
"40/30/30";"Contains approximately 40 percent carbohydrate, 30 percent protein and 30 percent fat.";"1000";"Lunch";"13:00:00";"Skim Milk";"1.0000";"cup (8.6 oz)";"91";"9";"1";"12";"12";"5";"0";"316";"130";"0"
"40/30/30";"Contains approximately 40 percent carbohydrate, 30 percent protein and 30 percent fat.";"1000";"Dinner";"19:00:00";"Turkey Breast, Boneless w. skin, roasted";"4.0000";"oz";"214";"33";"8";"0";"0";"84";"0";"24";"71";"2"
"40/30/30";"Contains approximately 40 percent carbohydrate, 30 percent protein and 30 percent fat.";"1000";"Dinner";"19:00:00";"Squash, winter/acorn, baked";"1.0000";"serving, 1/2 medium (7.1 oz)";"112";"2";"0";"29";"0";"0";"9";"88";"8";"0"
"40/30/30";"Contains approximately 40 percent carbohydrate, 30 percent protein and 30 percent fat.";"1000";"Dinner";"19:00:00";"Regular, Salted";"1.0000";"pat, 1" sq x 1/3" high (0.2 oz)";"36";"0";"4";"0";"0";"11";"0";"1";"29";"3"
"40/30/30";"Contains approximately 40 percent carbohydrate, 30 percent protein and 30 percent fat.";"1250";"Breakfast";"07:00:00";"Trail Mix dotBAR";"1.0000";"1 bar";"190";"12";"8";"24";"10";"0";"6";"60";"280";"3"
"40/30/30";"Contains approximately 40 percent carbohydrate, 30 percent protein and 30 percent fat.";"1250";"Breakfast";"07:00:00";"Almond Milk";"1.0000";"cup (8.1 fl.oz)";"60";"1";"3";"8";"7";"0";"1";"200";"150";"0"
"40/30/30";"Contains approximately 40 percent carbohydrate, 30 percent protein and 30 percent fat.";"1250";"Lunch";"13:00:00";"Cheddar";"1.0000";"slice (1 oz)";"113";"7";"9";"0";"0";"29";"0";"202";"174";"6"
"40/30/30";"Contains approximately 40 percent carbohydrate, 30 percent protein and 30 percent fat.";"1250";"Lunch";"13:00:00";"100% Whole Wheat Bread (Pepperidge Farm)";"2.0000";"slice";"220";"8";"4";"40";"6";"0";"6";"40";"360";"0"
"40/30/30";"Contains approximately 40 percent carbohydrate, 30 percent protein and 30 percent fat.";"1250";"Lunch";"13:00:00";"Apple";"1.0000";"small, 2-1/2" dia, approx 4 per lb (3.7 oz)";"55";"0";"0";"15";"11";"0";"3";"6";"1";"0"
"40/30/30";"Contains approximately 40 percent carbohydrate, 30 percent protein and 30 percent fat.";"1250";"Lunch";"13:00:00";"Boar's Head Beef, Oven Roasted, Choice Top Round, no Salt Added";"3.0000";"oz";"137";"21";"5";"0";"0";"46";"0";"0";"61";"2"
"40/30/30";"Contains approximately 40 percent carbohydrate, 30 percent protein and 30 percent fat.";"1250";"Lunch";"13:00:00";"Turkey breast meat, deli sliced";"3.0000";"oz";"88";"15";"1";"4";"3";"37";"0";"7";"863";"0"
"40/30/30";"Contains approximately 40 percent carbohydrate, 30 percent protein and 30 percent fat.";"1250";"Dinner";"19:00:00";"Mashed Potatoes, homestyle";".5000";"cup (7.4 oz)";"119";"2";"4";"18";"2";"1";"2";"23";"350";"1"
"40/30/30";"Contains approximately 40 percent carbohydrate, 30 percent protein and 30 percent fat.";"1250";"Dinner";"19:00:00";"Ham: Cured, boneless, extra lean & regular, roasted";"1.0000";"serving (3.0 oz)";"140";"19";"7";"0";"0";"48";"0";"7";"1177";"2"
"40/30/30";"Contains approximately 40 percent carbohydrate, 30 percent protein and 30 percent fat.";"1250";"Dinner";"19:00:00";"100% Whole Wheat Dinner Rolls";"1.0000";"roll (1.1 oz)";"70";"3";"1";"13";"3";"0";"2";"0";"150";"0"
"40/30/30";"Contains approximately 40 percent carbohydrate, 30 percent protein and 30 percent fat.";"1250";"Dinner";"19:00:00";"Green Beans (Snap, String), boiled";".5000";"cup (4.4 oz)";"22";"1";"0";"5";"1";"0";"2";"28";"1";"0"
"40/30/30";"Contains approximately 40 percent carbohydrate, 30 percent protein and 30 percent fat.";"1250";"Dinner";"19:00:00";"Whipped, with Salt";"2.0000";"pat, 1" sq x 1/3" high (0.1 oz)";"54";"0";"6";"0";"0";"17";"0";"2";"63";"4"
"40/30/30";"Contains approximately 40 percent carbohydrate, 30 percent protein and 30 percent fat.";"1500";"Breakfast";"07:00:00";"dotFIT LeanMR Nutrition Shake - Chocolate";"1.0000";"2 scoops";"180";"21";"2";"24";"0";"10";"7";"115";"140";"1"
"40/30/30";"Contains approximately 40 percent carbohydrate, 30 percent protein and 30 percent fat.";"1500";"Breakfast";"07:00:00";"Apples, raw, with Skin";"1.0000";"medium, 2-3/4" dia, approx 3 per lb (4.9 oz)";"72";"0";"0";"19";"14";"0";"3";"8";"1";"0"
"40/30/30";"Contains approximately 40 percent carbohydrate, 30 percent protein and 30 percent fat.";"1500";"Breakfast";"07:00:00";"Soymilk, Low-Fat, average all flavors";"1.0000";"cup (8.1 fl.oz)";"101";"4";"2";"18";"9";"0";"2";"202";"91";"0"
"40/30/30";"Contains approximately 40 percent carbohydrate, 30 percent protein and 30 percent fat.";"1500";"Lunch";"13:00:00";"Breast, without skin, roasted";"1.0000";"portion (4 oz)";"186";"35";"4";"0";"0";"96";"0";"17";"84";"1"
"40/30/30";"Contains approximately 40 percent carbohydrate, 30 percent protein and 30 percent fat.";"1500";"Lunch";"13:00:00";"Avocados, average all varieties, raw";"1.0000";"oz (1 oz)";"45";"1";"4";"2";"0";"0";"2";"3";"2";"1"
"40/30/30";"Contains approximately 40 percent carbohydrate, 30 percent protein and 30 percent fat.";"1500";"Lunch";"13:00:00";"Salad Dressings: Red Wine Vinegar & Olive Oil (Newman's Own)";"2.0000";"serving, 2 tablespoons (1.1 oz)";"100";"0";"9";"4";"4";"0";"0";"0";"780";"1"
"40/30/30";"Contains approximately 40 percent carbohydrate, 30 percent protein and 30 percent fat.";"1500";"Lunch";"13:00:00";"Salad: Fancy Field Greens (Fresh Express)";"1.0000";"serving, 3 cups (3.0 oz)";"20";"1";"0";"3";"1";"0";"2";"20";"15";"0"
"40/30/30";"Contains approximately 40 percent carbohydrate, 30 percent protein and 30 percent fat.";"1500";"Afternoon Snack";"17:00:00";"Oranges, average all varieties, raw";"1.0000";"small [4.6 oz as purchased, 2.4" dia] (3.4 oz)";"45";"1";"0";"11";"9";"0";"2";"38";"0";"0"
"40/30/30";"Contains approximately 40 percent carbohydrate, 30 percent protein and 30 percent fat.";"1500";"Afternoon Snack";"17:00:00";"dotSTICK Iced Lemon Vanilla Cream";"1.0000";"1 stick";"190";"12";"6";"26";"8";"10";"3";"95";"170";"2"
"40/30/30";"Contains approximately 40 percent carbohydrate, 30 percent protein and 30 percent fat.";"1500";"Dinner";"19:00:00";"Butter, Whipped";"1.0000";"tablespoon (0.3 oz)";"70";"0";"7";"0";"0";"20";"0";"0";"55";"5"
"40/30/30";"Contains approximately 40 percent carbohydrate, 30 percent protein and 30 percent fat.";"1500";"Dinner";"19:00:00";"Grapes, Red or Green (European type), raw";".5000";"cup (5.3 oz)";"52";"1";"0";"14";"12";"0";"1";"8";"2";"0"
"40/30/30";"Contains approximately 40 percent carbohydrate, 30 percent protein and 30 percent fat.";"1500";"Dinner";"19:00:00";"Salmon, Atlantic, cooked";"4.0000";"oz";"234";"25";"14";"0";"0";"71";"0";"17";"69";"3"
"40/30/30";"Contains approximately 40 percent carbohydrate, 30 percent protein and 30 percent fat.";"1500";"Dinner";"19:00:00";"Green beans, snap or string, boiled";"1.0000";"cup (4.4 oz)";"44";"2";"0";"10";"2";"0";"4";"55";"1";"0"
"40/30/30";"Contains approximately 40 percent carbohydrate, 30 percent protein and 30 percent fat.";"1500";"Dinner";"19:00:00";"Sweet Potato, baked in skin";"1.0000";"large (6.3 oz)";"162";"4";"0";"37";"15";"0";"6";"68";"65";"0"
"40/30/30";"Contains approximately 40 percent carbohydrate, 30 percent protein and 30 percent fat.";"1750";"Breakfast";"07:00:00";"Cinnamon, ground";"1.0000";"teaspoon (0.1 oz)";"6";"0";"0";"2";"0";"0";"1";"28";"1";"0"
"40/30/30";"Contains approximately 40 percent carbohydrate, 30 percent protein and 30 percent fat.";"1750";"Breakfast";"07:00:00";"Pecans";".5000";"serving, 20 jumbo halves (1.0 oz)";"98";"1";"10";"2";"1";"0";"1";"10";"0";"1"
"40/30/30";"Contains approximately 40 percent carbohydrate, 30 percent protein and 30 percent fat.";"1750";"Breakfast";"07:00:00";"Oats, Steel Cut";"1.0000";"serving, 1/4 cup (1.4 oz)";"170";"7";"3";"29";"0";"0";"5";"20";"0";"1"
"40/30/30";"Contains approximately 40 percent carbohydrate, 30 percent protein and 30 percent fat.";"1750";"Breakfast";"07:00:00";"Soymilk, Original";"1.0000";"cup (8.1 fl.oz)";"80";"8";"3";"7";"7";"0";"0";"";"95";"0"
"40/30/30";"Contains approximately 40 percent carbohydrate, 30 percent protein and 30 percent fat.";"1750";"Breakfast";"07:00:00";"Blueberries, raw";".5000";"cup (5.1 oz)";"41";"1";"0";"11";"7";"0";"2";"4";"1";"0"
"40/30/30";"Contains approximately 40 percent carbohydrate, 30 percent protein and 30 percent fat.";"1750";"Morning Snack";"10:00:00";"dotBAR Chocolate Peanut Butter Crunch";"1.0000";"1 Bar";"190";"12";"6";"23";"15";"0";"1";"0";"220";"3"
"40/30/30";"Contains approximately 40 percent carbohydrate, 30 percent protein and 30 percent fat.";"1750";"Morning Snack";"10:00:00";"Apple";"1.0000";"medium, 2-3/4" dia, approx 3 per lb (4.9 oz)";"72";"0";"0";"19";"14";"0";"3";"8";"1";"0"
"40/30/30";"Contains approximately 40 percent carbohydrate, 30 percent protein and 30 percent fat.";"1750";"Lunch";"13:00:00";"Low Fat Cottage Cheese (1%)";"1.0000";"cup, not packed (8.0 oz)";"163";"28";"2";"6";"6";"9";"0";"138";"918";"1"
"40/30/30";"Contains approximately 40 percent carbohydrate, 30 percent protein and 30 percent fat.";"1750";"Lunch";"13:00:00";"Tomato, fresh";"1.0000";"slice, thin/small (0.5 oz)";"3";"0";"0";"1";"0";"0";"0";"2";"1";"0"
"40/30/30";"Contains approximately 40 percent carbohydrate, 30 percent protein and 30 percent fat.";"1750";"Lunch";"13:00:00";"Mustard, Dijon (Grey Poupon)";"1.0000";"serving (0.2 oz)";"5";"0";"0";"1";"0";"0";"0";"0";"120";"0"
"40/30/30";"Contains approximately 40 percent carbohydrate, 30 percent protein and 30 percent fat.";"1750";"Lunch";"13:00:00";"Bread, 100% Whole Wheat, Thin Sliced (Pepperidge Farm)";"2.0000";"slice";"140";"4";"2";"24";"2";"0";"4";"40";"180";"0"
"40/30/30";"Contains approximately 40 percent carbohydrate, 30 percent protein and 30 percent fat.";"1750";"Lunch";"13:00:00";"Turkey Breast";"3.0000";"oz (1 oz)";"88";"15";"1";"4";"3";"37";"0";"7";"863";"0"
"40/30/30";"Contains approximately 40 percent carbohydrate, 30 percent protein and 30 percent fat.";"1750";"Lunch";"13:00:00";"Deli Style, Swiss";"1.0000";"slice (0.7 oz)";"70";"5";"5";"1";"0";"15";"0";"150";"35";"4"
"40/30/30";"Contains approximately 40 percent carbohydrate, 30 percent protein and 30 percent fat.";"1750";"Dinner";"19:00:00";"Spinach, raw";"2.0000";"cup (1.1 oz)";"14";"2";"0";"2";"0";"0";"1";"59";"47";"0"
"40/30/30";"Contains approximately 40 percent carbohydrate, 30 percent protein and 30 percent fat.";"1750";"Dinner";"19:00:00";"Romaine Lettuce";"1.0000";"cup, shredded (1.7 oz)";"8";"1";"0";"2";"1";"0";"1";"16";"4";"0"
"40/30/30";"Contains approximately 40 percent carbohydrate, 30 percent protein and 30 percent fat.";"1750";"Dinner";"19:00:00";"Sweet Potato, baked (in skin)";"1.0000";"medium [5 oz with skin, 5" long x 2" dia] (3.9 oz)";"100";"2";"0";"23";"9";"0";"4";"42";"40";"0"
"40/30/30";"Contains approximately 40 percent carbohydrate, 30 percent protein and 30 percent fat.";"1750";"Dinner";"19:00:00";"Salmon, Atlantic, cooked with dry heat";"1.0000";"serving (4 oz)";"233";"25";"14";"0";"";"71";"0";"17";"69";"3"
"40/30/30";"Contains approximately 40 percent carbohydrate, 30 percent protein and 30 percent fat.";"1750";"Dinner";"19:00:00";"Tomatoes, Red, ripe, raw";".5000";"cup, cherry tomatoes (5.3 oz)";"13";"1";"0";"3";"2";"0";"1";"7";"4";"0"
"40/30/30";"Contains approximately 40 percent carbohydrate, 30 percent protein and 30 percent fat.";"1750";"Dinner";"19:00:00";"Natural, Balsamic Vinaigrette";"1.0000";"serving, 2 tablespoons (1.1 oz)";"100";"0";"10";"2";"2";"";"";"";"55";"1"
"40/30/30";"Contains approximately 40 percent carbohydrate, 30 percent protein and 30 percent fat.";"1750";"Evening Snack";"21:00:00";"Greek, Blended, Plain, Low-Fat";"1.0000";"container (6 oz)";"130";"17";"4";"7";"7";"10";"0";"200";"70";"2"
"40/30/30";"Contains approximately 40 percent carbohydrate, 30 percent protein and 30 percent fat.";"1750";"Evening Snack";"21:00:00";"Strawberries, raw";".5000";"cup, sliced (5.9 oz)";"27";"1";"0";"6";"4";"0";"2";"13";"1";"0"
"40/30/30";"Contains approximately 40 percent carbohydrate, 30 percent protein and 30 percent fat.";"2000";"Breakfast";"07:00:00";"Cream Cheese, Whipped, Classic Plain";"1.0000";"serving, 2 tablespoons (0.7 oz)";"70";"1";"7";"1";"1";"20";"0";"";"65";"5"
"40/30/30";"Contains approximately 40 percent carbohydrate, 30 percent protein and 30 percent fat.";"2000";"Breakfast";"07:00:00";"Strawberries, raw";"1.0000";"cup, sliced (5.9 oz)";"53";"1";"0";"13";"8";"0";"3";"27";"2";"0"
"40/30/30";"Contains approximately 40 percent carbohydrate, 30 percent protein and 30 percent fat.";"2000";"Breakfast";"07:00:00";"Bagels, (plain, onion, poppy, sesame)";"1.0000";"medium bagel, 3-1/2" to 4" dia (3.7 oz)";"289";"11";"2";"56";"0";"0";"2";"19";"561";"0"
"40/30/30";"Contains approximately 40 percent carbohydrate, 30 percent protein and 30 percent fat.";"2000";"Breakfast";"07:00:00";"Omelet w. 1 large egg, 1/2 oz cheese, 1 tsp fat, cooked";"1.0000";"meal";"171";"10";"14";"1";"0";"227";"0";"0";"158";"4"
"40/30/30";"Contains approximately 40 percent carbohydrate, 30 percent protein and 30 percent fat.";"2000";"Morning Snack";"10:00:00";"dotBAR Chocolate Peanut Butter Crunch";"1.0000";"1 Bar";"190";"12";"6";"23";"15";"0";"1";"0";"220";"3"
"40/30/30";"Contains approximately 40 percent carbohydrate, 30 percent protein and 30 percent fat.";"2000";"Lunch";"13:00:00";"Soup: Chicken & Wild Rice (Progresso)";"1.0000";"cup (8.4 oz)";"100";"6";"2";"15";"1";"15";"1";"20";"870";"1"
"40/30/30";"Contains approximately 40 percent carbohydrate, 30 percent protein and 30 percent fat.";"2000";"Lunch";"13:00:00";"Romaine Lettuce";"1.0000";"leaf, inner (0.2 oz)";"1";"0";"0";"0";"0";"0";"0";"2";"0";"0"
"40/30/30";"Contains approximately 40 percent carbohydrate, 30 percent protein and 30 percent fat.";"2000";"Lunch";"13:00:00";"Mayonnaise: Light (Best Foods)";"1.0000";"tablespoon (0.5 oz)";"45";"0";"5";"1";"0";"5";"0";"0";"120";"1"
"40/30/30";"Contains approximately 40 percent carbohydrate, 30 percent protein and 30 percent fat.";"2000";"Lunch";"13:00:00";"Tomato, fresh";"2.0000";"slice, thin/small (0.5 oz)";"5";"0";"0";"1";"1";"0";"0";"3";"2";"0"
"40/30/30";"Contains approximately 40 percent carbohydrate, 30 percent protein and 30 percent fat.";"2000";"Lunch";"13:00:00";"Mustard";"1.0000";"teaspoon (0.2 oz)";"3";"0";"0";"0";"0";"0";"0";"4";"56";"0"
"40/30/30";"Contains approximately 40 percent carbohydrate, 30 percent protein and 30 percent fat.";"2000";"Lunch";"13:00:00";"Multi-Grain Bread (Whole-Grain)";"2.0000";"slice, regular (0.9 oz)";"138";"7";"2";"23";"3";"0";"4";"54";"218";"0"
"40/30/30";"Contains approximately 40 percent carbohydrate, 30 percent protein and 30 percent fat.";"2000";"Lunch";"13:00:00";"Turkey breast meat, deli sliced";"4.0000";"oz";"118";"19";"2";"5";"4";"49";"1";"9";"1151";"1"
"40/30/30";"Contains approximately 40 percent carbohydrate, 30 percent protein and 30 percent fat.";"2000";"Afternoon Snack";"17:00:00";"Apples, raw, with Skin";"1.0000";"small, 2-1/2" dia, approx 4 per lb (3.7 oz)";"55";"0";"0";"15";"11";"0";"3";"6";"1";"0"
"40/30/30";"Contains approximately 40 percent carbohydrate, 30 percent protein and 30 percent fat.";"2000";"Afternoon Snack";"17:00:00";"dotFIT Pre & Post Workout Formula - Chocolate";"1.0000";"2 scoops (64g)";"250";"20";"3";"35";"3";"55";"2";"150";"170";"1"
"40/30/30";"Contains approximately 40 percent carbohydrate, 30 percent protein and 30 percent fat.";"2000";"Dinner";"19:00:00";"Chicken Breast, meat only, grilled/roasted/baked";"6.0000";"oz";"281";"53";"6";"0";"0";"145";"0";"26";"126";"2"
"40/30/30";"Contains approximately 40 percent carbohydrate, 30 percent protein and 30 percent fat.";"2000";"Dinner";"19:00:00";"Brown rice, long-grain, cooked";"1.0000";"serving, 1/2 cup (3.4 oz)";"108";"3";"1";"22";"0";"0";"2";"10";"5";"0"
"40/30/30";"Contains approximately 40 percent carbohydrate, 30 percent protein and 30 percent fat.";"2000";"Dinner";"19:00:00";"Asparagus, boiled, drained";"2.0000";"serving, 4 spears, 1/2" base (2.1 oz)";"26";"3";"0";"5";"2";"0";"2";"28";"17";"0"
"40/30/30";"Contains approximately 40 percent carbohydrate, 30 percent protein and 30 percent fat.";"2000";"Dinner";"19:00:00";"Olive oil";"1.0000";"tablespoon (0.5 oz)";"119";"0";"14";"0";"0";"0";"0";"0";"0";"2"
"40/30/30";"Contains approximately 40 percent carbohydrate, 30 percent protein and 30 percent fat.";"2250";"Breakfast";"07:00:00";"Tortilla/Wrap, Whole Wheat Grain (La Tortilla Factory)";"1.0000";"tortilla (1.2 oz)";"120";"2";"5";"16";"1";"0";"1";"60";"230";"1"
"40/30/30";"Contains approximately 40 percent carbohydrate, 30 percent protein and 30 percent fat.";"2250";"Breakfast";"07:00:00";"Salsa";"2.0000";"serving, 2 tablespoons (1.2 oz)";"18";"1";"0";"4";"2";"0";"1";"18";"396";"0"
"40/30/30";"Contains approximately 40 percent carbohydrate, 30 percent protein and 30 percent fat.";"2250";"Breakfast";"07:00:00";"Avocados, average all varieties, raw";"1.0000";"oz (1 oz)";"45";"1";"4";"2";"0";"0";"2";"3";"2";"1"
"40/30/30";"Contains approximately 40 percent carbohydrate, 30 percent protein and 30 percent fat.";"2250";"Breakfast";"07:00:00";"Large";"2.0000";"egg (1.8 oz)";"140";"12";"9";"2";"0";"430";"0";"40";"130";"3"
"40/30/30";"Contains approximately 40 percent carbohydrate, 30 percent protein and 30 percent fat.";"2250";"Breakfast";"07:00:00";"Component, Egg Whites, Scrambled";"1.0000";"serving, 2 eggs (4 oz)";"50";"12";"0";"2";"0";"0";"0";"";"178";"0"
"40/30/30";"Contains approximately 40 percent carbohydrate, 30 percent protein and 30 percent fat.";"2250";"Breakfast";"07:00:00";"Oranges, Navel, raw";"1.0000";"fruit [7.3 oz as purchased, 2.9" dia] (4.9 oz)";"69";"1";"0";"18";"12";"0";"3";"60";"1";"0"
"40/30/30";"Contains approximately 40 percent carbohydrate, 30 percent protein and 30 percent fat.";"2250";"Lunch";"13:00:00";"Deli Style, Cheddar Mild";"1.0000";"slice (0.7 oz)";"80";"5";"6";"0";"0";"20";"0";"150";"120";"4"
"40/30/30";"Contains approximately 40 percent carbohydrate, 30 percent protein and 30 percent fat.";"2250";"Lunch";"13:00:00";"Wheat Bread (includes wheat berry)";"2.0000";"slice (0.9 oz)";"130";"5";"2";"24";"3";"0";"2";"53";"265";"0"
"40/30/30";"Contains approximately 40 percent carbohydrate, 30 percent protein and 30 percent fat.";"2250";"Lunch";"13:00:00";"Tuna, light, in water, drained ";"4.0000";"oz";"132";"29";"1";"0";"0";"34";"0";"12";"383";"0"
"40/30/30";"Contains approximately 40 percent carbohydrate, 30 percent protein and 30 percent fat.";"2250";"Lunch";"13:00:00";"Mayonnaise: Light (Best Foods)";"1.0000";"tablespoon (0.5 oz)";"45";"0";"5";"1";"0";"5";"0";"0";"120";"1"
"40/30/30";"Contains approximately 40 percent carbohydrate, 30 percent protein and 30 percent fat.";"2250";"Lunch";"13:00:00";"Apple";"1.0000";"large, 3-1/4" dia, approx 2 per lb (7.5 oz)";"110";"1";"0";"29";"22";"0";"5";"13";"2";"0"
"40/30/30";"Contains approximately 40 percent carbohydrate, 30 percent protein and 30 percent fat.";"2250";"Lunch";"13:00:00";"Tomato, fresh";"2.0000";"slice, thin/small (0.5 oz)";"5";"0";"0";"1";"1";"0";"0";"3";"2";"0"
"40/30/30";"Contains approximately 40 percent carbohydrate, 30 percent protein and 30 percent fat.";"2250";"Afternoon Snack";"17:00:00";"Pineapple, fresh";"1.0000";"cup, diced (5.5 oz)";"74";"1";"0";"20";"14";"0";"2";"20";"2";"0"
"40/30/30";"Contains approximately 40 percent carbohydrate, 30 percent protein and 30 percent fat.";"2250";"Afternoon Snack";"17:00:00";"dotFIT Pre & Post Workout Formula - Vanilla";"1.0000";"2 scoops (61g)";"240";"21";"0";"33";"3";"60";"0";"150";"140";"1"
"40/30/30";"Contains approximately 40 percent carbohydrate, 30 percent protein and 30 percent fat.";"2250";"Afternoon Snack";"17:00:00";"Skim Milk";"1.0000";"cup (8.6 oz)";"91";"9";"1";"12";"12";"5";"0";"316";"130";"0"
"40/30/30";"Contains approximately 40 percent carbohydrate, 30 percent protein and 30 percent fat.";"2250";"Afternoon Snack";"17:00:00";"Almonds, raw";"1.0000";"serving, 23 whole kernels (1 oz)";"164";"6";"14";"6";"1";"0";"3";"70";"0";"1"
"40/30/30";"Contains approximately 40 percent carbohydrate, 30 percent protein and 30 percent fat.";"2250";"Dinner";"19:00:00";"Extra Virgin Olive Oil, 100% Italian";".5000";"tablespoon (0.5 fl.oz)";"60";"0";"7";"0";"0";"0";"0";"0";"0";"1"
"40/30/30";"Contains approximately 40 percent carbohydrate, 30 percent protein and 30 percent fat.";"2250";"Dinner";"19:00:00";"Broccoli, cooked";"2.0000";"serving, 1/2 cup, chopped (2.8 oz)";"55";"4";"1";"11";"2";"0";"5";"62";"64";"0"
"40/30/30";"Contains approximately 40 percent carbohydrate, 30 percent protein and 30 percent fat.";"2250";"Dinner";"19:00:00";"Dinner Roll, plain (includes brown-and-serve)";"2.0000";"roll (1.0 oz)";"168";"5";"4";"28";"1";"1";"2";"67";"292";"1"
"40/30/30";"Contains approximately 40 percent carbohydrate, 30 percent protein and 30 percent fat.";"2250";"Dinner";"19:00:00";"Sweet white corn, boiled/steamed";"2.0000";"serving, 1/2 cup kernels (2.9 oz)";"154";"5";"1";"37";"0";"0";"3";"5";"7";"0"
"40/30/30";"Contains approximately 40 percent carbohydrate, 30 percent protein and 30 percent fat.";"2250";"Dinner";"19:00:00";"Pork loin, chops, boneless, broiled";"5.0000";"oz";"306";"42";"14";"0";"0";"115";"0";"44";"92";"5"
"40/30/30";"Contains approximately 40 percent carbohydrate, 30 percent protein and 30 percent fat.";"2500";"Breakfast";"07:00:00";"Strawberries, fresh";"1.0000";"cup, halves (5.4 oz)";"49";"1";"0";"12";"7";"0";"3";"24";"2";"0"
"40/30/30";"Contains approximately 40 percent carbohydrate, 30 percent protein and 30 percent fat.";"2500";"Breakfast";"07:00:00";"Egg (hard-boiled/scrambled/poached)";"2.0000";"large (1.8 oz)";"155";"13";"11";"1";"1";"424";"0";"50";"124";"3"
"40/30/30";"Contains approximately 40 percent carbohydrate, 30 percent protein and 30 percent fat.";"2500";"Breakfast";"07:00:00";"Greek, Blended, Plain, No-Fat";"1.0000";"container (6 oz)";"100";"18";"0";"7";"7";"0";"0";"200";"80";"0"
"40/30/30";"Contains approximately 40 percent carbohydrate, 30 percent protein and 30 percent fat.";"2500";"Breakfast";"07:00:00";"Multi-Grain Bread (Whole-Grain)";"1.0000";"slice, regular (0.9 oz)";"69";"3";"1";"11";"2";"0";"2";"27";"109";"0"
"40/30/30";"Contains approximately 40 percent carbohydrate, 30 percent protein and 30 percent fat.";"2500";"Breakfast";"07:00:00";"Almond Butter, Unsalted";".5000";"tablespoon (0.6 oz)";"51";"1";"5";"2";"";"0";"0";"22";"1";"0"
"40/30/30";"Contains approximately 40 percent carbohydrate, 30 percent protein and 30 percent fat.";"2500";"Lunch";"13:00:00";"Deli Counter Sliced, Swiss, 25% Reduced-Fat";"1.5000";"oz (1 oz)";"137";"12";"9";"2";"2";"30";"0";"380";"175";"5"
"40/30/30";"Contains approximately 40 percent carbohydrate, 30 percent protein and 30 percent fat.";"2500";"Lunch";"13:00:00";"Hoagie / Submarine roll, plain";"1.0000";"roll (2.3 oz)";"180";"6";"2";"34";"3";"0";"2";"60";"396";"1"
"40/30/30";"Contains approximately 40 percent carbohydrate, 30 percent protein and 30 percent fat.";"2500";"Lunch";"13:00:00";"Ham, sliced";"4.0000";"oz";"185";"19";"10";"4";"0";"65";"1";"27";"1479";"3"
"40/30/30";"Contains approximately 40 percent carbohydrate, 30 percent protein and 30 percent fat.";"2500";"Lunch";"13:00:00";"Turkey breast meat, deli sliced";"2.0000";"oz";"59";"10";"1";"2";"2";"24";"0";"5";"576";"0"
"40/30/30";"Contains approximately 40 percent carbohydrate, 30 percent protein and 30 percent fat.";"2500";"Lunch";"13:00:00";"Romaine Lettuce";"3.0000";"leaf, inner (0.2 oz)";"3";"0";"0";"1";"0";"0";"0";"6";"1";"0"
"40/30/30";"Contains approximately 40 percent carbohydrate, 30 percent protein and 30 percent fat.";"2500";"Lunch";"13:00:00";"Tomato, fresh";"2.0000";"slice, thin/small (0.5 oz)";"5";"0";"0";"1";"1";"0";"0";"3";"2";"0"
"40/30/30";"Contains approximately 40 percent carbohydrate, 30 percent protein and 30 percent fat.";"2500";"Lunch";"13:00:00";"Baked Potato Chips (Lay's)";"1.0000";"serving, 11 crisps (1.0 oz)";"110";"2";"2";"23";"2";"0";"2";"40";"180";"0"
"40/30/30";"Contains approximately 40 percent carbohydrate, 30 percent protein and 30 percent fat.";"2500";"Lunch";"13:00:00";"Apple";"1.0000";"large, 3-1/4" dia, approx 2 per lb (7.5 oz)";"110";"1";"0";"29";"22";"0";"5";"13";"2";"0"
"40/30/30";"Contains approximately 40 percent carbohydrate, 30 percent protein and 30 percent fat.";"2500";"Afternoon Snack";"17:00:00";"dotFIT WheySmooth – Vanilla Crème";"1.0000";"1 scoop (37.5g)";"150";"25";"2";"7";"2";"75";"0";"0";"105";"1"
"40/30/30";"Contains approximately 40 percent carbohydrate, 30 percent protein and 30 percent fat.";"2500";"Afternoon Snack";"17:00:00";"Bananas, raw";"1.0000";"large, 8" to 8-7/8" long (4.8 oz)";"121";"1";"0";"31";"17";"0";"4";"7";"1";"0"
"40/30/30";"Contains approximately 40 percent carbohydrate, 30 percent protein and 30 percent fat.";"2500";"Dinner";"19:00:00";"Asparagus, boiled";"10.0000";"spear, 0.5" base dia. (0.5 oz)";"33";"4";"0";"6";"2";"0";"3";"35";"21";"0"
"40/30/30";"Contains approximately 40 percent carbohydrate, 30 percent protein and 30 percent fat.";"2500";"Dinner";"19:00:00";"Top Sirloin Steak, Lean Only, broiled";"8.0000";"oz";"415";"69";"13";"0";"0";"132";"0";"45";"145";"5"
"40/30/30";"Contains approximately 40 percent carbohydrate, 30 percent protein and 30 percent fat.";"2500";"Dinner";"19:00:00";"Smart Balance Spreads: Buttery ";"2.0000";"tablespoon (0.5 oz)";"160";"0";"18";"0";"0";"0";"0";"0";"180";"5"
"40/30/30";"Contains approximately 40 percent carbohydrate, 30 percent protein and 30 percent fat.";"2500";"Dinner";"19:00:00";"Baked Potato";"1.0000";"potato, large, 3" to 4-1/4" dia (10.5 oz)";"278";"7";"0";"63";"4";"0";"7";"45";"730";"0"
"40/30/30";"Contains approximately 40 percent carbohydrate, 30 percent protein and 30 percent fat.";"2500";"Dinner";"19:00:00";"Light Sour Cream";"2.0000";"tablespoon (0.5 oz)";"38";"1";"3";"2";"0";"10";"0";"39";"20";"2"
"40/30/30";"Contains approximately 40 percent carbohydrate, 30 percent protein and 30 percent fat.";"2500";"Dinner";"19:00:00";"Dinner Roll, plain (includes brown-and-serve)";"1.0000";"medium roll, 3" diameter (1.5 oz)";"128";"4";"3";"21";"1";"0";"1";"51";"222";"1"
"40/30/30";"Contains approximately 40 percent carbohydrate, 30 percent protein and 30 percent fat.";"2750";"Breakfast";"07:00:00";"Scrambled Eggs, 2 large eggs w. 1 tbsp non-fat milk, no added fat";"1.0000";"meal";"154";"14";"10";"2";"2";"424";"0";"";"148";"3"
"40/30/30";"Contains approximately 40 percent carbohydrate, 30 percent protein and 30 percent fat.";"2750";"Breakfast";"07:00:00";"Oranges, average all varieties, raw";"1.0000";"medium [6.3 oz as purchased, 2.6" dia] (4.6 oz)";"62";"1";"0";"15";"12";"0";"3";"52";"0";"0"
"40/30/30";"Contains approximately 40 percent carbohydrate, 30 percent protein and 30 percent fat.";"2750";"Breakfast";"07:00:00";"Strawberries, raw";"1.0000";"cup, sliced (5.9 oz)";"53";"1";"0";"13";"8";"0";"3";"27";"2";"0"
"40/30/30";"Contains approximately 40 percent carbohydrate, 30 percent protein and 30 percent fat.";"2750";"Breakfast";"07:00:00";"Skim Milk";"1.5000";"cup (8.6 oz)";"136";"13";"1";"18";"18";"7";"0";"474";"195";"1"
"40/30/30";"Contains approximately 40 percent carbohydrate, 30 percent protein and 30 percent fat.";"2750";"Breakfast";"07:00:00";"GoLEAN, Crunch! Cereal (Kashi)";"1.0000";"cup (1.9 oz)";"190";"9";"3";"36";"13";"0";"8";"40";"95";"0"
"40/30/30";"Contains approximately 40 percent carbohydrate, 30 percent protein and 30 percent fat.";"2750";"Morning Snack";"10:00:00";"Blueberries, raw";".5000";"cup (5.1 oz)";"41";"1";"0";"11";"7";"0";"2";"4";"1";"0"
"40/30/30";"Contains approximately 40 percent carbohydrate, 30 percent protein and 30 percent fat.";"2750";"Morning Snack";"10:00:00";"Raspberries, raw";".5000";"cup (4.3 oz)";"32";"1";"0";"7";"3";"0";"4";"15";"1";"0"
"40/30/30";"Contains approximately 40 percent carbohydrate, 30 percent protein and 30 percent fat.";"2750";"Morning Snack";"10:00:00";"Low Fat Cottage Cheese (1%)";"1.0000";"cup, not packed (8.0 oz)";"163";"28";"2";"6";"6";"9";"0";"138";"918";"1"
"40/30/30";"Contains approximately 40 percent carbohydrate, 30 percent protein and 30 percent fat.";"2750";"Lunch";"13:00:00";"Turkey breast meat, deli sliced";"6.0000";"oz";"177";"29";"3";"7";"6";"73";"1";"14";"1727";"1"
"40/30/30";"Contains approximately 40 percent carbohydrate, 30 percent protein and 30 percent fat.";"2750";"Lunch";"13:00:00";"Wrap, White/ Whole Wheat (La Tortilla Factory)";"1.0000";"wrap (2.4 oz)";"200";"6";"5";"33";"1";"0";"4";"40";"360";"1"
"40/30/30";"Contains approximately 40 percent carbohydrate, 30 percent protein and 30 percent fat.";"2750";"Lunch";"13:00:00";"Hummus, Original (Athenos)";"1.0000";"serving, 2 tablespoons (1.0 oz)";"50";"1";"3";"5";"1";"0";"1";"0";"160";"0"
"40/30/30";"Contains approximately 40 percent carbohydrate, 30 percent protein and 30 percent fat.";"2750";"Lunch";"13:00:00";"Salad Dressing: Red Wine Vinegar & Olive Oil (Ken's Steak House)";"1.0000";"serving, 2 tablespoons (1.1 oz)";"120";"0";"12";"2";"2";"0";"0";"0";"360";"2"
"40/30/30";"Contains approximately 40 percent carbohydrate, 30 percent protein and 30 percent fat.";"2750";"Lunch";"13:00:00";"Carrots, Shredded (River Ranch)";"1.0000";"serving, 3/4 cup (3.0 oz)";"35";"1";"0";"9";"6";"0";"3";"20";"30";"0"
"40/30/30";"Contains approximately 40 percent carbohydrate, 30 percent protein and 30 percent fat.";"2750";"Lunch";"13:00:00";"Broccoli, raw";"1.0000";"serving, 3 florets (2.5 oz)";"24";"2";"0";"5";"1";"0";"2";"33";"23";"0"
"40/30/30";"Contains approximately 40 percent carbohydrate, 30 percent protein and 30 percent fat.";"2750";"Lunch";"13:00:00";"Cucumber, peeled, raw";".5000";"cup, sliced (4.2 oz)";"7";"0";"0";"1";"1";"0";"0";"8";"1";"0"
"40/30/30";"Contains approximately 40 percent carbohydrate, 30 percent protein and 30 percent fat.";"2750";"Lunch";"13:00:00";"Romaine Lettuce";"2.0000";"leaf, inner (0.2 oz)";"2";"0";"0";"0";"0";"0";"0";"4";"1";"0"
"40/30/30";"Contains approximately 40 percent carbohydrate, 30 percent protein and 30 percent fat.";"2750";"Lunch";"13:00:00";"Fruit, Fresh: Melon Balls";"1.0000";"cup, balls (6.2 oz)";"60";"1";"0";"14";"14";"0";"2";"16";"28";"0"
"40/30/30";"Contains approximately 40 percent carbohydrate, 30 percent protein and 30 percent fat.";"2750";"Afternoon Snack";"17:00:00";"dotFIT WheySmooth – Vanilla Crème";"1.0000";"1 scoop (37.5g)";"150";"25";"2";"7";"2";"75";"0";"0";"105";"1"
"40/30/30";"Contains approximately 40 percent carbohydrate, 30 percent protein and 30 percent fat.";"2750";"Afternoon Snack";"17:00:00";"Bananas, raw";"1.0000";"large [7.5 oz with skin, 8" long] (4.8 oz)";"121";"1";"0";"31";"17";"0";"4";"7";"1";"0"
"40/30/30";"Contains approximately 40 percent carbohydrate, 30 percent protein and 30 percent fat.";"2750";"Dinner";"19:00:00";"Quinoa, cooked";"2.0000";"serving, 1/2 cup (3.7 oz)";"252";"9";"4";"45";"";"0";"6";"36";"15";""
"40/30/30";"Contains approximately 40 percent carbohydrate, 30 percent protein and 30 percent fat.";"2750";"Dinner";"19:00:00";"Asparagus, boiled";"10.0000";"spear, 0.5" base dia. (0.5 oz)";"33";"4";"0";"6";"2";"0";"3";"35";"21";"0"
"40/30/30";"Contains approximately 40 percent carbohydrate, 30 percent protein and 30 percent fat.";"2750";"Dinner";"19:00:00";"Extra Virgin Olive Oil, 100% Italian";".5000";"tablespoon (0.5 fl.oz)";"60";"0";"7";"0";"0";"0";"0";"0";"0";"1"
"40/30/30";"Contains approximately 40 percent carbohydrate, 30 percent protein and 30 percent fat.";"2750";"Dinner";"19:00:00";"Halibut, Greenland, cooked";"8.0000";"oz";"542";"42";"40";"0";"0";"134";"0";"9";"234";"7"
"40/30/30";"Contains approximately 40 percent carbohydrate, 30 percent protein and 30 percent fat.";"2750";"Dinner";"19:00:00";"100% Whole Wheat Dinner Rolls";"1.0000";"roll (1.1 oz)";"70";"3";"1";"13";"3";"0";"2";"0";"150";"0"
"40/30/30";"Contains approximately 40 percent carbohydrate, 30 percent protein and 30 percent fat.";"3000";"Breakfast";"07:00:00";"Omelet w. 1 large egg, 1/2 oz cheese & 1/2 oz ham";"2.0000";"meal";"308";"24";"22";"2";"0";"470";"0";"0";"682";"10"
"40/30/30";"Contains approximately 40 percent carbohydrate, 30 percent protein and 30 percent fat.";"3000";"Breakfast";"07:00:00";"Oranges, average all varieties, raw";"1.0000";"medium [6.3 oz as purchased, 2.6" dia] (4.6 oz)";"62";"1";"0";"15";"12";"0";"3";"52";"0";"0"
"40/30/30";"Contains approximately 40 percent carbohydrate, 30 percent protein and 30 percent fat.";"3000";"Breakfast";"07:00:00";"Fancy Fruit, Strawberry Preserves";"1.0000";"tablespoon (0.7 oz)";"50";"0";"0";"13";"9";"0";"0";"0";"0";"0"
"40/30/30";"Contains approximately 40 percent carbohydrate, 30 percent protein and 30 percent fat.";"3000";"Breakfast";"07:00:00";"Sliced Bread, Whole Grains Healthy Multi-Grain";"2.0000";"slice (1.5 oz)";"220";"10";"3";"40";"8";"0";"8";"40";"320";"0"
"40/30/30";"Contains approximately 40 percent carbohydrate, 30 percent protein and 30 percent fat.";"3000";"Morning Snack";"10:00:00";"dotBAR Chocolate Peanut Butter Crunch";"1.0000";"1 Bar";"190";"12";"6";"23";"15";"0";"1";"0";"220";"3"
"40/30/30";"Contains approximately 40 percent carbohydrate, 30 percent protein and 30 percent fat.";"3000";"Morning Snack";"10:00:00";"Almonds, raw";"1.5000";"oz, 23 kernels (1 oz)";"246";"9";"22";"8";"2";"0";"5";"106";"0";"2"
"40/30/30";"Contains approximately 40 percent carbohydrate, 30 percent protein and 30 percent fat.";"3000";"Morning Snack";"10:00:00";"Apples, raw, with Skin";"1.0000";"medium, 2-3/4" dia, approx 3 per lb (4.9 oz)";"72";"0";"0";"19";"14";"0";"3";"8";"1";"0"
"40/30/30";"Contains approximately 40 percent carbohydrate, 30 percent protein and 30 percent fat.";"3000";"Lunch";"13:00:00";"Cantaloupe Melons, raw";"1.0000";"cup, diced (5.5 oz)";"53";"1";"0";"14";"12";"0";"1";"14";"25";"0"
"40/30/30";"Contains approximately 40 percent carbohydrate, 30 percent protein and 30 percent fat.";"3000";"Lunch";"13:00:00";"Swiss, Sliced";"2.0000";"slice (0.7 oz)";"180";"10";"12";"0";"0";"30";"0";"400";"70";"8"
"40/30/30";"Contains approximately 40 percent carbohydrate, 30 percent protein and 30 percent fat.";"3000";"Lunch";"13:00:00";"Tomato, fresh";"3.0000";"slice, thin/small (0.5 oz)";"8";"0";"0";"2";"1";"0";"1";"5";"2";"0"
"40/30/30";"Contains approximately 40 percent carbohydrate, 30 percent protein and 30 percent fat.";"3000";"Lunch";"13:00:00";"Carrots, Shredded (River Ranch)";"1.0000";"serving, 3/4 cup (3.0 oz)";"35";"1";"0";"9";"6";"0";"3";"20";"30";"0"
"40/30/30";"Contains approximately 40 percent carbohydrate, 30 percent protein and 30 percent fat.";"3000";"Lunch";"13:00:00";"Pita Pockets, Whole Wheat (Trader Joe's)";"1.0000";"pita (2.1 oz)";"160";"7";"2";"30";"0";"0";"5";"20";"240";"1"
"40/30/30";"Contains approximately 40 percent carbohydrate, 30 percent protein and 30 percent fat.";"3000";"Lunch";"13:00:00";"Cucumber, peeled, raw";"4.0000";"slice (0.2 oz)";"3";"0";"0";"1";"0";"0";"0";"4";"1";"0"
"40/30/30";"Contains approximately 40 percent carbohydrate, 30 percent protein and 30 percent fat.";"3000";"Lunch";"13:00:00";"Romaine Lettuce";"3.0000";"leaf, inner (0.2 oz)";"3";"0";"0";"1";"0";"0";"0";"6";"1";"0"
"40/30/30";"Contains approximately 40 percent carbohydrate, 30 percent protein and 30 percent fat.";"3000";"Lunch";"13:00:00";"Turkey breast meat, deli sliced";"4.0000";"oz";"118";"19";"2";"5";"4";"49";"1";"9";"1151";"1"
"40/30/30";"Contains approximately 40 percent carbohydrate, 30 percent protein and 30 percent fat.";"3000";"Lunch";"13:00:00";"Hummus, commercial";"2.0000";"tablespoon (0.5 oz)";"46";"2";"3";"4";"0";"0";"2";"11";"106";"0"
"40/30/30";"Contains approximately 40 percent carbohydrate, 30 percent protein and 30 percent fat.";"3000";"Afternoon Snack";"17:00:00";"Skim Milk";"1.5000";"cup (8.6 oz)";"136";"13";"1";"18";"18";"7";"0";"474";"195";"1"
"40/30/30";"Contains approximately 40 percent carbohydrate, 30 percent protein and 30 percent fat.";"3000";"Afternoon Snack";"17:00:00";"Bananas, raw";"1.0000";"medium, 7" to 7-7/8" long (4.2 oz)";"105";"1";"0";"27";"14";"0";"3";"6";"1";"0"
"40/30/30";"Contains approximately 40 percent carbohydrate, 30 percent protein and 30 percent fat.";"3000";"Afternoon Snack";"17:00:00";"dotFIT WheySmooth – Vanilla Crème";"1.0000";"1 scoop (37.5g)";"150";"25";"2";"7";"2";"75";"0";"0";"105";"1"
"40/30/30";"Contains approximately 40 percent carbohydrate, 30 percent protein and 30 percent fat.";"3000";"Dinner";"19:00:00";"Sour Cream, Light";"2.0000";"tablespoon (0.5 oz)";"38";"1";"3";"2";"0";"10";"0";"39";"20";"2"
"40/30/30";"Contains approximately 40 percent carbohydrate, 30 percent protein and 30 percent fat.";"3000";"Dinner";"19:00:00";"Baked Potato";"1.0000";"potato, large, 3" to 4-1/4" dia (10.5 oz)";"278";"7";"0";"63";"4";"0";"7";"45";"730";"0"
"40/30/30";"Contains approximately 40 percent carbohydrate, 30 percent protein and 30 percent fat.";"3000";"Dinner";"19:00:00";"Asparagus, boiled, drained";"3.0000";"serving, 4 spears, 1/2" base (2.1 oz)";"40";"4";"0";"7";"2";"0";"4";"41";"25";"0"
"40/30/30";"Contains approximately 40 percent carbohydrate, 30 percent protein and 30 percent fat.";"3000";"Dinner";"19:00:00";"Smart Balance Spread: Light (37%)";"2.0000";"tablespoon (0.5 oz)";"90";"0";"10";"0";"0";"0";"0";"0";"180";"3"
"40/30/30";"Contains approximately 40 percent carbohydrate, 30 percent protein and 30 percent fat.";"3000";"Dinner";"19:00:00";"Top Sirloin Steak, Lean Only, broiled";"8.0000";"oz";"415";"69";"13";"0";"0";"132";"0";"45";"145";"5"
"40/30/30";"Contains approximately 40 percent carbohydrate, 30 percent protein and 30 percent fat.";"3250";"Breakfast";"07:00:00";"Skim Milk";"2.0000";"cup (8.6 oz)";"181";"17";"1";"25";"25";"10";"0";"632";"260";"1"
"40/30/30";"Contains approximately 40 percent carbohydrate, 30 percent protein and 30 percent fat.";"3250";"Breakfast";"07:00:00";"Egg (hard-boiled/scrambled/poached)";"3.0000";"large (1.8 oz)";"233";"19";"16";"2";"2";"636";"0";"75";"186";"5"
"40/30/30";"Contains approximately 40 percent carbohydrate, 30 percent protein and 30 percent fat.";"3250";"Breakfast";"07:00:00";"Oat Bran, cooked";"1.5000";"cup (7.7 oz)";"131";"11";"3";"38";"0";"0";"9";"33";"3";"1"
"40/30/30";"Contains approximately 40 percent carbohydrate, 30 percent protein and 30 percent fat.";"3250";"Breakfast";"07:00:00";"Blueberries, raw";".5000";"cup (5.1 oz)";"41";"1";"0";"11";"7";"0";"2";"4";"1";"0"
"40/30/30";"Contains approximately 40 percent carbohydrate, 30 percent protein and 30 percent fat.";"3250";"Breakfast";"07:00:00";"Oranges, average all varieties, raw";"1.0000";"medium [6.3 oz as purchased, 2.6" dia] (4.6 oz)";"62";"1";"0";"15";"12";"0";"3";"52";"0";"0"
"40/30/30";"Contains approximately 40 percent carbohydrate, 30 percent protein and 30 percent fat.";"3250";"Breakfast";"07:00:00";"Walnuts, English";".5000";"oz";"93";"2";"9";"2";"0";"0";"1";"14";"0";"1"
"40/30/30";"Contains approximately 40 percent carbohydrate, 30 percent protein and 30 percent fat.";"3250";"Breakfast";"07:00:00";"Raspberries, raw";".5000";"cup (4.3 oz)";"32";"1";"0";"7";"3";"0";"4";"15";"1";"0"
"40/30/30";"Contains approximately 40 percent carbohydrate, 30 percent protein and 30 percent fat.";"3250";"Morning Snack";"10:00:00";"Bananas, raw";"1.0000";"large, 8" to 8-7/8" long (4.8 oz)";"121";"1";"0";"31";"17";"0";"4";"7";"1";"0"
"40/30/30";"Contains approximately 40 percent carbohydrate, 30 percent protein and 30 percent fat.";"3250";"Morning Snack";"10:00:00";"dotFIT High Protein Double Chocolate Brownie dotBAR";"1.0000";"1 bar";"370";"30";"13";"38";"5";"20";"5";"0";"350";"8"
"40/30/30";"Contains approximately 40 percent carbohydrate, 30 percent protein and 30 percent fat.";"3250";"Lunch";"13:00:00";"Sharp Cheddar";"1.0000";"serving (1 oz)";"110";"7";"9";"1";"0";"30";"0";"200";"180";"5"
"40/30/30";"Contains approximately 40 percent carbohydrate, 30 percent protein and 30 percent fat.";"3250";"Lunch";"13:00:00";"Sliced Bread, Whole Grains 100% Whole Wheat";"2.0000";"slice (1.5 oz)";"220";"10";"2";"40";"8";"0";"6";"40";"340";"0"
"40/30/30";"Contains approximately 40 percent carbohydrate, 30 percent protein and 30 percent fat.";"3250";"Lunch";"13:00:00";"Mayonnaise: Light (Hellmann's)";"2.0000";"tablespoon (0.5 oz)";"90";"0";"9";"1";"0";"5";"0";"0";"240";"1"
"40/30/30";"Contains approximately 40 percent carbohydrate, 30 percent protein and 30 percent fat.";"3250";"Lunch";"13:00:00";"Cherry Tomatoes (Ryan's)";"1.0000";"cup";"40";"1";"1";"8";"5";"0";"2";"0";"15";"0"
"40/30/30";"Contains approximately 40 percent carbohydrate, 30 percent protein and 30 percent fat.";"3250";"Lunch";"13:00:00";"Tuna, light, in water, drained ";"4.0000";"oz";"132";"29";"1";"0";"0";"34";"0";"12";"383";"0"
"40/30/30";"Contains approximately 40 percent carbohydrate, 30 percent protein and 30 percent fat.";"3250";"Lunch";"13:00:00";"Salad: Fancy Field Greens (Fresh Express)";"1.0000";"serving, 3 cups (3.0 oz)";"20";"1";"0";"3";"1";"0";"2";"20";"15";"0"
"40/30/30";"Contains approximately 40 percent carbohydrate, 30 percent protein and 30 percent fat.";"3250";"Lunch";"13:00:00";"Salad Dressing: Oil & Vinegar, Italian Dressing (Wish-Bone)";"1.0000";"serving, 2 tablespoons (1.0 fl.oz)";"90";"0";"8";"3";"3";"0";"0";"0";"490";"1"
"40/30/30";"Contains approximately 40 percent carbohydrate, 30 percent protein and 30 percent fat.";"3250";"Afternoon Snack";"17:00:00";"Skim Milk";"1.5000";"cup (8.6 oz)";"136";"13";"1";"18";"18";"7";"0";"474";"195";"1"
"40/30/30";"Contains approximately 40 percent carbohydrate, 30 percent protein and 30 percent fat.";"3250";"Afternoon Snack";"17:00:00";"dotFIT WheySmooth – Vanilla Crème";"1.5000";"1 scoop (37.5g)";"225";"38";"3";"11";"3";"113";"0";"0";"158";"2"
"40/30/30";"Contains approximately 40 percent carbohydrate, 30 percent protein and 30 percent fat.";"3250";"Afternoon Snack";"17:00:00";"Strawberries, raw";"1.0000";"cup, sliced (5.9 oz)";"53";"1";"0";"13";"8";"0";"3";"27";"2";"0"
"40/30/30";"Contains approximately 40 percent carbohydrate, 30 percent protein and 30 percent fat.";"3250";"Dinner";"19:00:00";"Brown, Medium Grain, cooked";"1.5000";"cup (6.9 oz)";"328";"7";"2";"69";"";"0";"5";"29";"3";"0"
"40/30/30";"Contains approximately 40 percent carbohydrate, 30 percent protein and 30 percent fat.";"3250";"Dinner";"19:00:00";"Carrots, boiled or steamed";"2.0000";"serving, 1/2 cup slices (2.8 oz)";"55";"1";"0";"13";"5";"0";"5";"47";"90";"0"
"40/30/30";"Contains approximately 40 percent carbohydrate, 30 percent protein and 30 percent fat.";"3250";"Dinner";"19:00:00";"Salad, mixed vegetable tossed, no dressing";"1.0000";"serving, 1 1/2 cups (7.3 oz)";"33";"3";"0";"7";"0";"0";"0";"27";"54";"0"
"40/30/30";"Contains approximately 40 percent carbohydrate, 30 percent protein and 30 percent fat.";"3250";"Dinner";"19:00:00";"Salad Dressing: Oil & Vinegar, Berry Vinaigrette (Wish Bone)";"2.0000";"serving, 2 tablespoons (1.0 fl.oz)";"100";"0";"10";"4";"4";"0";"0";"0";"270";"1"
"40/30/30";"Contains approximately 40 percent carbohydrate, 30 percent protein and 30 percent fat.";"3250";"Dinner";"19:00:00";"Olive oil";"1.0000";"tablespoon (0.5 oz)";"119";"0";"14";"0";"0";"0";"0";"0";"0";"2"
"40/30/30";"Contains approximately 40 percent carbohydrate, 30 percent protein and 30 percent fat.";"3250";"Dinner";"19:00:00";"Halibut, cooked";"6.0000";"oz";"238";"45";"5";"0";"0";"70";"0";"102";"117";"1"
"40/30/30";"Contains approximately 40 percent carbohydrate, 30 percent protein and 30 percent fat.";"3500";"Breakfast";"07:00:00";"Skim Milk";"1.0000";"cup (8.6 oz)";"91";"9";"1";"12";"12";"5";"0";"316";"130";"0"
"40/30/30";"Contains approximately 40 percent carbohydrate, 30 percent protein and 30 percent fat.";"3500";"Breakfast";"07:00:00";"Omelet w. 1 large egg, 1/2 oz cheese & 1/2 oz ham, cooked";"2.0000";"meal";"308";"24";"22";"2";"";"470";"0";"";"682";"10"
"40/30/30";"Contains approximately 40 percent carbohydrate, 30 percent protein and 30 percent fat.";"3500";"Breakfast";"07:00:00";"Oranges, average all varieties, raw";"1.0000";"medium [6.3 oz as purchased, 2.6" dia] (4.6 oz)";"62";"1";"0";"15";"12";"0";"3";"52";"0";"0"
"40/30/30";"Contains approximately 40 percent carbohydrate, 30 percent protein and 30 percent fat.";"3500";"Breakfast";"07:00:00";"Almond Butter, Unsalted";"1.0000";"tablespoon (0.6 oz)";"101";"2";"9";"3";"";"0";"1";"43";"2";"1"
"40/30/30";"Contains approximately 40 percent carbohydrate, 30 percent protein and 30 percent fat.";"3500";"Breakfast";"07:00:00";"Sliced Bread, Whole Grains Healthy Multi-Grain";"2.0000";"slice (1.5 oz)";"220";"10";"3";"40";"8";"0";"8";"40";"320";"0"
"40/30/30";"Contains approximately 40 percent carbohydrate, 30 percent protein and 30 percent fat.";"3500";"Morning Snack";"10:00:00";"dotFIT High Protein Double Chocolate Brownie dotBAR";"1.0000";"1 bar";"370";"30";"13";"38";"5";"20";"5";"0";"350";"8"
"40/30/30";"Contains approximately 40 percent carbohydrate, 30 percent protein and 30 percent fat.";"3500";"Morning Snack";"10:00:00";"Apples, raw, with Skin";"1.0000";"large, 3-1/4" dia, approx 2 per lb (7.5 oz)";"110";"1";"0";"29";"22";"0";"5";"13";"2";"0"
"40/30/30";"Contains approximately 40 percent carbohydrate, 30 percent protein and 30 percent fat.";"3500";"Lunch";"13:00:00";"Brown, Medium Grain, cooked";"1.5000";"cup (6.9 oz)";"328";"7";"2";"69";"";"0";"5";"29";"3";"0"
"40/30/30";"Contains approximately 40 percent carbohydrate, 30 percent protein and 30 percent fat.";"3500";"Lunch";"13:00:00";"Thigh, without skin, roasted";"6.0000";"oz";"356";"44";"19";"0";"0";"162";"0";"20";"150";"5"
"40/30/30";"Contains approximately 40 percent carbohydrate, 30 percent protein and 30 percent fat.";"3500";"Lunch";"13:00:00";"Green Beans (Snap, String), boiled";"1.0000";"cup (4.4 oz)";"44";"2";"0";"10";"2";"0";"4";"55";"1";"0"
"40/30/30";"Contains approximately 40 percent carbohydrate, 30 percent protein and 30 percent fat.";"3500";"Lunch";"13:00:00";"Extra Virgin Olive Oil, 100% Italian";".5000";"tablespoon (0.5 fl.oz)";"60";"0";"7";"0";"0";"0";"0";"0";"0";"1"
"40/30/30";"Contains approximately 40 percent carbohydrate, 30 percent protein and 30 percent fat.";"3500";"Lunch";"13:00:00";"Melon Mix Cup (Wawa)";"1.0000";"cup (12.0 oz)";"112";"2";"0";"32";"30";"0";"3";"30";"44";"0"
"40/30/30";"Contains approximately 40 percent carbohydrate, 30 percent protein and 30 percent fat.";"3500";"Afternoon Snack";"17:00:00";"Strawberries, fresh";"1.0000";"cup, halves (5.4 oz)";"49";"1";"0";"12";"7";"0";"3";"24";"2";"0"
"40/30/30";"Contains approximately 40 percent carbohydrate, 30 percent protein and 30 percent fat.";"3500";"Afternoon Snack";"17:00:00";"dotFIT WheySmooth – Vanilla Crème";"2.0000";"1 scoop (37.5g)";"300";"50";"4";"14";"4";"150";"0";"0";"210";"2"
"40/30/30";"Contains approximately 40 percent carbohydrate, 30 percent protein and 30 percent fat.";"3500";"Dinner";"19:00:00";"Pork:  tenderloin, roasted";"8.0000";"oz";"392";"63";"14";"0";"0";"179";"0";"14";"125";"5"
"40/30/30";"Contains approximately 40 percent carbohydrate, 30 percent protein and 30 percent fat.";"3500";"Dinner";"19:00:00";"Mashed Potatoes, homestyle";"1.0000";"cup (7.4 oz)";"237";"4";"9";"36";"3";"2";"3";"46";"699";"2"
"40/30/30";"Contains approximately 40 percent carbohydrate, 30 percent protein and 30 percent fat.";"3500";"Dinner";"19:00:00";"Mixed Vegetables, drained";"2.0000";"cup (5.7 oz)";"160";"8";"1";"30";"8";"0";"10";"88";"486";"0"
"40/30/30";"Contains approximately 40 percent carbohydrate, 30 percent protein and 30 percent fat.";"3500";"Dinner";"19:00:00";"Dinner Roll, Whole Grain";"1.0000";"roll (2 oz)";"140";"6";"3";"26";"4";"0";"3";"60";"270";"0"
"40/30/30";"Contains approximately 40 percent carbohydrate, 30 percent protein and 30 percent fat.";"3500";"Dinner";"19:00:00";"Extra Virgin Olive Oil, 100% Italian";".5000";"tablespoon (0.5 fl.oz)";"60";"0";"7";"0";"0";"0";"0";"0";"0";"1"
"40/30/30";"Contains approximately 40 percent carbohydrate, 30 percent protein and 30 percent fat.";"3750";"Breakfast";"07:00:00";"Omelet w. 1 large egg, 1/2 oz cheese & 1/2 oz ham";"3.0000";"meal";"462";"36";"33";"3";"0";"705";"1";"0";"1023";"15"
"40/30/30";"Contains approximately 40 percent carbohydrate, 30 percent protein and 30 percent fat.";"3750";"Breakfast";"07:00:00";"Sliced Bread, Whole Grains 100% Whole Wheat";"2.0000";"slice (1.5 oz)";"220";"10";"2";"40";"8";"0";"6";"40";"340";"0"
"40/30/30";"Contains approximately 40 percent carbohydrate, 30 percent protein and 30 percent fat.";"3750";"Breakfast";"07:00:00";"Raspberries, raw";".5000";"cup (4.3 oz)";"32";"1";"0";"7";"3";"0";"4";"15";"1";"0"
"40/30/30";"Contains approximately 40 percent carbohydrate, 30 percent protein and 30 percent fat.";"3750";"Breakfast";"07:00:00";"Jams & Preserves";"1.0000";"tablespoon (0.7 oz)";"56";"0";"0";"14";"10";"0";"0";"4";"6";"0"
"40/30/30";"Contains approximately 40 percent carbohydrate, 30 percent protein and 30 percent fat.";"3750";"Breakfast";"07:00:00";"Blueberries, raw";".5000";"cup (5.1 oz)";"41";"1";"0";"11";"7";"0";"2";"4";"1";"0"
"40/30/30";"Contains approximately 40 percent carbohydrate, 30 percent protein and 30 percent fat.";"3750";"Morning Snack";"10:00:00";"Almonds, raw";"1.0000";"oz";"164";"6";"14";"6";"1";"0";"3";"70";"0";"1"
"40/30/30";"Contains approximately 40 percent carbohydrate, 30 percent protein and 30 percent fat.";"3750";"Morning Snack";"10:00:00";"Apples, raw, with Skin";"1.0000";"large, 3-1/4" dia, approx 2 per lb (7.5 oz)";"110";"1";"0";"29";"22";"0";"5";"13";"2";"0"
"40/30/30";"Contains approximately 40 percent carbohydrate, 30 percent protein and 30 percent fat.";"3750";"Morning Snack";"10:00:00";"dotWAFER Vanilla";"1.0000";"1 Wafer (46 grams)";"240";"15";"16";"13";"4";"5";"2";"219";"40";"7"
"40/30/30";"Contains approximately 40 percent carbohydrate, 30 percent protein and 30 percent fat.";"3750";"Morning Snack";"10:00:00";"Greek, Traditional, Plain";"1.0000";"cup (7.9 oz)";"190";"20";"9";"9";"9";"30";"0";"250";"75";"6"
"40/30/30";"Contains approximately 40 percent carbohydrate, 30 percent protein and 30 percent fat.";"3750";"Lunch";"13:00:00";"Brown, Medium Grain, cooked";"1.5000";"cup (6.9 oz)";"328";"7";"2";"69";"";"0";"5";"29";"3";"0"
"40/30/30";"Contains approximately 40 percent carbohydrate, 30 percent protein and 30 percent fat.";"3750";"Lunch";"13:00:00";"Italian Dressing";"2.0000";"tablespoon (0.5 oz)";"86";"0";"8";"3";"2";"0";"0";"2";"486";"1"
"40/30/30";"Contains approximately 40 percent carbohydrate, 30 percent protein and 30 percent fat.";"3750";"Lunch";"13:00:00";"Salmon, Atlantic, cooked";"6.0000";"oz";"350";"38";"21";"0";"0";"107";"0";"26";"104";"4"
"40/30/30";"Contains approximately 40 percent carbohydrate, 30 percent protein and 30 percent fat.";"3750";"Lunch";"13:00:00";"Romaine Lettuce";"3.0000";"cup, shredded (1.7 oz)";"24";"2";"0";"5";"2";"0";"3";"47";"11";"0"
"40/30/30";"Contains approximately 40 percent carbohydrate, 30 percent protein and 30 percent fat.";"3750";"Lunch";"13:00:00";"Tomato, fresh";"6.0000";"plum tomato (2.2 oz)";"67";"3";"1";"15";"10";"0";"4";"37";"19";"0"
"40/30/30";"Contains approximately 40 percent carbohydrate, 30 percent protein and 30 percent fat.";"3750";"Afternoon Snack";"17:00:00";"Banana";"1.5000";"medium, 7" to 7-7/8" long (4.2 oz)";"158";"2";"1";"40";"22";"0";"5";"9";"2";"0"
"40/30/30";"Contains approximately 40 percent carbohydrate, 30 percent protein and 30 percent fat.";"3750";"Afternoon Snack";"17:00:00";"dotFIT WheySmooth - Chocolate Crème";"2.0000";"1 scoop (42g)";"320";"50";"6";"14";"4";"120";"0";"400";"440";"2"
"40/30/30";"Contains approximately 40 percent carbohydrate, 30 percent protein and 30 percent fat.";"3750";"Dinner";"19:00:00";"Potatoes, red, baked, flesh & skin";"1.0000";"large, 3" to 4-1/4" dia (10.5 oz)";"266";"7";"0";"59";"4";"0";"5";"27";"24";"0"
"40/30/30";"Contains approximately 40 percent carbohydrate, 30 percent protein and 30 percent fat.";"3750";"Dinner";"19:00:00";"Butter, salted";"1.0000";"pat, 1" sq x 1/3" high (0.2 oz)";"36";"0";"4";"0";"0";"11";"0";"1";"29";"3"
"40/30/30";"Contains approximately 40 percent carbohydrate, 30 percent protein and 30 percent fat.";"3750";"Dinner";"19:00:00";"Salad, mixed vegetable tossed, no dressing";"2.0000";"serving, 1 1/2 cups (7.3 oz)";"66";"5";"0";"13";"0";"0";"0";"54";"108";"0"
"40/30/30";"Contains approximately 40 percent carbohydrate, 30 percent protein and 30 percent fat.";"3750";"Dinner";"19:00:00";"T-Bone Steak, Lean, broiled";"1.0000";"large, cooked (8.0 oz)";"402";"59";"17";"0";"0";"123";"0";"9";"161";"6"
"40/30/30";"Contains approximately 40 percent carbohydrate, 30 percent protein and 30 percent fat.";"3750";"Dinner";"19:00:00";"Italian Dressing";"2.0000";"tablespoon (0.5 oz)";"86";"0";"8";"3";"2";"0";"0";"2";"486";"1"
"40/30/30";"Contains approximately 40 percent carbohydrate, 30 percent protein and 30 percent fat.";"3750";"Dinner";"19:00:00";"Honeydew Melons, raw";"1.0000";"cup, diced, approx 20 pieces per cup (6 oz)";"61";"1";"0";"15";"14";"0";"1";"10";"31";"0"
"40/30/30";"Contains approximately 40 percent carbohydrate, 30 percent protein and 30 percent fat.";"4000";"Breakfast";"07:00:00";"Banana";"1.0000";"large, 8" to 8-7/8" long (4.8 oz)";"121";"1";"0";"31";"17";"0";"4";"7";"1";"0"
"40/30/30";"Contains approximately 40 percent carbohydrate, 30 percent protein and 30 percent fat.";"4000";"Breakfast";"07:00:00";"Bagel, Whole Grain";"1.0000";"bagel (3.7 oz)";"260";"10";"2";"52";"6";"0";"4";"20";"450";"0"
"40/30/30";"Contains approximately 40 percent carbohydrate, 30 percent protein and 30 percent fat.";"4000";"Breakfast";"07:00:00";"Cream Cheese, Whipped, Classic Plain";"1.0000";"serving, 2 tablespoons (0.7 oz)";"70";"1";"7";"1";"1";"20";"0";"";"65";"5"
"40/30/30";"Contains approximately 40 percent carbohydrate, 30 percent protein and 30 percent fat.";"4000";"Breakfast";"07:00:00";"dotFIT WheySmooth - Chocolate Crème";"2.0000";"1 scoop (42g)";"320";"50";"6";"14";"4";"120";"0";"400";"440";"2"
"40/30/30";"Contains approximately 40 percent carbohydrate, 30 percent protein and 30 percent fat.";"4000";"Breakfast";"07:00:00";"Chocolate Syrup (Hershey's)";"1.0000";"serving, 2 tablespoons (1.4 oz)";"100";"1";"0";"24";"19";"0";"1";"0";"15";"0"
"40/30/30";"Contains approximately 40 percent carbohydrate, 30 percent protein and 30 percent fat.";"4000";"Breakfast";"07:00:00";"Skim Milk";"1.5000";"cup (8.6 oz)";"136";"13";"1";"18";"18";"7";"0";"474";"195";"1"
"40/30/30";"Contains approximately 40 percent carbohydrate, 30 percent protein and 30 percent fat.";"4000";"Morning Snack";"10:00:00";"Mixed Nuts (Planter's)";"1.0000";"serving (1.0 oz)";"170";"6";"15";"5";"1";"0";"2";"20";"110";"2"
"40/30/30";"Contains approximately 40 percent carbohydrate, 30 percent protein and 30 percent fat.";"4000";"Morning Snack";"10:00:00";"Blueberries, raw";".5000";"cup (5.1 oz)";"41";"1";"0";"11";"7";"0";"2";"4";"1";"0"
"40/30/30";"Contains approximately 40 percent carbohydrate, 30 percent protein and 30 percent fat.";"4000";"Morning Snack";"10:00:00";"Cottage Cheese: Small Curd, Fat-Free (Breakstone's)";"2.0000";"serving, 1/5 container (4.4 oz)";"160";"24";"0";"16";"12";"20";"0";"300";"900";"0"
"40/30/30";"Contains approximately 40 percent carbohydrate, 30 percent protein and 30 percent fat.";"4000";"Lunch";"13:00:00";"Banana";"1.0000";"large, 8" to 8-7/8" long (4.8 oz)";"121";"1";"0";"31";"17";"0";"4";"7";"1";"0"
"40/30/30";"Contains approximately 40 percent carbohydrate, 30 percent protein and 30 percent fat.";"4000";"Lunch";"13:00:00";"Deli Indulgence, Shaved, Oven Roasted Turkey";"2.0000";"serving (2 oz)";"100";"18";"2";"4";"2";"50";"0";"0";"1260";"0"
"40/30/30";"Contains approximately 40 percent carbohydrate, 30 percent protein and 30 percent fat.";"4000";"Lunch";"13:00:00";"Ham, sliced";"2.0000";"serving, 2 slices (2.0 oz)";"183";"19";"10";"4";"0";"64";"1";"27";"1460";"3"
"40/30/30";"Contains approximately 40 percent carbohydrate, 30 percent protein and 30 percent fat.";"4000";"Lunch";"13:00:00";"Swiss Cheese";"2.0000";"slice (1.0 oz)";"213";"15";"16";"3";"1";"52";"0";"443";"108";"10"
"40/30/30";"Contains approximately 40 percent carbohydrate, 30 percent protein and 30 percent fat.";"4000";"Lunch";"13:00:00";"Tomato, fresh";"3.0000";"slice, thin/small (0.5 oz)";"8";"0";"0";"2";"1";"0";"1";"5";"2";"0"
"40/30/30";"Contains approximately 40 percent carbohydrate, 30 percent protein and 30 percent fat.";"4000";"Lunch";"13:00:00";"Romaine Lettuce";"2.0000";"leaf, inner (0.2 oz)";"2";"0";"0";"0";"0";"0";"0";"4";"1";"0"
"40/30/30";"Contains approximately 40 percent carbohydrate, 30 percent protein and 30 percent fat.";"4000";"Lunch";"13:00:00";"Sliced Bread, Whole Grains Healthy Multi-Grain";"2.0000";"slice (1.5 oz)";"220";"10";"3";"40";"8";"0";"8";"40";"320";"0"
"40/30/30";"Contains approximately 40 percent carbohydrate, 30 percent protein and 30 percent fat.";"4000";"Afternoon Snack";"17:00:00";"dotBAR Chocolate Peanut Butter Crunch";"1.0000";"1 Bar";"190";"12";"6";"23";"15";"0";"1";"0";"220";"3"
"40/30/30";"Contains approximately 40 percent carbohydrate, 30 percent protein and 30 percent fat.";"4000";"Afternoon Snack";"17:00:00";"Apples, raw, with Skin";"1.0000";"large, 3-1/4" dia, approx 2 per lb (7.5 oz)";"110";"1";"0";"29";"22";"0";"5";"13";"2";"0"
"40/30/30";"Contains approximately 40 percent carbohydrate, 30 percent protein and 30 percent fat.";"4000";"Afternoon Snack";"17:00:00";"Strawberries, raw";"1.0000";"cup, sliced (5.9 oz)";"53";"1";"0";"13";"8";"0";"3";"27";"2";"0"
"40/30/30";"Contains approximately 40 percent carbohydrate, 30 percent protein and 30 percent fat.";"4000";"Dinner";"19:00:00";"Feta Cheese";".5000";"cup, crumbled (5.3 oz)";"198";"11";"16";"3";"3";"67";"0";"370";"837";"11"
"40/30/30";"Contains approximately 40 percent carbohydrate, 30 percent protein and 30 percent fat.";"4000";"Dinner";"19:00:00";"Chicken Breast, with skin, roasted";"10.0000";"oz";"558";"84";"22";"0";"0";"238";"0";"40";"201";"6"
"40/30/30";"Contains approximately 40 percent carbohydrate, 30 percent protein and 30 percent fat.";"4000";"Dinner";"19:00:00";"Salad Dressing: Oil & Vinegar, Red Wine Vinaigrette (Wish-Bone)";"3.0000";"serving, 2 tablespoons (1.0 fl.oz)";"240";"0";"15";"27";"27";"0";"0";"0";"720";"3"
"40/30/30";"Contains approximately 40 percent carbohydrate, 30 percent protein and 30 percent fat.";"4000";"Dinner";"19:00:00";"Cucumber, peeled, raw";".5000";"cup, pared, chopped (4.7 oz)";"8";"0";"0";"1";"1";"0";"0";"9";"1";"0"
"40/30/30";"Contains approximately 40 percent carbohydrate, 30 percent protein and 30 percent fat.";"4000";"Dinner";"19:00:00";"Tomato, fresh";".5000";"cup, chopped or sliced (6.3 oz)";"16";"1";"0";"4";"2";"0";"1";"9";"5";"0"
"40/30/30";"Contains approximately 40 percent carbohydrate, 30 percent protein and 30 percent fat.";"4000";"Dinner";"19:00:00";"Romaine Lettuce";"2.0000";"cup, shredded (1.7 oz)";"16";"1";"0";"3";"1";"0";"2";"31";"8";"0"
"40/30/30";"Contains approximately 40 percent carbohydrate, 30 percent protein and 30 percent fat.";"4000";"Dinner";"19:00:00";"Parmesan Cheese, shredded";"2.0000";"tablespoon (0.2 oz)";"42";"4";"3";"0";"0";"7";"0";"125";"170";"2"
"40/30/30";"Contains approximately 40 percent carbohydrate, 30 percent protein and 30 percent fat.";"4000";"Dinner";"19:00:00";"Whole Wheat Pita Bread (Khoubiz)";"2.0000";"large, 6-1/2" dia (2.3 oz)";"340";"13";"3";"70";"1";"0";"9";"19";"681";"1"
"40/30/30";"Contains approximately 40 percent carbohydrate, 30 percent protein and 30 percent fat.";"4250";"Breakfast";"07:00:00";"Jams & Preserves";"1.0000";"packet (0.5 oz)";"39";"0";"0";"10";"7";"0";"0";"3";"4";"0"
"40/30/30";"Contains approximately 40 percent carbohydrate, 30 percent protein and 30 percent fat.";"4250";"Breakfast";"07:00:00";"Omelet w. 1 large egg, 1/2 oz cheese, 1 tsp fat, cooked";"3.0000";"meal";"513";"29";"43";"2";"0";"681";"0";"0";"474";"12"
"40/30/30";"Contains approximately 40 percent carbohydrate, 30 percent protein and 30 percent fat.";"4250";"Breakfast";"07:00:00";"Honeydew Melons, raw";"1.0000";"cup, diced, approx 20 pieces per cup (6 oz)";"61";"1";"0";"15";"14";"0";"1";"10";"31";"0"
"40/30/30";"Contains approximately 40 percent carbohydrate, 30 percent protein and 30 percent fat.";"4250";"Breakfast";"07:00:00";"Reduced-Fat (2% fat)";"1.0000";"cup (8 fl.oz)";"122";"8";"5";"12";"12";"20";"0";"285";"100";"3"
"40/30/30";"Contains approximately 40 percent carbohydrate, 30 percent protein and 30 percent fat.";"4250";"Breakfast";"07:00:00";"Cantaloupe Melons, raw";"1.0000";"cup, cubes (5.6 oz)";"54";"1";"0";"14";"13";"0";"1";"14";"26";"0"
"40/30/30";"Contains approximately 40 percent carbohydrate, 30 percent protein and 30 percent fat.";"4250";"Breakfast";"07:00:00";"Sliced Bread, Whole Grains 100% Whole Wheat";"2.0000";"slice (1.5 oz)";"220";"10";"2";"40";"8";"0";"6";"40";"340";"0"
"40/30/30";"Contains approximately 40 percent carbohydrate, 30 percent protein and 30 percent fat.";"4250";"Lunch";"13:00:00";"Tasty Relish, Sweet Relish";"2.0000";"tablespoon (0.5 oz)";"30";"0";"0";"8";"8";"";"";"";"280";"0"
"40/30/30";"Contains approximately 40 percent carbohydrate, 30 percent protein and 30 percent fat.";"4250";"Lunch";"13:00:00";"Tuna, light, in water, drained ";"8.0000";"oz";"263";"58";"2";"0";"0";"68";"0";"25";"767";"1"
"40/30/30";"Contains approximately 40 percent carbohydrate, 30 percent protein and 30 percent fat.";"4250";"Lunch";"13:00:00";"Mayonnaise: Regular (Kraft)";"1.0000";"tablespoon (0.5 oz)";"100";"0";"11";"0";"0";"5";"0";"0";"75";"2"
"40/30/30";"Contains approximately 40 percent carbohydrate, 30 percent protein and 30 percent fat.";"4250";"Lunch";"13:00:00";"Whole Wheat Pita (Trader Joe's)";"2.0000";"pita (2.1 oz)";"320";"14";"4";"60";"0";"0";"10";"40";"480";"1"
"40/30/30";"Contains approximately 40 percent carbohydrate, 30 percent protein and 30 percent fat.";"4250";"Lunch";"13:00:00";"Swiss Cheese";"2.0000";"slice (1.0 oz)";"213";"15";"16";"3";"1";"52";"0";"443";"108";"10"
"40/30/30";"Contains approximately 40 percent carbohydrate, 30 percent protein and 30 percent fat.";"4250";"Afternoon Snack";"17:00:00";"Banana";"1.0000";"medium, 7" to 7-7/8" long (4.2 oz)";"105";"1";"0";"27";"14";"0";"3";"6";"1";"0"
"40/30/30";"Contains approximately 40 percent carbohydrate, 30 percent protein and 30 percent fat.";"4250";"Afternoon Snack";"17:00:00";"Pineapple, fresh";".5000";"cup, diced (5.5 oz)";"37";"0";"0";"10";"7";"0";"1";"10";"1";"0"
"40/30/30";"Contains approximately 40 percent carbohydrate, 30 percent protein and 30 percent fat.";"4250";"Afternoon Snack";"17:00:00";"Strawberries, fresh";".5000";"cup, sliced (5.9 oz)";"27";"1";"0";"6";"4";"0";"2";"13";"1";"0"
"40/30/30";"Contains approximately 40 percent carbohydrate, 30 percent protein and 30 percent fat.";"4250";"Afternoon Snack";"17:00:00";"Reduced-Fat (2% fat)";"2.0000";"cup (8 fl.oz)";"244";"16";"10";"25";"25";"39";"0";"571";"200";"6"
"40/30/30";"Contains approximately 40 percent carbohydrate, 30 percent protein and 30 percent fat.";"4250";"Afternoon Snack";"17:00:00";"dotFIT WheySmooth – Vanilla Crème";"2.0000";"1 scoop (37.5g)";"300";"50";"4";"14";"4";"150";"0";"0";"210";"2"
"40/30/30";"Contains approximately 40 percent carbohydrate, 30 percent protein and 30 percent fat.";"4250";"Dinner";"19:00:00";"Thigh, without skin, roasted";"6.0000";"oz (1 oz)";"356";"44";"19";"0";"0";"162";"0";"20";"150";"5"
"40/30/30";"Contains approximately 40 percent carbohydrate, 30 percent protein and 30 percent fat.";"4250";"Dinner";"19:00:00";"Olive oil";"2.0000";"teaspoon (0.2 oz)";"80";"0";"9";"0";"0";"0";"0";"0";"0";"1"
"40/30/30";"Contains approximately 40 percent carbohydrate, 30 percent protein and 30 percent fat.";"4250";"Dinner";"19:00:00";"Broccoli, cooked";"2.0000";"serving, 1/2 cup, chopped (2.8 oz)";"55";"4";"1";"11";"2";"0";"5";"62";"64";"0"
"40/30/30";"Contains approximately 40 percent carbohydrate, 30 percent protein and 30 percent fat.";"4250";"Dinner";"19:00:00";"Spaghetti, cooked";"2.0000";"cup, spaghetti (5.0 oz)";"449";"16";"3";"88";"2";"0";"5";"20";"3";"0"
"40/30/30";"Contains approximately 40 percent carbohydrate, 30 percent protein and 30 percent fat.";"4250";"Dinner";"19:00:00";"Marinara/Spaghetti Sauce, Ready-to-Serve";"2.0000";"serving, 1/2 cup (4.4 oz)";"185";"5";"6";"28";"22";"0";"1";"68";"1203";"1"
"40/30/30";"Contains approximately 40 percent carbohydrate, 30 percent protein and 30 percent fat.";"4250";"Evening Snack";"21:00:00";"Blueberries, raw";"1.0000";"cup (5.2 oz)";"84";"1";"0";"21";"15";"0";"4";"9";"1";"0"
"40/30/30";"Contains approximately 40 percent carbohydrate, 30 percent protein and 30 percent fat.";"4250";"Evening Snack";"21:00:00";"dotBAR Chocolate Peanut Butter Crunch";"1.0000";"1 Bar";"190";"12";"6";"23";"15";"0";"1";"0";"220";"3"
"40/30/30";"Contains approximately 40 percent carbohydrate, 30 percent protein and 30 percent fat.";"4250";"Evening Snack";"21:00:00";"Cottage Cheese: Low-Fat (2%)";"2.0000";"serving (4.0 oz)";"203";"31";"4";"8";"1";"18";"0";"156";"918";"3"
"40/30/30";"Contains approximately 40 percent carbohydrate, 30 percent protein and 30 percent fat.";"4500";"Early Morning Snack";"00:00:00";"dotFIT First String - Vanilla";"1.5000";"2 Scoops (73.5 grams)";"435";"32";"5";"67";"3";"90";"2";"263";"255";"1"
"40/30/30";"Contains approximately 40 percent carbohydrate, 30 percent protein and 30 percent fat.";"4500";"Early Morning Snack";"00:00:00";"Strawberries, fresh";"1.0000";"cup, halves (5.4 oz)";"49";"1";"0";"12";"7";"0";"3";"24";"2";"0"
"40/30/30";"Contains approximately 40 percent carbohydrate, 30 percent protein and 30 percent fat.";"4500";"Early Morning Snack";"00:00:00";"Blueberries, fresh";"1.0000";"cup (5.1 oz)";"83";"1";"0";"21";"14";"0";"3";"9";"1";"0"
"40/30/30";"Contains approximately 40 percent carbohydrate, 30 percent protein and 30 percent fat.";"4500";"Early Morning Snack";"00:00:00";"Raspberries, raw";"1.0000";"serving,10 raspberries (0.7 oz)";"10";"0";"0";"2";"1";"0";"1";"5";"0";"0"
"40/30/30";"Contains approximately 40 percent carbohydrate, 30 percent protein and 30 percent fat.";"4500";"Early Morning Snack";"00:00:00";"Reduced-Fat (2% fat)";"2.0000";"cup (8 fl.oz)";"244";"16";"10";"25";"25";"39";"0";"571";"200";"6"
"40/30/30";"Contains approximately 40 percent carbohydrate, 30 percent protein and 30 percent fat.";"4500";"Breakfast";"07:00:00";"Deli Style, Cheddar Mild";"2.0000";"slice (0.7 oz)";"160";"10";"12";"0";"0";"40";"0";"300";"240";"8"
"40/30/30";"Contains approximately 40 percent carbohydrate, 30 percent protein and 30 percent fat.";"4500";"Breakfast";"07:00:00";"Oranges, average all varieties, raw";"1.0000";"large [8.9 oz as purchased, 3.1" dia] (6.5 oz)";"86";"2";"0";"22";"17";"0";"4";"74";"0";"0"
"40/30/30";"Contains approximately 40 percent carbohydrate, 30 percent protein and 30 percent fat.";"4500";"Breakfast";"07:00:00";"Scrambled Eggs: 2 large eggs w. 1 tbsp non-fat milk, no added fat";"2.0000";"meal";"308";"27";"20";"3";"3";"848";"0";"0";"296";"6"
"40/30/30";"Contains approximately 40 percent carbohydrate, 30 percent protein and 30 percent fat.";"4500";"Breakfast";"07:00:00";"Bagels: Whole/Multi-Grain (Pepperidge Farm)";"2.0000";"bagel";"500";"22";"9";"94";"20";"0";"14";"300";"840";"2"
"40/30/30";"Contains approximately 40 percent carbohydrate, 30 percent protein and 30 percent fat.";"4500";"Lunch";"13:00:00";"Mayonnaise: Light (Best Foods)";"1.0000";"tablespoon (0.5 oz)";"45";"0";"5";"1";"0";"5";"0";"0";"120";"1"
"40/30/30";"Contains approximately 40 percent carbohydrate, 30 percent protein and 30 percent fat.";"4500";"Lunch";"13:00:00";"Hoagie / Submarine roll, plain";"1.0000";"roll (2.3 oz)";"180";"6";"2";"34";"3";"0";"2";"60";"396";"1"
"40/30/30";"Contains approximately 40 percent carbohydrate, 30 percent protein and 30 percent fat.";"4500";"Lunch";"13:00:00";"Tomato, fresh";"4.0000";"slice, thin/small (0.5 oz)";"11";"1";"0";"2";"2";"0";"1";"6";"3";"0"
"40/30/30";"Contains approximately 40 percent carbohydrate, 30 percent protein and 30 percent fat.";"4500";"Lunch";"13:00:00";"Turkey breast meat, deli sliced";"8.0000";"slice, 3-1/2" square (0.7 oz)";"175";"29";"3";"7";"6";"72";"1";"13";"1705";"1"
"40/30/30";"Contains approximately 40 percent carbohydrate, 30 percent protein and 30 percent fat.";"4500";"Lunch";"13:00:00";"Cheese: Provolone";"2.0000";"slice (1.0 oz)";"197";"14";"15";"1";"0";"39";"0";"423";"491";"10"
"40/30/30";"Contains approximately 40 percent carbohydrate, 30 percent protein and 30 percent fat.";"4500";"Lunch";"13:00:00";"Iceberg Lettuce";"3.0000";"leaf, large (0.5 oz)";"6";"0";"0";"1";"1";"0";"1";"8";"5";"0"
"40/30/30";"Contains approximately 40 percent carbohydrate, 30 percent protein and 30 percent fat.";"4500";"Lunch";"13:00:00";"Mustard, Yellow, prepared";"2.0000";"teaspoon (0.2 oz)";"7";"0";"0";"1";"0";"0";"0";"6";"114";"0"
"40/30/30";"Contains approximately 40 percent carbohydrate, 30 percent protein and 30 percent fat.";"4500";"Dinner";"19:00:00";"Top Sirloin Steak, Lean Only, broiled";"12.0000";"oz";"623";"104";"20";"0";"0";"197";"0";"68";"218";"8"
"40/30/30";"Contains approximately 40 percent carbohydrate, 30 percent protein and 30 percent fat.";"4500";"Dinner";"19:00:00";"Baked Potato";"1.0000";"potato, large, 3" to 4-1/4" dia (10.5 oz)";"278";"7";"0";"63";"4";"0";"7";"45";"730";"0"
"40/30/30";"Contains approximately 40 percent carbohydrate, 30 percent protein and 30 percent fat.";"4500";"Dinner";"19:00:00";"Light Sour Cream";"2.0000";"tablespoon (0.5 oz)";"38";"1";"3";"2";"0";"10";"0";"39";"20";"2"
"40/30/30";"Contains approximately 40 percent carbohydrate, 30 percent protein and 30 percent fat.";"4500";"Dinner";"19:00:00";"Broccoli, cooked";"3.0000";"serving, 1/2 cup, chopped (2.8 oz)";"82";"6";"1";"17";"3";"0";"8";"94";"96";"0"
"40/30/30";"Contains approximately 40 percent carbohydrate, 30 percent protein and 30 percent fat.";"4500";"Dinner";"19:00:00";"Smart Balance Spread: Light (37%)";"1.0000";"tablespoon (0.5 oz)";"45";"0";"5";"0";"0";"0";"0";"0";"90";"2"
"40/30/30";"Contains approximately 40 percent carbohydrate, 30 percent protein and 30 percent fat.";"4500";"Evening Snack";"21:00:00";"Peanut Butter, smooth";"4.0000";"tablespoon (0.6 oz)";"376";"16";"32";"13";"6";"0";"4";"28";"294";"7"
"40/30/30";"Contains approximately 40 percent carbohydrate, 30 percent protein and 30 percent fat.";"4500";"Evening Snack";"21:00:00";"Jam: Strawberry preserves (Smucker's)";"2.0000";"tablespoon (0.7 oz)";"100";"0";"0";"26";"24";"0";"0";"0";"0";"0"
"40/30/30";"Contains approximately 40 percent carbohydrate, 30 percent protein and 30 percent fat.";"4500";"Evening Snack";"21:00:00";"Reduced-Fat (2% fat)";"2.0000";"cup (8 fl.oz)";"244";"16";"10";"25";"25";"39";"0";"571";"200";"6"
"40/30/30";"Contains approximately 40 percent carbohydrate, 30 percent protein and 30 percent fat.";"4500";"Evening Snack";"21:00:00";"Sliced Bread, Whole Grains 100% Whole Wheat";"2.0000";"slice (1.5 oz)";"220";"10";"2";"40";"8";"0";"6";"40";"340";"0"
"40/30/30";"Contains approximately 40 percent carbohydrate, 30 percent protein and 30 percent fat.";"4750";"Early Morning Snack";"00:00:00";"Strawberries, raw";"1.0000";"cup, whole (5.1 oz)";"46";"1";"0";"11";"7";"0";"3";"23";"1";"0"
"40/30/30";"Contains approximately 40 percent carbohydrate, 30 percent protein and 30 percent fat.";"4750";"Early Morning Snack";"00:00:00";"Snack, Mixed Nuts";"1.0000";"serving (1.1 oz)";"180";"6";"16";"7";"2";"0";"2";"";"110";"2"
"40/30/30";"Contains approximately 40 percent carbohydrate, 30 percent protein and 30 percent fat.";"4750";"Early Morning Snack";"00:00:00";"Milk: Reduced-Fat (2% fat)";"2.0000";"cup (8.6 oz)";"244";"16";"10";"23";"25";"39";"0";"571";"200";"6"
"40/30/30";"Contains approximately 40 percent carbohydrate, 30 percent protein and 30 percent fat.";"4750";"Early Morning Snack";"00:00:00";"dotFIT First String - Chocolate";"1.5000";"2 Scoops (75.1 grams)";"443";"32";"5";"69";"3";"90";"4";"225";"338";"2"
"40/30/30";"Contains approximately 40 percent carbohydrate, 30 percent protein and 30 percent fat.";"4750";"Breakfast";"07:00:00";"Egg white, cooked";"3.0000";"large (1.2 oz)";"51";"11";"0";"1";"1";"0";"0";"7";"164";"0"
"40/30/30";"Contains approximately 40 percent carbohydrate, 30 percent protein and 30 percent fat.";"4750";"Breakfast";"07:00:00";"Poached Egg, cooked";"3.0000";"large (1.8 oz) (1.8 oz)";"221";"19";"15";"1";"1";"633";"0";"8";"441";"5"
"40/30/30";"Contains approximately 40 percent carbohydrate, 30 percent protein and 30 percent fat.";"4750";"Breakfast";"07:00:00";"Mild Cheddar, Shredded";"2.0000";"serving, 1/4 cup (1 oz)";"220";"14";"18";"1";"0";"60";"0";"400";"300";"10"
"40/30/30";"Contains approximately 40 percent carbohydrate, 30 percent protein and 30 percent fat.";"4750";"Breakfast";"07:00:00";"Spinach, raw";"1.0000";"cup (1.1 oz)";"7";"1";"0";"1";"0";"0";"1";"30";"24";"0"
"40/30/30";"Contains approximately 40 percent carbohydrate, 30 percent protein and 30 percent fat.";"4750";"Breakfast";"07:00:00";"Cantaloupe Melons, raw";"1.0000";"cup, diced (5.5 oz)";"53";"1";"0";"14";"12";"0";"1";"14";"25";"0"
"40/30/30";"Contains approximately 40 percent carbohydrate, 30 percent protein and 30 percent fat.";"4750";"Breakfast";"07:00:00";"Honeydew Melons, raw";"1.0000";"cup, diced, approx 20 pieces per cup (6 oz)";"61";"1";"0";"15";"14";"0";"1";"10";"31";"0"
"40/30/30";"Contains approximately 40 percent carbohydrate, 30 percent protein and 30 percent fat.";"4750";"Lunch";"13:00:00";"Oranges, average all varieties, raw";"1.0000";"medium [6.3 oz as purchased, 2.6" dia] (4.6 oz)";"62";"1";"0";"15";"12";"0";"3";"52";"0";"0"
"40/30/30";"Contains approximately 40 percent carbohydrate, 30 percent protein and 30 percent fat.";"4750";"Lunch";"13:00:00";"Sliced Bread, Whole Grains 100% Whole Wheat";"2.0000";"slice (1.5 oz)";"220";"10";"2";"40";"8";"0";"6";"40";"340";"0"
"40/30/30";"Contains approximately 40 percent carbohydrate, 30 percent protein and 30 percent fat.";"4750";"Lunch";"13:00:00";"Swiss, Sliced";"2.0000";"slice (0.7 oz)";"180";"10";"12";"0";"0";"30";"0";"400";"70";"8"
"40/30/30";"Contains approximately 40 percent carbohydrate, 30 percent protein and 30 percent fat.";"4750";"Lunch";"13:00:00";"Turkey breast meat, deli sliced";"6.0000";"oz";"177";"29";"3";"7";"6";"73";"1";"14";"1727";"1"
"40/30/30";"Contains approximately 40 percent carbohydrate, 30 percent protein and 30 percent fat.";"4750";"Lunch";"13:00:00";"Mayonnaise (Best Foods)";"1.0000";"tablespoon (0.5 oz)";"90";"0";"10";"0";"0";"5";"0";"0";"90";"2"
"40/30/30";"Contains approximately 40 percent carbohydrate, 30 percent protein and 30 percent fat.";"4750";"Lunch";"13:00:00";"Tomato, fresh";"2.0000";"slice, thick/large, 1/2" thick (1.0 oz)";"10";"0";"0";"2";"1";"0";"1";"5";"3";"0"
"40/30/30";"Contains approximately 40 percent carbohydrate, 30 percent protein and 30 percent fat.";"4750";"Lunch";"13:00:00";"Romaine Lettuce";"2.0000";"leaf, inner (0.2 oz)";"2";"0";"0";"0";"0";"0";"0";"4";"1";"0"
"40/30/30";"Contains approximately 40 percent carbohydrate, 30 percent protein and 30 percent fat.";"4750";"Afternoon Snack";"17:00:00";"dotFIT High Protein Double Chocolate Brownie dotBAR";"1.0000";"1 bar";"370";"30";"13";"38";"5";"20";"5";"0";"350";"8"
"40/30/30";"Contains approximately 40 percent carbohydrate, 30 percent protein and 30 percent fat.";"4750";"Afternoon Snack";"17:00:00";"Apples, raw, with Skin";"1.0000";"medium, 2-3/4" dia, approx 3 per lb (4.9 oz)";"72";"0";"0";"19";"14";"0";"3";"8";"1";"0"
"40/30/30";"Contains approximately 40 percent carbohydrate, 30 percent protein and 30 percent fat.";"4750";"Dinner";"19:00:00";"Whipped, Butter Cream";"1.0000";"serving, 2 tablespoons (0.8 oz)";"100";"0";"5";"15";"14";"0";"0";"0";"25";"2"
"40/30/30";"Contains approximately 40 percent carbohydrate, 30 percent protein and 30 percent fat.";"4750";"Dinner";"19:00:00";"Sweet Potato, baked in skin";"5.0000";"medium, 2" dia, 5" long (4.0 oz)";"513";"11";"1";"118";"48";"0";"19";"217";"205";"0"
"40/30/30";"Contains approximately 40 percent carbohydrate, 30 percent protein and 30 percent fat.";"4750";"Dinner";"19:00:00";"Top Sirloin Steak, Lean Only, broiled";"12.0000";"oz";"623";"104";"20";"0";"0";"197";"0";"68";"218";"8"
"40/30/30";"Contains approximately 40 percent carbohydrate, 30 percent protein and 30 percent fat.";"4750";"Dinner";"19:00:00";"Cinnamon, ground";"1.0000";"teaspoon (0.1 oz)";"6";"0";"0";"2";"0";"0";"1";"28";"1";"0"
"40/30/30";"Contains approximately 40 percent carbohydrate, 30 percent protein and 30 percent fat.";"4750";"Dinner";"19:00:00";"Broccoli, cooked";"3.0000";"serving, 1/2 cup, chopped (2.8 oz)";"82";"6";"1";"17";"3";"0";"8";"94";"96";"0"
"40/30/30";"Contains approximately 40 percent carbohydrate, 30 percent protein and 30 percent fat.";"4750";"Evening Snack";"21:00:00";"Milk: Reduced-Fat (2% fat)";"1.0000";"cup (8.6 oz)";"122";"8";"5";"11";"12";"20";"0";"285";"100";"3"
"40/30/30";"Contains approximately 40 percent carbohydrate, 30 percent protein and 30 percent fat.";"4750";"Evening Snack";"21:00:00";"Peanut Butter, smooth";"3.0000";"tablespoon (0.6 oz)";"282";"12";"24";"9";"4";"0";"3";"21";"220";"5"
"40/30/30";"Contains approximately 40 percent carbohydrate, 30 percent protein and 30 percent fat.";"4750";"Evening Snack";"21:00:00";"Jam: Strawberry preserves (Smucker's)";"2.0000";"tablespoon (0.7 oz)";"100";"0";"0";"26";"24";"0";"0";"0";"0";"0"
"40/30/30";"Contains approximately 40 percent carbohydrate, 30 percent protein and 30 percent fat.";"4750";"Evening Snack";"21:00:00";"Sliced Bread, Whole Grains 100% Whole Wheat";"2.0000";"slice (1.5 oz)";"220";"10";"2";"40";"8";"0";"6";"40";"340";"0"
"40/30/30";"Contains approximately 40 percent carbohydrate, 30 percent protein and 30 percent fat.";"5000";"Early Morning Snack";"00:00:00";"Reduced-Fat (2% fat)";"2.0000";"cup (8 fl.oz)";"244";"16";"10";"25";"25";"39";"0";"571";"200";"6"
"40/30/30";"Contains approximately 40 percent carbohydrate, 30 percent protein and 30 percent fat.";"5000";"Early Morning Snack";"00:00:00";"Strawberries, raw";"1.0000";"cup, whole (5.1 oz)";"46";"1";"0";"11";"7";"0";"3";"23";"1";"0"
"40/30/30";"Contains approximately 40 percent carbohydrate, 30 percent protein and 30 percent fat.";"5000";"Early Morning Snack";"00:00:00";"Snack, Mixed Nuts";"1.0000";"serving (1.1 oz)";"180";"6";"16";"7";"2";"0";"2";"";"110";"2"
"40/30/30";"Contains approximately 40 percent carbohydrate, 30 percent protein and 30 percent fat.";"5000";"Early Morning Snack";"00:00:00";"dotFIT First String - Chocolate";"1.5000";"2 Scoops (75.1 grams)";"443";"32";"5";"69";"3";"90";"4";"225";"338";"2"
"40/30/30";"Contains approximately 40 percent carbohydrate, 30 percent protein and 30 percent fat.";"5000";"Breakfast";"07:00:00";"Omelet w. 1 large egg, 1/2 oz cheese, 1 tsp fat, cooked";"3.0000";"meal";"513";"29";"43";"2";"0";"681";"0";"0";"474";"12"
"40/30/30";"Contains approximately 40 percent carbohydrate, 30 percent protein and 30 percent fat.";"5000";"Breakfast";"07:00:00";"Bagel, Whole Grain";"1.0000";"bagel (3.7 oz)";"260";"10";"2";"52";"6";"0";"4";"20";"450";"0"
"40/30/30";"Contains approximately 40 percent carbohydrate, 30 percent protein and 30 percent fat.";"5000";"Breakfast";"07:00:00";"Honeydew Melons, raw";"1.0000";"cup, diced, approx 20 pieces per cup (6 oz)";"61";"1";"0";"15";"14";"0";"1";"10";"31";"0"
"40/30/30";"Contains approximately 40 percent carbohydrate, 30 percent protein and 30 percent fat.";"5000";"Breakfast";"07:00:00";"Whipped, Cream Cheese";"1.0000";"serving, 2 tablespoons (0.8 oz)";"100";"0";"5";"15";"13";"0";"0";"0";"45";"2"
"40/30/30";"Contains approximately 40 percent carbohydrate, 30 percent protein and 30 percent fat.";"5000";"Morning Snack";"10:00:00";"dotFIT High Protein Double Chocolate Brownie dotBAR";"1.0000";"1 bar";"370";"30";"13";"38";"5";"20";"5";"0";"350";"8"
"40/30/30";"Contains approximately 40 percent carbohydrate, 30 percent protein and 30 percent fat.";"5000";"Morning Snack";"10:00:00";"Apples, raw, with Skin";"1.0000";"medium, 2-3/4" dia, approx 3 per lb (4.9 oz)";"72";"0";"0";"19";"14";"0";"3";"8";"1";"0"
"40/30/30";"Contains approximately 40 percent carbohydrate, 30 percent protein and 30 percent fat.";"5000";"Lunch";"13:00:00";"Romaine Lettuce";"2.0000";"leaf, inner (0.2 oz)";"2";"0";"0";"0";"0";"0";"0";"4";"1";"0"
"40/30/30";"Contains approximately 40 percent carbohydrate, 30 percent protein and 30 percent fat.";"5000";"Lunch";"13:00:00";"Turkey breast meat, deli sliced";"6.0000";"oz";"177";"29";"3";"7";"6";"73";"1";"14";"1727";"1"
"40/30/30";"Contains approximately 40 percent carbohydrate, 30 percent protein and 30 percent fat.";"5000";"Lunch";"13:00:00";"Hoagie / Submarine roll, plain";"2.0000";"roll (2.3 oz)";"360";"11";"4";"67";"6";"0";"4";"120";"792";"2"
"40/30/30";"Contains approximately 40 percent carbohydrate, 30 percent protein and 30 percent fat.";"5000";"Lunch";"13:00:00";"Roast Beef, Lean";"6.0000";"oz";"276";"50";"7";"0";"0";"94";"0";"10";"65";"2"
"40/30/30";"Contains approximately 40 percent carbohydrate, 30 percent protein and 30 percent fat.";"5000";"Lunch";"13:00:00";"Swiss Cheese";"2.0000";"slice (1.0 oz)";"213";"15";"16";"3";"1";"52";"0";"443";"108";"10"
"40/30/30";"Contains approximately 40 percent carbohydrate, 30 percent protein and 30 percent fat.";"5000";"Lunch";"13:00:00";"Tomato, fresh";"4.0000";"slice, thin/small (0.5 oz)";"11";"1";"0";"2";"2";"0";"1";"6";"3";"0"
"40/30/30";"Contains approximately 40 percent carbohydrate, 30 percent protein and 30 percent fat.";"5000";"Dinner";"19:00:00";"Asparagus, boiled, drained";"3.0000";"serving, 4 spears, 1/2" base (2.1 oz)";"40";"4";"0";"7";"2";"0";"4";"41";"25";"0"
"40/30/30";"Contains approximately 40 percent carbohydrate, 30 percent protein and 30 percent fat.";"5000";"Dinner";"19:00:00";"Brown rice, long-grain, cooked";"2.0000";"cup (6.9 oz)";"433";"10";"4";"90";"1";"0";"7";"39";"20";"1"
"40/30/30";"Contains approximately 40 percent carbohydrate, 30 percent protein and 30 percent fat.";"5000";"Dinner";"19:00:00";"Olive oil";"1.0000";"teaspoon (0.2 oz)";"40";"0";"5";"0";"0";"0";"0";"0";"0";"1"
"40/30/30";"Contains approximately 40 percent carbohydrate, 30 percent protein and 30 percent fat.";"5000";"Dinner";"19:00:00";"Salmon, Atlantic, cooked";"8.0000";"oz";"467";"50";"28";"0";"0";"143";"0";"34";"138";"6"
"40/30/30";"Contains approximately 40 percent carbohydrate, 30 percent protein and 30 percent fat.";"5000";"Evening Snack";"21:00:00";"Peanut Butter, smooth";"2.0000";"tablespoon (0.6 oz)";"188";"8";"16";"6";"3";"0";"2";"14";"147";"3"
"40/30/30";"Contains approximately 40 percent carbohydrate, 30 percent protein and 30 percent fat.";"5000";"Evening Snack";"21:00:00";"Jam: Strawberry preserves (Smucker's)";"1.0000";"tablespoon (0.7 oz)";"50";"0";"0";"13";"12";"0";"0";"0";"0";"0"
"40/30/30";"Contains approximately 40 percent carbohydrate, 30 percent protein and 30 percent fat.";"5000";"Evening Snack";"21:00:00";"Reduced-Fat (2% fat)";"2.0000";"cup (8 fl.oz)";"244";"16";"10";"25";"25";"39";"0";"571";"200";"6"
"40/30/30";"Contains approximately 40 percent carbohydrate, 30 percent protein and 30 percent fat.";"5000";"Evening Snack";"21:00:00";"Sliced Bread, Whole Grains 100% Whole Wheat";"2.0000";"slice (1.5 oz)";"220";"10";"2";"40";"8";"0";"6";"40";"340";"0"
"Athletic Performance";"Designed for individuals who exercise regularly or participate in sport or other athletic activity.";"1000";"Breakfast";"07:00:00";"Honey Nut Cheerios";"1.0000";"serving, 3/4 cup (1.0 oz)";"110";"3";"2";"22";"9";"0";"2";"100";"190";"0"
"Athletic Performance";"Designed for individuals who exercise regularly or participate in sport or other athletic activity.";"1000";"Breakfast";"07:00:00";"dotFIT ActiveMV - Multivitamin & Mineral Formula";"1.0000";"1 tablet";"0";"0";"0";"0";"0";"0";"0";"0";"0";"0"
"Athletic Performance";"Designed for individuals who exercise regularly or participate in sport or other athletic activity.";"1000";"Breakfast";"07:00:00";"Nonfat";"1.0000";"cup (8 fl.oz)";"91";"9";"1";"12";"12";"5";"0";"316";"130";"0"
"Athletic Performance";"Designed for individuals who exercise regularly or participate in sport or other athletic activity.";"1000";"Morning Snack";"10:00:00";"Luncheon Meat, Turkey Breast, Oven Roasted Deli Thin";"3.0000";"oz";"79";"16";"1";"3";"2";"31";"0";"0";"819";"0"
"Athletic Performance";"Designed for individuals who exercise regularly or participate in sport or other athletic activity.";"1000";"Morning Snack";"10:00:00";"Orange";"1.0000";"small, 2-3/8" dia (3.4 oz)";"45";"1";"0";"11";"9";"0";"2";"38";"0";"0"
"Athletic Performance";"Designed for individuals who exercise regularly or participate in sport or other athletic activity.";"1000";"Morning Snack";"10:00:00";"Mustard";"1.0000";"teaspoon (0.2 oz)";"3";"0";"0";"0";"0";"0";"0";"4";"56";"0"
"Athletic Performance";"Designed for individuals who exercise regularly or participate in sport or other athletic activity.";"1000";"Morning Snack";"10:00:00";"Romaine Lettuce";"2.0000";"leaf, inner (0.2 oz)";"2";"0";"0";"0";"0";"0";"0";"4";"1";"0"
"Athletic Performance";"Designed for individuals who exercise regularly or participate in sport or other athletic activity.";"1000";"Morning Snack";"10:00:00";"White Bread";"2.0000";"slice (0.9 oz)";"133";"4";"2";"25";"2";"0";"1";"76";"341";"0"
"Athletic Performance";"Designed for individuals who exercise regularly or participate in sport or other athletic activity.";"1000";"Lunch";"13:00:00";"Water";"1.0000";"8 ounces";"0";"0";"0";"0";"0";"0";"0";"0";"0";"0"
"Athletic Performance";"Designed for individuals who exercise regularly or participate in sport or other athletic activity.";"1000";"Lunch";"13:00:00";"dotFIT Pre & Post Workout Formula - Chocolate";".5000";"2 scoops (64g)";"125";"10";"2";"18";"2";"28";"1";"75";"85";"1"
"Athletic Performance";"Designed for individuals who exercise regularly or participate in sport or other athletic activity.";"1000";"Afternoon Snack";"17:00:00";"dotFIT Pre & Post Workout Formula - Chocolate";".5000";"2 scoops (64g)";"125";"10";"2";"18";"2";"28";"1";"75";"85";"1"
"Athletic Performance";"Designed for individuals who exercise regularly or participate in sport or other athletic activity.";"1000";"Afternoon Snack";"17:00:00";"Water";"1.0000";"8 ounces";"0";"0";"0";"0";"0";"0";"0";"0";"0";"0"
"Athletic Performance";"Designed for individuals who exercise regularly or participate in sport or other athletic activity.";"1000";"Dinner";"19:00:00";"Wild Rice, cooked";"1.0000";"cup (5.8 oz)";"166";"7";"1";"35";"1";"0";"3";"5";"5";"0"
"Athletic Performance";"Designed for individuals who exercise regularly or participate in sport or other athletic activity.";"1000";"Dinner";"19:00:00";"Roasted Chicken Thigh, meat only, without skin";"1.0000";"thigh, cooked (1.8 oz)";"109";"13";"6";"0";"0";"49";"0";"6";"46";"2"
"Athletic Performance";"Designed for individuals who exercise regularly or participate in sport or other athletic activity.";"1000";"Dinner";"19:00:00";"Green Beans";"1.0000";"serving, 3/4 cup frozen (2.8 oz)";"25";"1";"0";"5";"2";"0";"2";"40";"0";"0"
"Athletic Performance";"Designed for individuals who exercise regularly or participate in sport or other athletic activity.";"1000";"Dinner";"19:00:00";"Cantaloupe Melon";"1.0000";"wedge, small, 1/8 of small melon (1.9 oz)";"19";"0";"0";"4";"4";"0";"0";"5";"9";"0"
"Athletic Performance";"Designed for individuals who exercise regularly or participate in sport or other athletic activity.";"1250";"Breakfast";"07:00:00";"Banana";"1.0000";"extra small, less than 6" long (2.9 oz)";"72";"1";"0";"19";"10";"0";"2";"4";"1";"0"
"Athletic Performance";"Designed for individuals who exercise regularly or participate in sport or other athletic activity.";"1250";"Breakfast";"07:00:00";"Skim Milk";"1.0000";"cup (8.6 oz)";"91";"9";"1";"12";"12";"5";"0";"316";"130";"0"
"Athletic Performance";"Designed for individuals who exercise regularly or participate in sport or other athletic activity.";"1250";"Breakfast";"07:00:00";"Wheaties Breakfast Cereals, General Mills";"1.0000";"serving, 3/4 cup (1.0 oz)";"100";"3";"1";"22";"4";"0";"3";"20";"190";"0"
"Athletic Performance";"Designed for individuals who exercise regularly or participate in sport or other athletic activity.";"1250";"Breakfast";"07:00:00";"dotFIT ActiveMV - Multivitamin & Mineral Formula";"1.0000";"1 tablet";"0";"0";"0";"0";"0";"0";"0";"0";"0";"0"
"Athletic Performance";"Designed for individuals who exercise regularly or participate in sport or other athletic activity.";"1250";"Morning Snack";"10:00:00";"Romaine Lettuce";"2.0000";"leaf, inner (0.2 oz)";"2";"0";"0";"0";"0";"0";"0";"4";"1";"0"
"Athletic Performance";"Designed for individuals who exercise regularly or participate in sport or other athletic activity.";"1250";"Morning Snack";"10:00:00";"Mustard, Dijon (Grey Poupon)";"1.0000";"serving (0.2 oz)";"5";"0";"0";"1";"0";"0";"0";"0";"120";"0"
"Athletic Performance";"Designed for individuals who exercise regularly or participate in sport or other athletic activity.";"1250";"Morning Snack";"10:00:00";"Orange";"1.0000";"fruit, 2-5/8" dia (4.6 oz)";"62";"1";"0";"15";"12";"0";"3";"52";"0";"0"
"Athletic Performance";"Designed for individuals who exercise regularly or participate in sport or other athletic activity.";"1250";"Morning Snack";"10:00:00";"Chicken Breast, meat only, grilled/roasted/baked";"3.0000";"oz";"140";"26";"3";"0";"0";"72";"0";"13";"63";"1"
"Athletic Performance";"Designed for individuals who exercise regularly or participate in sport or other athletic activity.";"1250";"Morning Snack";"10:00:00";"Bread Rolls: Kaiser";"1.0000";"roll, 3-1/2" dia (2.0 oz)";"167";"6";"2";"30";"1";"0";"1";"54";"310";"0"
"Athletic Performance";"Designed for individuals who exercise regularly or participate in sport or other athletic activity.";"1250";"Lunch";"13:00:00";"Water";"1.0000";"8 ounces";"0";"0";"0";"0";"0";"0";"0";"0";"0";"0"
"Athletic Performance";"Designed for individuals who exercise regularly or participate in sport or other athletic activity.";"1250";"Lunch";"13:00:00";"dotFIT Pre & Post Workout Formula - Vanilla";".5000";"2 scoops (61g)";"120";"11";"0";"17";"2";"30";"0";"75";"70";"1"
"Athletic Performance";"Designed for individuals who exercise regularly or participate in sport or other athletic activity.";"1250";"Afternoon Snack";"17:00:00";"dotFIT Pre & Post Workout Formula - Vanilla";".5000";"2 scoops (61g)";"120";"11";"0";"17";"2";"30";"0";"75";"70";"1"
"Athletic Performance";"Designed for individuals who exercise regularly or participate in sport or other athletic activity.";"1250";"Afternoon Snack";"17:00:00";"Water";"1.0000";"8 ounces";"0";"0";"0";"0";"0";"0";"0";"0";"0";"0"
"Athletic Performance";"Designed for individuals who exercise regularly or participate in sport or other athletic activity.";"1250";"Dinner";"19:00:00";"Carrots, boiled or steamed";"1.0000";"serving, 1/2 cup slices (2.8 oz)";"27";"1";"0";"6";"3";"0";"2";"23";"45";"0"
"Athletic Performance";"Designed for individuals who exercise regularly or participate in sport or other athletic activity.";"1250";"Dinner";"19:00:00";"Baked Potato";"1.0000";"potato, medium, 2-1/4" to 3-1/4" dia (6.1 oz)";"161";"4";"0";"37";"2";"0";"4";"26";"422";"0"
"Athletic Performance";"Designed for individuals who exercise regularly or participate in sport or other athletic activity.";"1250";"Dinner";"19:00:00";"New York Steak, Lean Only, broiled";"1.0000";"serving (3.0 oz)";"155";"25";"5";"0";"0";"54";"0";"16";"51";"2"
"Athletic Performance";"Designed for individuals who exercise regularly or participate in sport or other athletic activity.";"1250";"Dinner";"19:00:00";"Sour Cream, Light";"1.0000";"serving, 2 tablespoons (1.0 oz)";"35";"1";"3";"2";"0";"10";"0";"40";"25";"2"
"Athletic Performance";"Designed for individuals who exercise regularly or participate in sport or other athletic activity.";"1500";"Breakfast";"07:00:00";"100% Whole Wheat Bread (Orowheat)";"1.0000";"slice (1.3 oz)";"100";"4";"1";"19";"4";"0";"3";"60";"210";"0"
"Athletic Performance";"Designed for individuals who exercise regularly or participate in sport or other athletic activity.";"1500";"Breakfast";"07:00:00";"Orange Juice";"1.0000";"regular glass (8.0 oz)";"102";"2";"0";"24";"19";"0";"0";"25";"2";"0"
"Athletic Performance";"Designed for individuals who exercise regularly or participate in sport or other athletic activity.";"1500";"Breakfast";"07:00:00";"Egg (hard-boiled/scrambled/poached)";"1.0000";"large (1.8 oz)";"78";"6";"5";"1";"1";"212";"0";"25";"62";"2"
"Athletic Performance";"Designed for individuals who exercise regularly or participate in sport or other athletic activity.";"1500";"Breakfast";"07:00:00";"Preserves or Jam";".5000";"tablespoon (0.7 oz)";"28";"0";"0";"7";"5";"0";"0";"2";"3";"0"
"Athletic Performance";"Designed for individuals who exercise regularly or participate in sport or other athletic activity.";"1500";"Breakfast";"07:00:00";"dotFIT ActiveMV - Multivitamin & Mineral Formula";"1.0000";"1 tablet";"0";"0";"0";"0";"0";"0";"0";"0";"0";"0"
"Athletic Performance";"Designed for individuals who exercise regularly or participate in sport or other athletic activity.";"1500";"Morning Snack";"10:00:00";"Oven Roasted Turkey Breast, Deli Slices";"3.0000";"slice (1.0 oz)";"90";"18";"0";"0";"0";"30";"0";"0";"660";"0"
"Athletic Performance";"Designed for individuals who exercise regularly or participate in sport or other athletic activity.";"1500";"Morning Snack";"10:00:00";"Banana";"1.0000";"small, 6" to 6-7/8" long (3.6 oz)";"90";"1";"0";"23";"12";"0";"3";"5";"1";"0"
"Athletic Performance";"Designed for individuals who exercise regularly or participate in sport or other athletic activity.";"1500";"Morning Snack";"10:00:00";"White Bread";"2.0000";"slice (0.9 oz)";"133";"4";"2";"25";"2";"0";"1";"76";"341";"0"
"Athletic Performance";"Designed for individuals who exercise regularly or participate in sport or other athletic activity.";"1500";"Morning Snack";"10:00:00";"Swiss Cheese, Low-Fat";"1.0000";"slice (1.0 oz)";"50";"8";"1";"1";"0";"10";"0";"269";"73";"1"
"Athletic Performance";"Designed for individuals who exercise regularly or participate in sport or other athletic activity.";"1500";"Morning Snack";"10:00:00";"Mustard";"1.0000";"teaspoon (0.2 oz)";"3";"0";"0";"0";"0";"0";"0";"4";"56";"0"
"Athletic Performance";"Designed for individuals who exercise regularly or participate in sport or other athletic activity.";"1500";"Morning Snack";"10:00:00";"Romaine Lettuce";"2.0000";"leaf, inner (0.2 oz)";"2";"0";"0";"0";"0";"0";"0";"4";"1";"0"
"Athletic Performance";"Designed for individuals who exercise regularly or participate in sport or other athletic activity.";"1500";"Lunch";"13:00:00";"Water";"1.0000";"8 ounces";"0";"0";"0";"0";"0";"0";"0";"0";"0";"0"
"Athletic Performance";"Designed for individuals who exercise regularly or participate in sport or other athletic activity.";"1500";"Lunch";"13:00:00";"dotFIT Pre & Post Workout Formula - Chocolate";".5000";"2 scoops (64g)";"125";"10";"2";"18";"2";"28";"1";"75";"85";"1"
"Athletic Performance";"Designed for individuals who exercise regularly or participate in sport or other athletic activity.";"1500";"Afternoon Snack";"17:00:00";"dotFIT Pre & Post Workout Formula - Chocolate";".5000";"2 scoops (64g)";"125";"10";"2";"18";"2";"28";"1";"75";"85";"1"
"Athletic Performance";"Designed for individuals who exercise regularly or participate in sport or other athletic activity.";"1500";"Afternoon Snack";"17:00:00";"Water";"1.0000";"8 ounces";"0";"0";"0";"0";"0";"0";"0";"0";"0";"0"
"Athletic Performance";"Designed for individuals who exercise regularly or participate in sport or other athletic activity.";"1500";"Dinner";"19:00:00";"Marinara/Spaghetti Sauce, Ready-to-Serve";"1.0000";"serving, 1/2 cup (4.4 oz)";"93";"2";"3";"14";"11";"0";"1";"34";"601";"0"
"Athletic Performance";"Designed for individuals who exercise regularly or participate in sport or other athletic activity.";"1500";"Dinner";"19:00:00";"Spaghetti Noodles or Angel Hair Pasta, dry (Barilla)";"1.0000";"serving, 1/8 box (2.0 oz)";"200";"7";"1";"42";"1";"0";"2";"0";"0";"0"
"Athletic Performance";"Designed for individuals who exercise regularly or participate in sport or other athletic activity.";"1500";"Dinner";"19:00:00";"Ground Beef: 90% Lean, cooked";"1.0000";"serving (3.0 oz)";"180";"22";"10";"0";"0";"70";"0";"0";"85";"5"
"Athletic Performance";"Designed for individuals who exercise regularly or participate in sport or other athletic activity.";"1500";"Dinner";"19:00:00";"Garlic Toast (Pepperidge Farm)";"1.0000";"small slice (0.8 oz)";"88";"2";"6";"8";"1";"0";"0";"0";"132";"1"
"Athletic Performance";"Designed for individuals who exercise regularly or participate in sport or other athletic activity.";"1500";"Dinner";"19:00:00";"Honeydew Melon";"1.0000";"cup, diced, approx 20 pieces per cup (6.0 oz)";"61";"1";"0";"15";"14";"0";"1";"10";"31";"0"
"Athletic Performance";"Designed for individuals who exercise regularly or participate in sport or other athletic activity.";"1750";"Breakfast";"07:00:00";"Skim Milk";"1.0000";"cup (8.6 oz)";"91";"9";"1";"12";"12";"5";"0";"316";"130";"0"
"Athletic Performance";"Designed for individuals who exercise regularly or participate in sport or other athletic activity.";"1750";"Breakfast";"07:00:00";"100% Whole Wheat Bagel (Lenders)";"1.0000";"1 bagel";"180";"9";"2";"35";"5";"0";"5";"6";"370";"0"
"Athletic Performance";"Designed for individuals who exercise regularly or participate in sport or other athletic activity.";"1750";"Breakfast";"07:00:00";"dotFIT ActiveMV - Multivitamin & Mineral Formula";"1.0000";"1 tablet";"0";"0";"0";"0";"0";"0";"0";"0";"0";"0"
"Athletic Performance";"Designed for individuals who exercise regularly or participate in sport or other athletic activity.";"1750";"Breakfast";"07:00:00";"Peanut Butter, smooth";"1.0000";"tablespoon (0.6 oz)";"94";"4";"8";"3";"1";"0";"1";"7";"73";"2"
"Athletic Performance";"Designed for individuals who exercise regularly or participate in sport or other athletic activity.";"1750";"Morning Snack";"10:00:00";"Subway Sandwich Oven Roasted Chicken, 6 inch";"1.0000";"1";"300";"22";"5";"47";"8";"40";"4";"60";"780";"2"
"Athletic Performance";"Designed for individuals who exercise regularly or participate in sport or other athletic activity.";"1750";"Morning Snack";"10:00:00";"Gatorade, 20 oz bottle";"1.0000";"1 bottle";"130";"0";"0";"35";"35";"0";"0";"0";"270";"0"
"Athletic Performance";"Designed for individuals who exercise regularly or participate in sport or other athletic activity.";"1750";"Lunch";"13:00:00";"Water, 12 ounces";"1.0000";"12 ounces";"0";"0";"0";"0";"0";"0";"0";"0";"0";"0"
"Athletic Performance";"Designed for individuals who exercise regularly or participate in sport or other athletic activity.";"1750";"Lunch";"13:00:00";"dotFIT Pre & Post Workout Formula - Vanilla";".5000";"2 scoops (61g)";"120";"11";"0";"17";"2";"30";"0";"75";"70";"1"
"Athletic Performance";"Designed for individuals who exercise regularly or participate in sport or other athletic activity.";"1750";"Afternoon Snack";"17:00:00";"dotFIT Pre & Post Workout Formula - Vanilla";"1.0000";"2 scoops (61g)";"240";"21";"0";"33";"3";"60";"0";"150";"140";"1"
"Athletic Performance";"Designed for individuals who exercise regularly or participate in sport or other athletic activity.";"1750";"Afternoon Snack";"17:00:00";"Water, 12 ounces";"1.0000";"12 ounces";"0";"0";"0";"0";"0";"0";"0";"0";"0";"0"
"Athletic Performance";"Designed for individuals who exercise regularly or participate in sport or other athletic activity.";"1750";"Dinner";"19:00:00";"Hamburger/Ground Beef Patty, 95% Fat-Free Lean, pan-broiled";"1.0000";"serving (3.0 oz)";"139";"22";"5";"0";"0";"65";"0";"8";"60";"2"
"Athletic Performance";"Designed for individuals who exercise regularly or participate in sport or other athletic activity.";"1750";"Dinner";"19:00:00";"Skim Milk";"1.0000";"1 cup";"90";"8";"0";"13";"12";"5";"0";"30";"130";"0"
"Athletic Performance";"Designed for individuals who exercise regularly or participate in sport or other athletic activity.";"1750";"Dinner";"19:00:00";"Tomato, fresh";"1.0000";"slice, thin/small (0.5 oz)";"3";"0";"0";"1";"0";"0";"0";"2";"1";"0"
"Athletic Performance";"Designed for individuals who exercise regularly or participate in sport or other athletic activity.";"1750";"Dinner";"19:00:00";"Hamburger Bun, 100% Whole Wheat (Pepperidge Farm)";"1.0000";"bun";"120";"6";"2";"18";"3";"0";"2";"40";"190";"0"
"Athletic Performance";"Designed for individuals who exercise regularly or participate in sport or other athletic activity.";"1750";"Dinner";"19:00:00";"Romaine Lettuce";"1.0000";"leaf, inner (0.2 oz)";"1";"0";"0";"0";"0";"0";"0";"2";"0";"0"
"Athletic Performance";"Designed for individuals who exercise regularly or participate in sport or other athletic activity.";"1750";"Dinner";"19:00:00";"Red Onions Slices";"1.0000";"serving, 2 tablespoons";"8";"0";"0";"2";"1";"0";"0";"0";"1";"0"
"Athletic Performance";"Designed for individuals who exercise regularly or participate in sport or other athletic activity.";"1750";"Dinner";"19:00:00";"Mayonnaise: Reduced-Fat Light";"1.0000";"tablespoon (0.5 oz)";"49";"0";"5";"1";"1";"5";"0";"1";"101";"1"
"Athletic Performance";"Designed for individuals who exercise regularly or participate in sport or other athletic activity.";"1750";"Dinner";"19:00:00";"Fruit cocktail in light syrup";"1.0000";"serving, 1/2 cup (4.3 oz)";"69";"0";"0";"18";"17";"0";"1";"7";"7";"0"
"Athletic Performance";"Designed for individuals who exercise regularly or participate in sport or other athletic activity.";"1750";"Dinner";"19:00:00";"Cheddar Cheese";"1.0000";"slice (1.0 oz)";"113";"7";"9";"0";"0";"29";"0";"202";"174";"6"
"Athletic Performance";"Designed for individuals who exercise regularly or participate in sport or other athletic activity.";"2000";"Breakfast";"07:00:00";"Skim Milk";"1.0000";"cup (8.6 oz)";"91";"9";"1";"12";"12";"5";"0";"316";"130";"0"
"Athletic Performance";"Designed for individuals who exercise regularly or participate in sport or other athletic activity.";"2000";"Breakfast";"07:00:00";"dotFIT ActiveMV - Multivitamin & Mineral Formula";"1.0000";"1 tablet";"0";"0";"0";"0";"0";"0";"0";"0";"0";"0"
"Athletic Performance";"Designed for individuals who exercise regularly or participate in sport or other athletic activity.";"2000";"Breakfast";"07:00:00";"GoLEAN, Crunch! Cereal (Kashi)";"1.0000";"cup (1.9 oz)";"190";"9";"3";"36";"13";"0";"8";"40";"95";"0"
"Athletic Performance";"Designed for individuals who exercise regularly or participate in sport or other athletic activity.";"2000";"Breakfast";"07:00:00";"Blueberries, fresh";".5000";"cup (5.1 oz)";"41";"1";"0";"11";"7";"0";"2";"4";"1";"0"
"Athletic Performance";"Designed for individuals who exercise regularly or participate in sport or other athletic activity.";"2000";"Morning Snack";"10:00:00";"Turkey breast meat, deli sliced";"4.0000";"oz";"118";"19";"2";"5";"4";"49";"1";"9";"1151";"1"
"Athletic Performance";"Designed for individuals who exercise regularly or participate in sport or other athletic activity.";"2000";"Morning Snack";"10:00:00";"Mustard";"1.0000";"teaspoon (0.2 oz)";"3";"0";"0";"0";"0";"0";"0";"4";"56";"0"
"Athletic Performance";"Designed for individuals who exercise regularly or participate in sport or other athletic activity.";"2000";"Morning Snack";"10:00:00";"Light Yogurt, Fruit Flavor (Yoplait)";"1.0000";"container (6.0 oz)";"100";"5";"0";"19";"14";"5";"0";"200";"85";"0"
"Athletic Performance";"Designed for individuals who exercise regularly or participate in sport or other athletic activity.";"2000";"Morning Snack";"10:00:00";"Swiss Cheese";"1.0000";"slice (1.0 oz)";"106";"8";"8";"2";"0";"26";"0";"221";"54";"5"
"Athletic Performance";"Designed for individuals who exercise regularly or participate in sport or other athletic activity.";"2000";"Morning Snack";"10:00:00";"White Bread";"2.0000";"slice, large (1.1 oz)";"160";"5";"2";"30";"3";"0";"1";"91";"409";"0"
"Athletic Performance";"Designed for individuals who exercise regularly or participate in sport or other athletic activity.";"2000";"Morning Snack";"10:00:00";"Fruit Cocktail, Lite (Del Monte)";"1.0000";"serving, 1/2 cup (4.4 oz)";"60";"0";"0";"15";"14";"0";"1";"0";"10";"0"
"Athletic Performance";"Designed for individuals who exercise regularly or participate in sport or other athletic activity.";"2000";"Lunch";"13:00:00";"Skim Milk";"1.0000";"1 cup";"90";"8";"0";"13";"12";"5";"0";"30";"130";"0"
"Athletic Performance";"Designed for individuals who exercise regularly or participate in sport or other athletic activity.";"2000";"Lunch";"13:00:00";"dotFIT Pre & Post Workout Formula - Chocolate";".5000";"2 scoops (64g)";"125";"10";"2";"18";"2";"28";"1";"75";"85";"1"
"Athletic Performance";"Designed for individuals who exercise regularly or participate in sport or other athletic activity.";"2000";"Afternoon Snack";"17:00:00";"dotFIT Pre & Post Workout Formula - Chocolate";"1.0000";"2 scoops (64g)";"250";"20";"3";"35";"3";"55";"2";"150";"170";"1"
"Athletic Performance";"Designed for individuals who exercise regularly or participate in sport or other athletic activity.";"2000";"Afternoon Snack";"17:00:00";"Water";"2.0000";"8 ounces";"0";"0";"0";"0";"0";"0";"0";"0";"0";"0"
"Athletic Performance";"Designed for individuals who exercise regularly or participate in sport or other athletic activity.";"2000";"Dinner";"19:00:00";"Roasted Chicken Thigh, meat only, without skin";"2.0000";"thigh, cooked (1.8 oz)";"217";"27";"11";"0";"0";"99";"0";"12";"92";"3"
"Athletic Performance";"Designed for individuals who exercise regularly or participate in sport or other athletic activity.";"2000";"Dinner";"19:00:00";"Carrots, boiled or steamed";"2.0000";"serving, 1/2 cup slices (2.8 oz)";"55";"1";"0";"13";"5";"0";"5";"47";"90";"0"
"Athletic Performance";"Designed for individuals who exercise regularly or participate in sport or other athletic activity.";"2000";"Dinner";"19:00:00";"Mashed Potatoes, homestyle";"1.0000";"cup (7.4 oz)";"237";"4";"9";"36";"3";"2";"3";"46";"699";"2"
"Athletic Performance";"Designed for individuals who exercise regularly or participate in sport or other athletic activity.";"2000";"Dinner";"19:00:00";"Honey Wheat Dinner Rolls (Home Bistro)";"1.0000";"serving, 1/2 roll (1.5 oz)";"110";"4";"1";"24";"2";"0";"3";"0";"170";"0"
"Athletic Performance";"Designed for individuals who exercise regularly or participate in sport or other athletic activity.";"2000";"Dinner";"19:00:00";"Pineapple, fresh";"1.0000";"cup, diced (5.5 oz)";"74";"1";"0";"20";"14";"0";"2";"20";"2";"0"
"Athletic Performance";"Designed for individuals who exercise regularly or participate in sport or other athletic activity.";"2250";"Breakfast";"07:00:00";"Skim Milk";"1.5000";"cup (8.6 oz)";"136";"13";"1";"18";"18";"7";"0";"474";"195";"1"
"Athletic Performance";"Designed for individuals who exercise regularly or participate in sport or other athletic activity.";"2250";"Breakfast";"07:00:00";"Honey Nut Cheerios";"2.0000";"serving, 3/4 cup (1.0 oz)";"220";"6";"3";"44";"18";"0";"4";"200";"380";"0"
"Athletic Performance";"Designed for individuals who exercise regularly or participate in sport or other athletic activity.";"2250";"Breakfast";"07:00:00";"Banana";"1.0000";"medium, 7" to 7-7/8" long (4.2 oz)";"105";"1";"0";"27";"14";"0";"3";"6";"1";"0"
"Athletic Performance";"Designed for individuals who exercise regularly or participate in sport or other athletic activity.";"2250";"Breakfast";"07:00:00";"dotFIT ActiveMV - Multivitamin & Mineral Formula";"1.0000";"1 tablet";"0";"0";"0";"0";"0";"0";"0";"0";"0";"0"
"Athletic Performance";"Designed for individuals who exercise regularly or participate in sport or other athletic activity.";"2250";"Morning Snack";"10:00:00";"Water";"2.0000";"8 ounces";"0";"0";"0";"0";"0";"0";"0";"0";"0";"0"
"Athletic Performance";"Designed for individuals who exercise regularly or participate in sport or other athletic activity.";"2250";"Morning Snack";"10:00:00";"Subway Sandwich - Footlong Turkey breast on white bread";"1.0000";"1 item";"560";"37";"9";"92";"14";"40";"9";"150";"2000";"3"
"Athletic Performance";"Designed for individuals who exercise regularly or participate in sport or other athletic activity.";"2250";"Lunch";"13:00:00";"Water";"2.0000";"8 ounces";"0";"0";"0";"0";"0";"0";"0";"0";"0";"0"
"Athletic Performance";"Designed for individuals who exercise regularly or participate in sport or other athletic activity.";"2250";"Lunch";"13:00:00";"dotFIT Pre & Post Workout Formula - Chocolate";"1.0000";"2 scoops (64g)";"250";"20";"3";"35";"3";"55";"2";"150";"170";"1"
"Athletic Performance";"Designed for individuals who exercise regularly or participate in sport or other athletic activity.";"2250";"Afternoon Snack";"17:00:00";"dotFIT Pre & Post Workout Formula - Chocolate";"1.0000";"2 scoops (64g)";"250";"20";"3";"35";"3";"55";"2";"150";"170";"1"
"Athletic Performance";"Designed for individuals who exercise regularly or participate in sport or other athletic activity.";"2250";"Afternoon Snack";"17:00:00";"Water";"2.0000";"8 ounces";"0";"0";"0";"0";"0";"0";"0";"0";"0";"0"
"Athletic Performance";"Designed for individuals who exercise regularly or participate in sport or other athletic activity.";"2250";"Dinner";"19:00:00";"Cantaloupe Melon";"1.5000";"cup, diced (5.5 oz)";"80";"2";"0";"19";"18";"0";"2";"21";"37";"0"
"Athletic Performance";"Designed for individuals who exercise regularly or participate in sport or other athletic activity.";"2250";"Dinner";"19:00:00";"Mixed Vegetables, steamed or boiled (Birds Eye)";"1.0000";"serving, 2/3 cup (3.2 oz)";"80";"2";"0";"12";"4";"0";"2";"20";"20";"0"
"Athletic Performance";"Designed for individuals who exercise regularly or participate in sport or other athletic activity.";"2250";"Dinner";"19:00:00";"100% Whole Wheat Dinner Rolls";"1.0000";"roll (1.1 oz)";"70";"3";"1";"13";"3";"0";"2";"0";"150";"0"
"Athletic Performance";"Designed for individuals who exercise regularly or participate in sport or other athletic activity.";"2250";"Dinner";"19:00:00";"Whipped Butter";"2.0000";"pat, 1" sq x 1/3" high (0.1 oz)";"54";"0";"6";"0";"0";"17";"0";"2";"63";"4"
"Athletic Performance";"Designed for individuals who exercise regularly or participate in sport or other athletic activity.";"2250";"Dinner";"19:00:00";"T-Bone Steak, Lean, broiled";"1.0000";"medium, cooked (6.0 oz)";"301";"44";"13";"0";"0";"92";"0";"7";"121";"5"
"Athletic Performance";"Designed for individuals who exercise regularly or participate in sport or other athletic activity.";"2250";"Dinner";"19:00:00";"Sweet Potato, baked in skin";"1.0000";"large (6.3 oz)";"162";"4";"0";"37";"15";"0";"6";"68";"65";"0"
"Athletic Performance";"Designed for individuals who exercise regularly or participate in sport or other athletic activity.";"2500";"Breakfast";"07:00:00";"Peanut Butter, Creamy";"1.0000";"tablespoon (0.6 oz)";"105";"4";"8";"3";"1";"0";"1";"0";"60";"1"
"Athletic Performance";"Designed for individuals who exercise regularly or participate in sport or other athletic activity.";"2500";"Breakfast";"07:00:00";"Honey Wheat Bagel";"1.0000";"bagel (4.0 oz)";"290";"10";"2";"56";"6";"0";"4";"60";"650";"0"
"Athletic Performance";"Designed for individuals who exercise regularly or participate in sport or other athletic activity.";"2500";"Breakfast";"07:00:00";"Skim Milk";"8.0000";"fl.oz (1.1 oz)";"91";"9";"1";"12";"12";"5";"0";"316";"130";"0"
"Athletic Performance";"Designed for individuals who exercise regularly or participate in sport or other athletic activity.";"2500";"Breakfast";"07:00:00";"dotFIT ActiveMV - Multivitamin & Mineral Formula";"1.0000";"1 tablet";"0";"0";"0";"0";"0";"0";"0";"0";"0";"0"
"Athletic Performance";"Designed for individuals who exercise regularly or participate in sport or other athletic activity.";"2500";"Morning Snack";"10:00:00";"Banana";"1.0000";"banana";"72";"1";"0";"19";"10";"0";"0";"4";"1";"0"
"Athletic Performance";"Designed for individuals who exercise regularly or participate in sport or other athletic activity.";"2500";"Morning Snack";"10:00:00";"Subway Sandwich - Footlong Turkey breast on white bread";"1.0000";"1 item";"560";"37";"9";"92";"14";"40";"9";"150";"2000";"3"
"Athletic Performance";"Designed for individuals who exercise regularly or participate in sport or other athletic activity.";"2500";"Lunch";"13:00:00";"Water";"2.0000";"8 ounces";"0";"0";"0";"0";"0";"0";"0";"0";"0";"0"
"Athletic Performance";"Designed for individuals who exercise regularly or participate in sport or other athletic activity.";"2500";"Lunch";"13:00:00";"dotFIT Pre & Post Workout Formula - Vanilla";"1.0000";"2 scoops (61g)";"240";"21";"0";"33";"3";"60";"0";"150";"140";"1"
"Athletic Performance";"Designed for individuals who exercise regularly or participate in sport or other athletic activity.";"2500";"Afternoon Snack";"17:00:00";"dotFIT Pre & Post Workout Formula - Vanilla";".5000";"2 scoops (61g)";"120";"11";"0";"17";"2";"30";"0";"75";"70";"1"
"Athletic Performance";"Designed for individuals who exercise regularly or participate in sport or other athletic activity.";"2500";"Afternoon Snack";"17:00:00";"Water";"1.0000";"8 ounces";"0";"0";"0";"0";"0";"0";"0";"0";"0";"0"
"Athletic Performance";"Designed for individuals who exercise regularly or participate in sport or other athletic activity.";"2500";"Dinner";"19:00:00";"Skim Milk";"8.0000";"fl.oz (1.1 oz)";"91";"9";"1";"12";"12";"5";"0";"316";"130";"0"
"Athletic Performance";"Designed for individuals who exercise regularly or participate in sport or other athletic activity.";"2500";"Dinner";"19:00:00";"Whipped Butter";"2.0000";"tablespoon (0.3 oz)";"135";"0";"15";"0";"0";"41";"0";"5";"155";"9"
"Athletic Performance";"Designed for individuals who exercise regularly or participate in sport or other athletic activity.";"2500";"Dinner";"19:00:00";"Green Beans, steamed/boiled";"1.0000";"cup (3.9 oz)";"34";"2";"0";"8";"2";"0";"4";"41";"7";"0"
"Athletic Performance";"Designed for individuals who exercise regularly or participate in sport or other athletic activity.";"2500";"Dinner";"19:00:00";"Cantaloupe Melon";"1.0000";"cup, diced (5.5 oz)";"53";"1";"0";"13";"12";"0";"1";"14";"25";"0"
"Athletic Performance";"Designed for individuals who exercise regularly or participate in sport or other athletic activity.";"2500";"Dinner";"19:00:00";"Mashed Potatoes, homestyle";"1.5000";"cup (7.4 oz)";"356";"6";"13";"53";"5";"3";"5";"69";"1049";"3"
"Athletic Performance";"Designed for individuals who exercise regularly or participate in sport or other athletic activity.";"2500";"Dinner";"19:00:00";"Roasted Chicken Thigh, meat only, without skin";"2.0000";"thigh, cooked (1.8 oz)";"217";"27";"11";"0";"0";"99";"0";"12";"92";"3"
"Athletic Performance";"Designed for individuals who exercise regularly or participate in sport or other athletic activity.";"2500";"Evening Snack";"21:00:00";"Frozen Yogurt, Low-Fat (TCBY)";"1.0000";"serving, 1/2 cup (3.4 oz)";"140";"4";"3";"23";"20";"15";"0";"80";"60";"2"
"Athletic Performance";"Designed for individuals who exercise regularly or participate in sport or other athletic activity.";"2750";"Breakfast";"07:00:00";"Cheddar Cheese, Reduced-Fat";"1.0000";"slice (1.0 oz)";"90";"7";"7";"0";"0";"20";"0";"200";"180";"5"
"Athletic Performance";"Designed for individuals who exercise regularly or participate in sport or other athletic activity.";"2750";"Breakfast";"07:00:00";"Bagels, (plain, onion, poppy, sesame)";"1.0000";"medium bagel, 3-1/2" to 4" dia (3.7 oz)";"289";"11";"2";"56";"0";"0";"2";"19";"561";"0"
"Athletic Performance";"Designed for individuals who exercise regularly or participate in sport or other athletic activity.";"2750";"Breakfast";"07:00:00";"Egg (hard-boiled/scrambled/poached)";"1.0000";"large (1.8 oz)";"78";"6";"5";"1";"1";"212";"0";"25";"62";"2"
"Athletic Performance";"Designed for individuals who exercise regularly or participate in sport or other athletic activity.";"2750";"Breakfast";"07:00:00";"Orange Juice";"1.0000";"bottle (10.0 oz)";"128";"2";"1";"30";"24";"0";"1";"31";"3";"0"
"Athletic Performance";"Designed for individuals who exercise regularly or participate in sport or other athletic activity.";"2750";"Breakfast";"07:00:00";"dotFIT ActiveMV - Multivitamin & Mineral Formula";"1.0000";"1 tablet";"0";"0";"0";"0";"0";"0";"0";"0";"0";"0"
"Athletic Performance";"Designed for individuals who exercise regularly or participate in sport or other athletic activity.";"2750";"Morning Snack";"10:00:00";"Skim Milk";"8.0000";"fl.oz (1.1 oz)";"91";"9";"1";"12";"12";"5";"0";"316";"130";"0"
"Athletic Performance";"Designed for individuals who exercise regularly or participate in sport or other athletic activity.";"2750";"Morning Snack";"10:00:00";"Dinner Rolls, Soft Country Style (Pepperidge Farm)";"1.0000";"roll";"90";"3";"2";"17";"3";"0";"1";"20";"150";"0"
"Athletic Performance";"Designed for individuals who exercise regularly or participate in sport or other athletic activity.";"2750";"Morning Snack";"10:00:00";"Spaghetti Noodles or Angel Hair Pasta, dry (Barilla)";"2.0000";"serving, 1/8 box (2.0 oz)";"400";"14";"2";"84";"2";"0";"4";"0";"0";"0"
"Athletic Performance";"Designed for individuals who exercise regularly or participate in sport or other athletic activity.";"2750";"Morning Snack";"10:00:00";"Spaghetti Sauce with Meat (Del Monte)";"2.0000";"serving, 1/2 cup (4.4 oz)";"120";"6";"2";"28";"18";"4";"6";"80";"1440";"0"
"Athletic Performance";"Designed for individuals who exercise regularly or participate in sport or other athletic activity.";"2750";"Lunch";"13:00:00";"Water";"2.0000";"8 ounces";"0";"0";"0";"0";"0";"0";"0";"0";"0";"0"
"Athletic Performance";"Designed for individuals who exercise regularly or participate in sport or other athletic activity.";"2750";"Lunch";"13:00:00";"dotFIT Pre & Post Workout Formula - Chocolate";"1.0000";"2 scoops (64g)";"250";"20";"3";"35";"3";"55";"2";"150";"170";"1"
"Athletic Performance";"Designed for individuals who exercise regularly or participate in sport or other athletic activity.";"2750";"Afternoon Snack";"17:00:00";"dotFIT Pre & Post Workout Formula - Chocolate";"1.0000";"2 scoops (64g)";"250";"20";"3";"35";"3";"55";"2";"150";"170";"1"
"Athletic Performance";"Designed for individuals who exercise regularly or participate in sport or other athletic activity.";"2750";"Afternoon Snack";"17:00:00";"Water";"2.0000";"8 ounces";"0";"0";"0";"0";"0";"0";"0";"0";"0";"0"
"Athletic Performance";"Designed for individuals who exercise regularly or participate in sport or other athletic activity.";"2750";"Dinner";"19:00:00";"Top Sirloin Steak, Lean Only, broiled";"6.0000";"oz";"311";"52";"10";"0";"0";"99";"0";"34";"109";"4"
"Athletic Performance";"Designed for individuals who exercise regularly or participate in sport or other athletic activity.";"2750";"Dinner";"19:00:00";"Wild Rice, cooked";"4.0000";"serving, 1/2 cup (2.9 oz)";"331";"13";"1";"70";"2";"0";"6";"10";"10";"0"
"Athletic Performance";"Designed for individuals who exercise regularly or participate in sport or other athletic activity.";"2750";"Dinner";"19:00:00";"Grapes, Red or Green ";"1.0000";"cup, with seeds, yields (5.3 oz)";"104";"1";"0";"27";"23";"0";"1";"15";"3";"0"
"Athletic Performance";"Designed for individuals who exercise regularly or participate in sport or other athletic activity.";"2750";"Dinner";"19:00:00";"Sweet White Corn, boiled";".5000";"cup (5.4 oz)";"66";"2";"1";"15";"2";"0";"2";"2";"12";"0"
"Athletic Performance";"Designed for individuals who exercise regularly or participate in sport or other athletic activity.";"2750";"Evening Snack";"21:00:00";"Frozen Yogurt, Low-Fat (TCBY)";"1.0000";"serving, 1/2 cup (3.4 oz)";"140";"4";"3";"23";"20";"15";"0";"80";"60";"2"
"Athletic Performance";"Designed for individuals who exercise regularly or participate in sport or other athletic activity.";"2750";"Evening Snack";"21:00:00";"Frozen Mixed Berries (Dole)";".5000";"cup (4.9 oz)";"35";"0";"0";"9";"6";"0";"3";"10";"0";"0"
"Athletic Performance";"Designed for individuals who exercise regularly or participate in sport or other athletic activity.";"3000";"Breakfast";"07:00:00";"Egg, scrambled/boiled/poached ";"2.0000";"large (1.6 oz)";"180";"13";"14";"1";"1";"420";"0";"54";"191";"4"
"Athletic Performance";"Designed for individuals who exercise regularly or participate in sport or other athletic activity.";"3000";"Breakfast";"07:00:00";"Preserves or Jam";"1.0000";"tablespoon (0.7 oz)";"56";"0";"0";"14";"10";"0";"0";"4";"6";"0"
"Athletic Performance";"Designed for individuals who exercise regularly or participate in sport or other athletic activity.";"3000";"Breakfast";"07:00:00";"Orange Juice";"8.0000";"fl.oz (1.1 oz)";"112";"2";"0";"26";"21";"0";"0";"27";"2";"0"
"Athletic Performance";"Designed for individuals who exercise regularly or participate in sport or other athletic activity.";"3000";"Breakfast";"07:00:00";"dotFIT ActiveMV - Multivitamin & Mineral Formula";"1.0000";"1 tablet";"0";"0";"0";"0";"0";"0";"0";"0";"0";"0"
"Athletic Performance";"Designed for individuals who exercise regularly or participate in sport or other athletic activity.";"3000";"Breakfast";"07:00:00";"100% Whole Wheat Bread (Pepperidge Farm)";"2.0000";"slice";"220";"8";"4";"40";"6";"0";"6";"40";"360";"0"
"Athletic Performance";"Designed for individuals who exercise regularly or participate in sport or other athletic activity.";"3000";"Morning Snack";"10:00:00";"Gatorade, 20 oz bottle";"1.0000";"1 bottle";"130";"0";"0";"35";"35";"0";"0";"0";"270";"0"
"Athletic Performance";"Designed for individuals who exercise regularly or participate in sport or other athletic activity.";"3000";"Morning Snack";"10:00:00";"Subway Sandwich - Footlong Chicken Breast ";"1.0000";"1";"630";"47";"11";"95";"17";"45";"9";"150";"1660";"4"
"Athletic Performance";"Designed for individuals who exercise regularly or participate in sport or other athletic activity.";"3000";"Lunch";"13:00:00";"Skim Milk";"1.5000";"cup (8.6 oz)";"136";"13";"1";"18";"18";"7";"0";"474";"195";"1"
"Athletic Performance";"Designed for individuals who exercise regularly or participate in sport or other athletic activity.";"3000";"Lunch";"13:00:00";"dotFIT Pre & Post Workout Formula - Vanilla";".7500";"2 scoops (61g)";"180";"16";"0";"25";"2";"45";"0";"113";"105";"1"
"Athletic Performance";"Designed for individuals who exercise regularly or participate in sport or other athletic activity.";"3000";"Afternoon Snack";"17:00:00";"dotFIT Pre & Post Workout Formula - Vanilla";".7500";"2 scoops (61g)";"180";"16";"0";"25";"2";"45";"0";"113";"105";"1"
"Athletic Performance";"Designed for individuals who exercise regularly or participate in sport or other athletic activity.";"3000";"Afternoon Snack";"17:00:00";"Skim Milk";"1.5000";"cup (8.6 oz)";"136";"13";"1";"18";"18";"7";"0";"474";"195";"1"
"Athletic Performance";"Designed for individuals who exercise regularly or participate in sport or other athletic activity.";"3000";"Dinner";"19:00:00";"Oven Baked Dinner Roll, Whole Wheat (Pillsbury)";"2.0000";"roll (1.2 oz)";"180";"8";"2";"34";"4";"0";"6";"0";"340";"0"
"Athletic Performance";"Designed for individuals who exercise regularly or participate in sport or other athletic activity.";"3000";"Dinner";"19:00:00";"Top Sirloin Steak, Lean Only, broiled";"6.0000";"oz";"311";"52";"10";"0";"0";"99";"0";"34";"109";"4"
"Athletic Performance";"Designed for individuals who exercise regularly or participate in sport or other athletic activity.";"3000";"Dinner";"19:00:00";"Honeydew Melon";"1.0000";"wedge, 1/8 of 5-1/4" dia melon (4.4 oz)";"45";"1";"0";"11";"10";"0";"1";"8";"23";"0"
"Athletic Performance";"Designed for individuals who exercise regularly or participate in sport or other athletic activity.";"3000";"Dinner";"19:00:00";"Sweet Potato, baked in skin";"1.0000";"large (6.3 oz)";"162";"4";"0";"37";"15";"0";"6";"68";"65";"0"
"Athletic Performance";"Designed for individuals who exercise regularly or participate in sport or other athletic activity.";"3000";"Dinner";"19:00:00";"Whipped Butter";"2.0000";"pat, 1" sq x 1/3" high (0.1 oz)";"54";"0";"6";"0";"0";"17";"0";"2";"63";"4"
"Athletic Performance";"Designed for individuals who exercise regularly or participate in sport or other athletic activity.";"3000";"Dinner";"19:00:00";"Pineapple, fresh";"1.0000";"cup, diced (5.5 oz)";"74";"1";"0";"20";"14";"0";"2";"20";"2";"0"
"Athletic Performance";"Designed for individuals who exercise regularly or participate in sport or other athletic activity.";"3000";"Dinner";"19:00:00";"Mixed Vegetables, steamed or boiled (Birds Eye)";"1.0000";"serving, 2/3 cup (3.2 oz)";"80";"2";"0";"12";"4";"0";"2";"20";"20";"0"
"Athletic Performance";"Designed for individuals who exercise regularly or participate in sport or other athletic activity.";"3000";"Evening Snack";"21:00:00";"Light Yogurt, Fruit Flavor (Yoplait)";"1.0000";"container (6.0 oz)";"100";"5";"0";"19";"14";"5";"0";"200";"85";"0"
"Athletic Performance";"Designed for individuals who exercise regularly or participate in sport or other athletic activity.";"3000";"Evening Snack";"21:00:00";"Blueberries, fresh";".5000";"cup (5.1 oz)";"41";"1";"0";"11";"7";"0";"2";"4";"1";"0"
"Athletic Performance";"Designed for individuals who exercise regularly or participate in sport or other athletic activity.";"3250";"Breakfast";"07:00:00";"Honey Wheat Bagel";"1.0000";"bagel (4.0 oz)";"290";"10";"2";"56";"6";"0";"4";"60";"650";"0"
"Athletic Performance";"Designed for individuals who exercise regularly or participate in sport or other athletic activity.";"3250";"Breakfast";"07:00:00";"Banana";"1.0000";"large, 8" to 8-7/8" long (4.8 oz)";"121";"1";"0";"31";"17";"0";"4";"7";"1";"0"
"Athletic Performance";"Designed for individuals who exercise regularly or participate in sport or other athletic activity.";"3250";"Breakfast";"07:00:00";"Skim Milk";"1.0000";"cup (8.6 oz)";"91";"9";"1";"12";"12";"5";"0";"316";"130";"0"
"Athletic Performance";"Designed for individuals who exercise regularly or participate in sport or other athletic activity.";"3250";"Breakfast";"07:00:00";"Peanut Butter, smooth";"1.0000";"tablespoon (0.6 oz)";"94";"4";"8";"3";"1";"0";"1";"7";"73";"2"
"Athletic Performance";"Designed for individuals who exercise regularly or participate in sport or other athletic activity.";"3250";"Breakfast";"07:00:00";"dotFIT ActiveMV - Multivitamin & Mineral Formula";"1.0000";"1 tablet";"0";"0";"0";"0";"0";"0";"0";"0";"0";"0"
"Athletic Performance";"Designed for individuals who exercise regularly or participate in sport or other athletic activity.";"3250";"Morning Snack";"10:00:00";"Subway Sandwich - Footlong Chicken Breast ";"1.0000";"1";"630";"47";"11";"95";"17";"45";"9";"150";"1660";"4"
"Athletic Performance";"Designed for individuals who exercise regularly or participate in sport or other athletic activity.";"3250";"Morning Snack";"10:00:00";"Gatorade, 20 oz bottle";"1.0000";"1 bottle";"130";"0";"0";"35";"35";"0";"0";"0";"270";"0"
"Athletic Performance";"Designed for individuals who exercise regularly or participate in sport or other athletic activity.";"3250";"Lunch";"13:00:00";"Skim Milk";"10.0000";"fl.oz (1.1 oz)";"113";"11";"1";"15";"15";"6";"0";"395";"162";"0"
"Athletic Performance";"Designed for individuals who exercise regularly or participate in sport or other athletic activity.";"3250";"Lunch";"13:00:00";"dotFIT Pre & Post Workout Formula - Chocolate";"1.0000";"2 scoops (64g)";"250";"20";"3";"35";"3";"55";"2";"150";"170";"1"
"Athletic Performance";"Designed for individuals who exercise regularly or participate in sport or other athletic activity.";"3250";"Afternoon Snack";"17:00:00";"dotFIT Pre & Post Workout Formula - Chocolate";"1.0000";"2 scoops (64g)";"250";"20";"3";"35";"3";"55";"2";"150";"170";"1"
"Athletic Performance";"Designed for individuals who exercise regularly or participate in sport or other athletic activity.";"3250";"Afternoon Snack";"17:00:00";"Skim Milk";"10.0000";"fl.oz (1.1 oz)";"113";"11";"1";"15";"15";"6";"0";"395";"162";"0"
"Athletic Performance";"Designed for individuals who exercise regularly or participate in sport or other athletic activity.";"3250";"Dinner";"19:00:00";"Roasted Chicken Thigh, meat only, without skin";"3.0000";"thigh, cooked (1.8 oz)";"326";"40";"17";"0";"0";"148";"0";"19";"137";"5"
"Athletic Performance";"Designed for individuals who exercise regularly or participate in sport or other athletic activity.";"3250";"Dinner";"19:00:00";"Fruit cocktail in light syrup";"1.0000";"cup (8.5 oz)";"138";"1";"0";"36";"34";"0";"2";"15";"15";"0"
"Athletic Performance";"Designed for individuals who exercise regularly or participate in sport or other athletic activity.";"3250";"Dinner";"19:00:00";"Sweet Potato, baked in skin";"1.0000";"large (6.3 oz)";"162";"4";"0";"37";"15";"0";"6";"68";"65";"0"
"Athletic Performance";"Designed for individuals who exercise regularly or participate in sport or other athletic activity.";"3250";"Dinner";"19:00:00";"Green beans, snap or string, boiled";"1.0000";"cup (4.4 oz)";"44";"2";"0";"10";"2";"0";"4";"55";"1";"0"
"Athletic Performance";"Designed for individuals who exercise regularly or participate in sport or other athletic activity.";"3250";"Dinner";"19:00:00";"Whipped Butter";"2.0000";"tablespoon (0.3 oz)";"135";"0";"15";"0";"0";"41";"0";"5";"155";"9"
"Athletic Performance";"Designed for individuals who exercise regularly or participate in sport or other athletic activity.";"3250";"Dinner";"19:00:00";"Italian Bread";"2.0000";"slice, large, 4-1/2" x 3-1/4" x 3/4" (1.1 oz)";"163";"5";"2";"30";"0";"0";"2";"47";"350";"1"
"Athletic Performance";"Designed for individuals who exercise regularly or participate in sport or other athletic activity.";"3250";"Evening Snack";"21:00:00";"Frozen Yogurt: Soft, Fat-Free (TCBY)";"2.0000";"serving, 1/2 cup (3.5 oz)";"220";"8";"0";"46";"40";"9";"0";"200";"120";"0"
"Athletic Performance";"Designed for individuals who exercise regularly or participate in sport or other athletic activity.";"3500";"Breakfast";"07:00:00";"Orange Juice";"8.0000";"fl.oz (1.1 oz)";"112";"2";"0";"26";"21";"0";"0";"27";"2";"0"
"Athletic Performance";"Designed for individuals who exercise regularly or participate in sport or other athletic activity.";"3500";"Breakfast";"07:00:00";"dotFIT ActiveMV - Multivitamin & Mineral Formula";"1.0000";"1 tablet";"0";"0";"0";"0";"0";"0";"0";"0";"0";"0"
"Athletic Performance";"Designed for individuals who exercise regularly or participate in sport or other athletic activity.";"3500";"Breakfast";"07:00:00";"Einstein Bros. / Noah's Bagels: Bakery: Bagels, Honey Whole Wheat";"1.0000";"bagel (3.7 oz)";"320";"10";"1";"71";"11";"0";"3";"20";"470";"0"
"Athletic Performance";"Designed for individuals who exercise regularly or participate in sport or other athletic activity.";"3500";"Breakfast";"07:00:00";"Peanut Butter, smooth, no salt";"2.0000";"tablespoon (0.6 oz)";"188";"8";"16";"6";"3";"0";"2";"14";"5";"3"
"Athletic Performance";"Designed for individuals who exercise regularly or participate in sport or other athletic activity.";"3500";"Breakfast";"07:00:00";"Apple";"1.0000";"large, 3-1/4" dia, approx 2 per lb (7.5 oz)";"110";"1";"0";"29";"22";"0";"5";"13";"2";"0"
"Athletic Performance";"Designed for individuals who exercise regularly or participate in sport or other athletic activity.";"3500";"Breakfast";"07:00:00";"dotFIT ActiveMV - Multivitamin & Mineral Formula";"1.0000";"1 tablet";"0";"0";"0";"0";"0";"0";"0";"0";"0";"0"
"Athletic Performance";"Designed for individuals who exercise regularly or participate in sport or other athletic activity.";"3500";"Morning Snack";"10:00:00";"Banana";"1.0000";"large, 8" to 8-7/8" long (4.8 oz)";"121";"1";"0";"31";"17";"0";"4";"7";"1";"0"
"Athletic Performance";"Designed for individuals who exercise regularly or participate in sport or other athletic activity.";"3500";"Morning Snack";"10:00:00";"Subway Sandwich - Footlong Chicken Breast ";"1.0000";"1";"630";"47";"11";"95";"17";"45";"9";"150";"1660";"4"
"Athletic Performance";"Designed for individuals who exercise regularly or participate in sport or other athletic activity.";"3500";"Morning Snack";"10:00:00";"Gatorade, 20 oz bottle";"1.0000";"1 bottle";"130";"0";"0";"35";"35";"0";"0";"0";"270";"0"
"Athletic Performance";"Designed for individuals who exercise regularly or participate in sport or other athletic activity.";"3500";"Lunch";"13:00:00";"Skim Milk";"12.0000";"fl.oz (1.1 oz)";"136";"13";"1";"18";"18";"7";"0";"474";"195";"1"
"Athletic Performance";"Designed for individuals who exercise regularly or participate in sport or other athletic activity.";"3500";"Lunch";"13:00:00";"dotFIT First String - Chocolate";".5000";"2 Scoops (75.1 grams)";"148";"11";"2";"23";"1";"30";"1";"75";"113";"1"
"Athletic Performance";"Designed for individuals who exercise regularly or participate in sport or other athletic activity.";"3500";"Afternoon Snack";"17:00:00";"dotFIT First String - Chocolate";".5000";"2 Scoops (75.1 grams)";"148";"11";"2";"23";"1";"30";"1";"75";"113";"1"
"Athletic Performance";"Designed for individuals who exercise regularly or participate in sport or other athletic activity.";"3500";"Afternoon Snack";"17:00:00";"Skim Milk";"12.0000";"fl.oz (1.1 oz)";"136";"13";"1";"18";"18";"7";"0";"474";"195";"1"
"Athletic Performance";"Designed for individuals who exercise regularly or participate in sport or other athletic activity.";"3500";"Dinner";"19:00:00";"Light Sour Cream";"2.0000";"tablespoon (0.5 oz)";"38";"1";"3";"2";"0";"10";"0";"39";"20";"2"
"Athletic Performance";"Designed for individuals who exercise regularly or participate in sport or other athletic activity.";"3500";"Dinner";"19:00:00";"Green beans, snap or string, boiled";"1.0000";"cup (4.4 oz)";"44";"2";"0";"10";"2";"0";"4";"55";"1";"0"
"Athletic Performance";"Designed for individuals who exercise regularly or participate in sport or other athletic activity.";"3500";"Dinner";"19:00:00";"Vegetables, Fresh: Potatoes, russet, flesh & skin, baked";"1.0000";"large, 3" to 4-1/4" dia (10.5 oz)";"290";"8";"0";"64";"3";"0";"7";"54";"24";"0"
"Athletic Performance";"Designed for individuals who exercise regularly or participate in sport or other athletic activity.";"3500";"Dinner";"19:00:00";"New York Steak, Lean Only, broiled";"6.0000";"oz";"310";"50";"11";"0";"0";"109";"0";"32";"102";"4"
"Athletic Performance";"Designed for individuals who exercise regularly or participate in sport or other athletic activity.";"3500";"Dinner";"19:00:00";"Whipped Butter";"1.0000";"tablespoon (0.3 oz)";"67";"0";"8";"0";"0";"21";"0";"2";"78";"5"
"Athletic Performance";"Designed for individuals who exercise regularly or participate in sport or other athletic activity.";"3500";"Dinner";"19:00:00";"Cantaloupe Melon";"1.0000";"cup, diced (5.5 oz)";"53";"1";"0";"13";"12";"0";"1";"14";"25";"0"
"Athletic Performance";"Designed for individuals who exercise regularly or participate in sport or other athletic activity.";"3500";"Evening Snack";"21:00:00";"Frozen Yogurt, Low-Fat (TCBY)";"2.0000";"serving, 1/2 cup (3.4 oz)";"280";"8";"6";"46";"40";"30";"0";"160";"120";"4"
"Athletic Performance";"Designed for individuals who exercise regularly or participate in sport or other athletic activity.";"3750";"Breakfast";"07:00:00";"Banana";"1.0000";"medium, 7" to 7-7/8" long (4.2 oz)";"105";"1";"0";"27";"14";"0";"3";"6";"1";"0"
"Athletic Performance";"Designed for individuals who exercise regularly or participate in sport or other athletic activity.";"3750";"Breakfast";"07:00:00";"Low-Fat Yogurt, Fruit Flavored";"1.0000";"container (6.0 oz)";"173";"7";"2";"32";"32";"7";"0";"258";"99";"1"
"Athletic Performance";"Designed for individuals who exercise regularly or participate in sport or other athletic activity.";"3750";"Breakfast";"07:00:00";"dotFIT ActiveMV - Multivitamin & Mineral Formula";"1.0000";"1 tablet";"0";"0";"0";"0";"0";"0";"0";"0";"0";"0"
"Athletic Performance";"Designed for individuals who exercise regularly or participate in sport or other athletic activity.";"3750";"Breakfast";"07:00:00";"Honey Wheat Bagel";"1.0000";"bagel (4.0 oz)";"290";"10";"2";"56";"6";"0";"4";"60";"650";"0"
"Athletic Performance";"Designed for individuals who exercise regularly or participate in sport or other athletic activity.";"3750";"Breakfast";"07:00:00";"Peanut Butter, smooth";"2.0000";"tablespoon (0.6 oz)";"188";"8";"16";"6";"3";"0";"2";"14";"147";"3"
"Athletic Performance";"Designed for individuals who exercise regularly or participate in sport or other athletic activity.";"3750";"Morning Snack";"10:00:00";"Subway Sandwich - Footlong Chicken Breast ";"1.0000";"1";"630";"47";"11";"95";"17";"45";"9";"150";"1660";"4"
"Athletic Performance";"Designed for individuals who exercise regularly or participate in sport or other athletic activity.";"3750";"Morning Snack";"10:00:00";"Gatorade, Original Lemon Lime";"1.0000";"bottle (32.5 fl.oz)";"200";"0";"0";"56";"56";"0";"0";"0";"440";"0"
"Athletic Performance";"Designed for individuals who exercise regularly or participate in sport or other athletic activity.";"3750";"Morning Snack";"10:00:00";"Baked Lay's Chips, Original, small bag";"1.0000";"bag (1.1 oz)";"130";"2";"2";"26";"2";"0";"2";"0";"170";"0"
"Athletic Performance";"Designed for individuals who exercise regularly or participate in sport or other athletic activity.";"3750";"Lunch";"13:00:00";"Water";"3.0000";"8 ounces";"0";"0";"0";"0";"0";"0";"0";"0";"0";"0"
"Athletic Performance";"Designed for individuals who exercise regularly or participate in sport or other athletic activity.";"3750";"Lunch";"13:00:00";"dotFIT Pre & Post Workout Formula - Chocolate";"1.5000";"2 scoops (64g)";"375";"30";"5";"53";"5";"83";"3";"225";"255";"2"
"Athletic Performance";"Designed for individuals who exercise regularly or participate in sport or other athletic activity.";"3750";"Afternoon Snack";"17:00:00";"dotFIT Pre & Post Workout Formula - Chocolate";"1.5000";"2 scoops (64g)";"375";"30";"5";"53";"5";"83";"3";"225";"255";"2"
"Athletic Performance";"Designed for individuals who exercise regularly or participate in sport or other athletic activity.";"3750";"Afternoon Snack";"17:00:00";"Water";"1.0000";"8 ounces";"0";"0";"0";"0";"0";"0";"0";"0";"0";"0"
"Athletic Performance";"Designed for individuals who exercise regularly or participate in sport or other athletic activity.";"3750";"Dinner";"19:00:00";"Sweet white corn, boiled/steamed";"2.0000";"serving, 1/2 cup kernels (2.9 oz)";"154";"5";"1";"37";"0";"0";"3";"5";"7";"0"
"Athletic Performance";"Designed for individuals who exercise regularly or participate in sport or other athletic activity.";"3750";"Dinner";"19:00:00";"Dinner Roll (Wegmans)";"1.0000";"roll (1.3 oz)";"75";"3";"1";"14";"1";"5";"1";"0";"150";"0"
"Athletic Performance";"Designed for individuals who exercise regularly or participate in sport or other athletic activity.";"3750";"Dinner";"19:00:00";"Roasted Chicken Thigh, meat only, without skin";"3.0000";"thigh, cooked (1.8 oz)";"326";"40";"17";"0";"0";"148";"0";"19";"137";"5"
"Athletic Performance";"Designed for individuals who exercise regularly or participate in sport or other athletic activity.";"3750";"Dinner";"19:00:00";"Mashed Potatoes, homestyle";"2.0000";"cup (7.4 oz)";"475";"8";"18";"71";"6";"4";"6";"92";"1399";"4"
"Athletic Performance";"Designed for individuals who exercise regularly or participate in sport or other athletic activity.";"3750";"Evening Snack";"21:00:00";"Frozen Yogurt, Low-Fat (TCBY)";"2.0000";"serving, 1/2 cup (3.4 oz)";"280";"8";"6";"46";"40";"30";"0";"160";"120";"4"
"Athletic Performance";"Designed for individuals who exercise regularly or participate in sport or other athletic activity.";"4000";"Breakfast";"07:00:00";"Whipped Butter, Light, salted (Land O'Lakes)";"1.0000";"tablespoon (0.3 oz)";"45";"0";"5";"1";"0";"15";"0";"0";"80";"3"
"Athletic Performance";"Designed for individuals who exercise regularly or participate in sport or other athletic activity.";"4000";"Breakfast";"07:00:00";"Preserves or Jam";"1.0000";"tablespoon (0.7 oz)";"56";"0";"0";"14";"10";"0";"0";"4";"6";"0"
"Athletic Performance";"Designed for individuals who exercise regularly or participate in sport or other athletic activity.";"4000";"Breakfast";"07:00:00";"100% Whole Wheat Bread (Orowheat)";"2.0000";"slice (1.3 oz)";"200";"8";"2";"38";"8";"0";"6";"120";"420";"0"
"Athletic Performance";"Designed for individuals who exercise regularly or participate in sport or other athletic activity.";"4000";"Breakfast";"07:00:00";"Peanut Butter, smooth";"1.0000";"tablespoon (0.6 oz)";"94";"4";"8";"3";"1";"0";"1";"7";"73";"2"
"Athletic Performance";"Designed for individuals who exercise regularly or participate in sport or other athletic activity.";"4000";"Breakfast";"07:00:00";"Banana";"1.0000";"large, 8" to 8-7/8" long (4.8 oz)";"121";"1";"0";"31";"17";"0";"4";"7";"1";"0"
"Athletic Performance";"Designed for individuals who exercise regularly or participate in sport or other athletic activity.";"4000";"Breakfast";"07:00:00";"Orange Juice";"12.0000";"fl.oz (1.1 oz)";"167";"3";"1";"39";"31";"0";"1";"41";"4";"0"
"Athletic Performance";"Designed for individuals who exercise regularly or participate in sport or other athletic activity.";"4000";"Breakfast";"07:00:00";"dotFIT ActiveMV - Multivitamin & Mineral Formula";"1.0000";"1 tablet";"0";"0";"0";"0";"0";"0";"0";"0";"0";"0"
"Athletic Performance";"Designed for individuals who exercise regularly or participate in sport or other athletic activity.";"4000";"Breakfast";"07:00:00";"Egg (hard-boiled/scrambled/poached)";"2.0000";"large (1.8 oz)";"155";"13";"11";"1";"1";"424";"0";"50";"124";"3"
"Athletic Performance";"Designed for individuals who exercise regularly or participate in sport or other athletic activity.";"4000";"Morning Snack";"10:00:00";"Subway Sandwich - Footlong Chicken Breast ";"1.0000";"1";"630";"47";"11";"95";"17";"45";"9";"150";"1660";"4"
"Athletic Performance";"Designed for individuals who exercise regularly or participate in sport or other athletic activity.";"4000";"Morning Snack";"10:00:00";"Gatorade, 20 oz bottle";"1.0000";"1 bottle";"130";"0";"0";"35";"35";"0";"0";"0";"270";"0"
"Athletic Performance";"Designed for individuals who exercise regularly or participate in sport or other athletic activity.";"4000";"Morning Snack";"10:00:00";"Baked Lay's Chips, Original, small bag";"1.0000";"bag (1.1 oz)";"130";"2";"2";"26";"2";"0";"2";"0";"170";"0"
"Athletic Performance";"Designed for individuals who exercise regularly or participate in sport or other athletic activity.";"4000";"Lunch";"13:00:00";"dotFIT Pre & Post Workout Formula - Chocolate";"1.5000";"2 scoops (64g)";"375";"30";"5";"53";"5";"83";"3";"225";"255";"2"
"Athletic Performance";"Designed for individuals who exercise regularly or participate in sport or other athletic activity.";"4000";"Lunch";"13:00:00";"Crushed Ice";"1.0000";"1 cup";"0";"0";"0";"0";"0";"0";"0";"0";"0";"0"
"Athletic Performance";"Designed for individuals who exercise regularly or participate in sport or other athletic activity.";"4000";"Lunch";"13:00:00";"Skim Milk";"12.0000";"fl.oz (1.1 oz)";"136";"13";"1";"18";"18";"7";"0";"474";"195";"1"
"Athletic Performance";"Designed for individuals who exercise regularly or participate in sport or other athletic activity.";"4000";"Lunch";"13:00:00";"Peanut Butter, smooth";"1.0000";"tablespoon (0.6 oz)";"94";"4";"8";"3";"1";"0";"1";"7";"73";"2"
"Athletic Performance";"Designed for individuals who exercise regularly or participate in sport or other athletic activity.";"4000";"Afternoon Snack";"17:00:00";"Water";"1.0000";"8 ounces";"0";"0";"0";"0";"0";"0";"0";"0";"0";"0"
"Athletic Performance";"Designed for individuals who exercise regularly or participate in sport or other athletic activity.";"4000";"Afternoon Snack";"17:00:00";"dotFIT Pre & Post Workout Formula - Chocolate";"1.5000";"2 scoops (64g)";"375";"30";"5";"53";"5";"83";"3";"225";"255";"2"
"Athletic Performance";"Designed for individuals who exercise regularly or participate in sport or other athletic activity.";"4000";"Dinner";"19:00:00";"Hamburger/Ground Beef Patty, 95% Fat-Free Lean, pan-broiled";"8.0000";"oz";"372";"59";"13";"0";"0";"172";"0";"20";"161";"6"
"Athletic Performance";"Designed for individuals who exercise regularly or participate in sport or other athletic activity.";"4000";"Dinner";"19:00:00";"Cantaloupe Melon";"2.0000";"cup, diced (5.5 oz)";"106";"3";"1";"25";"25";"0";"3";"28";"50";"0"
"Athletic Performance";"Designed for individuals who exercise regularly or participate in sport or other athletic activity.";"4000";"Dinner";"19:00:00";"Gatorade, Original Lemon Lime";"1.0000";"bottle (32.5 fl.oz)";"200";"0";"0";"56";"56";"0";"0";"0";"440";"0"
"Athletic Performance";"Designed for individuals who exercise regularly or participate in sport or other athletic activity.";"4000";"Dinner";"19:00:00";"Hamburger Bun, 100% Whole Wheat (Pepperidge Farm)";"2.0000";"bun";"240";"12";"4";"36";"6";"0";"4";"80";"380";"0"
"Athletic Performance";"Designed for individuals who exercise regularly or participate in sport or other athletic activity.";"4000";"Dinner";"19:00:00";"Medium Cheddar Cheese, sliced (Sargento)";"2.0000";"slice, thin (1.0 oz)";"160";"10";"12";"0";"0";"40";"0";"300";"280";"8"
"Athletic Performance";"Designed for individuals who exercise regularly or participate in sport or other athletic activity.";"4000";"Evening Snack";"21:00:00";"Frozen Yogurt: Soft, Fat-Free (TCBY)";"2.0000";"serving, 1/2 cup (3.5 oz)";"220";"8";"0";"46";"40";"9";"0";"200";"120";"0"
"Athletic Performance";"Designed for individuals who exercise regularly or participate in sport or other athletic activity.";"4250";"Breakfast";"07:00:00";"Pancakes: Plain, prepared from dry mix";"3.0000";"pancake, 6" dia (2.7 oz)";"448";"12";"6";"85";"0";"28";"3";"291";"1451";"1"
"Athletic Performance";"Designed for individuals who exercise regularly or participate in sport or other athletic activity.";"4250";"Breakfast";"07:00:00";"Egg (hard-boiled/scrambled/poached)";"2.0000";"large (1.8 oz)";"155";"13";"11";"1";"1";"424";"0";"50";"124";"3"
"Athletic Performance";"Designed for individuals who exercise regularly or participate in sport or other athletic activity.";"4250";"Breakfast";"07:00:00";"Whipped Butter";"1.0000";"tablespoon (0.3 oz)";"67";"0";"8";"0";"0";"21";"0";"2";"78";"5"
"Athletic Performance";"Designed for individuals who exercise regularly or participate in sport or other athletic activity.";"4250";"Breakfast";"07:00:00";"Pancake Syrup";"3.0000";"tablespoon (0.5 fl.oz)";"140";"0";"0";"37";"20";"0";"0";"2";"49";"0"
"Athletic Performance";"Designed for individuals who exercise regularly or participate in sport or other athletic activity.";"4250";"Breakfast";"07:00:00";"dotFIT ActiveMV - Multivitamin & Mineral Formula";"1.0000";"1 tablet";"0";"0";"0";"0";"0";"0";"0";"0";"0";"0"
"Athletic Performance";"Designed for individuals who exercise regularly or participate in sport or other athletic activity.";"4250";"Breakfast";"07:00:00";"Orange Juice";"8.0000";"fl.oz (1.1 oz)";"112";"2";"0";"26";"21";"0";"0";"27";"2";"0"
"Athletic Performance";"Designed for individuals who exercise regularly or participate in sport or other athletic activity.";"4250";"Morning Snack";"10:00:00";"Subway Sandwich - Footlong Chicken Breast ";"1.0000";"1";"630";"47";"11";"95";"17";"45";"9";"150";"1660";"4"
"Athletic Performance";"Designed for individuals who exercise regularly or participate in sport or other athletic activity.";"4250";"Morning Snack";"10:00:00";"Gatorade, 20 oz bottle";"1.0000";"1 bottle";"130";"0";"0";"35";"35";"0";"0";"0";"270";"0"
"Athletic Performance";"Designed for individuals who exercise regularly or participate in sport or other athletic activity.";"4250";"Morning Snack";"10:00:00";"Baked Lay's Chips, Original, small bag";"1.0000";"bag (1.1 oz)";"130";"2";"2";"26";"2";"0";"2";"0";"170";"0"
"Athletic Performance";"Designed for individuals who exercise regularly or participate in sport or other athletic activity.";"4250";"Lunch";"13:00:00";"Water";"1.5000";"8 ounces";"0";"0";"0";"0";"0";"0";"0";"0";"0";"0"
"Athletic Performance";"Designed for individuals who exercise regularly or participate in sport or other athletic activity.";"4250";"Lunch";"13:00:00";"dotFIT First String - Chocolate";".7500";"2 Scoops (75.1 grams)";"221";"16";"2";"35";"2";"45";"2";"113";"169";"1"
"Athletic Performance";"Designed for individuals who exercise regularly or participate in sport or other athletic activity.";"4250";"Afternoon Snack";"17:00:00";"dotFIT First String - Chocolate";"1.0000";"2 Scoops (75.1 grams)";"295";"21";"3";"46";"2";"60";"3";"150";"225";"1"
"Athletic Performance";"Designed for individuals who exercise regularly or participate in sport or other athletic activity.";"4250";"Afternoon Snack";"17:00:00";"Water";"2.0000";"8 ounces";"0";"0";"0";"0";"0";"0";"0";"0";"0";"0"
"Athletic Performance";"Designed for individuals who exercise regularly or participate in sport or other athletic activity.";"4250";"Dinner";"19:00:00";"Dinner Roll, plain (includes brown-and-serve)";"2.0000";"roll (1.0 oz)";"168";"5";"4";"28";"1";"1";"2";"67";"292";"1"
"Athletic Performance";"Designed for individuals who exercise regularly or participate in sport or other athletic activity.";"4250";"Dinner";"19:00:00";"Roasted Chicken Thigh, meat only, without skin";"3.0000";"thigh, cooked (1.8 oz)";"326";"40";"17";"0";"0";"148";"0";"19";"137";"5"
"Athletic Performance";"Designed for individuals who exercise regularly or participate in sport or other athletic activity.";"4250";"Dinner";"19:00:00";"Skim Milk";"16.0000";"fl.oz (1.1 oz)";"181";"17";"1";"25";"25";"10";"0";"632";"259";"1"
"Athletic Performance";"Designed for individuals who exercise regularly or participate in sport or other athletic activity.";"4250";"Dinner";"19:00:00";"100% Whole Wheat Dinner Rolls";"2.0000";"roll (1.1 oz)";"140";"6";"2";"26";"6";"0";"4";"0";"300";"0"
"Athletic Performance";"Designed for individuals who exercise regularly or participate in sport or other athletic activity.";"4250";"Dinner";"19:00:00";"Broccoli, raw";"1.0000";"cup, chopped (3.2 oz)";"31";"3";"0";"6";"2";"0";"2";"43";"30";"0"
"Athletic Performance";"Designed for individuals who exercise regularly or participate in sport or other athletic activity.";"4250";"Dinner";"19:00:00";"Fresh Mango";"1.0000";"cup, sliced (5.8 oz)";"107";"1";"0";"28";"24";"0";"3";"17";"3";"0"
"Athletic Performance";"Designed for individuals who exercise regularly or participate in sport or other athletic activity.";"4250";"Dinner";"19:00:00";"Sweet Potato, baked in skin";"1.0000";"large (6.3 oz)";"162";"4";"0";"37";"15";"0";"6";"68";"65";"0"
"Athletic Performance";"Designed for individuals who exercise regularly or participate in sport or other athletic activity.";"4250";"Dinner";"19:00:00";"Whipped Butter";"2.0000";"tablespoon (0.3 oz)";"135";"0";"15";"0";"0";"41";"0";"5";"155";"9"
"Athletic Performance";"Designed for individuals who exercise regularly or participate in sport or other athletic activity.";"4250";"Evening Snack";"21:00:00";"Plain Yogurt, Fat-Free";"1.0000";"container (8.0 oz)";"127";"13";"0";"17";"17";"5";"0";"452";"175";"0"
"Athletic Performance";"Designed for individuals who exercise regularly or participate in sport or other athletic activity.";"4250";"Evening Snack";"21:00:00";"Raspberries, fresh";"1.0000";"cup (4.3 oz)";"64";"1";"1";"15";"5";"0";"8";"31";"1";"0"
"Athletic Performance";"Designed for individuals who exercise regularly or participate in sport or other athletic activity.";"4500";"Breakfast";"07:00:00";"Pancakes: Plain, prepared from dry mix";"3.0000";"pancake, 6" dia (2.7 oz)";"448";"12";"6";"85";"0";"28";"3";"291";"1451";"1"
"Athletic Performance";"Designed for individuals who exercise regularly or participate in sport or other athletic activity.";"4500";"Breakfast";"07:00:00";"Whipped Butter";"1.0000";"tablespoon (0.3 oz)";"67";"0";"8";"0";"0";"21";"0";"2";"78";"5"
"Athletic Performance";"Designed for individuals who exercise regularly or participate in sport or other athletic activity.";"4500";"Breakfast";"07:00:00";"Egg (hard-boiled/scrambled/poached)";"2.0000";"large (1.8 oz)";"155";"13";"11";"1";"1";"424";"0";"50";"124";"3"
"Athletic Performance";"Designed for individuals who exercise regularly or participate in sport or other athletic activity.";"4500";"Breakfast";"07:00:00";"Maple Syrup";"2.0000";"tablespoon (0.7 oz)";"104";"0";"0";"27";"24";"0";"0";"27";"4";"0"
"Athletic Performance";"Designed for individuals who exercise regularly or participate in sport or other athletic activity.";"4500";"Breakfast";"07:00:00";"Cantaloupe Melon";"1.0000";"cup, diced (5.5 oz)";"53";"1";"0";"13";"12";"0";"1";"14";"25";"0"
"Athletic Performance";"Designed for individuals who exercise regularly or participate in sport or other athletic activity.";"4500";"Breakfast";"07:00:00";"dotFIT ActiveMV - Multivitamin & Mineral Formula";"1.0000";"1 tablet";"0";"0";"0";"0";"0";"0";"0";"0";"0";"0"
"Athletic Performance";"Designed for individuals who exercise regularly or participate in sport or other athletic activity.";"4500";"Morning Snack";"10:00:00";"Subway Sandwich - Footlong Chicken Breast ";"1.0000";"1";"630";"47";"11";"95";"17";"45";"9";"150";"1660";"4"
"Athletic Performance";"Designed for individuals who exercise regularly or participate in sport or other athletic activity.";"4500";"Morning Snack";"10:00:00";"Gatorade, 20 oz bottle";"1.0000";"1 bottle";"130";"0";"0";"35";"35";"0";"0";"0";"270";"0"
"Athletic Performance";"Designed for individuals who exercise regularly or participate in sport or other athletic activity.";"4500";"Morning Snack";"10:00:00";"Banana";"1.0000";"large, 8" to 8-7/8" long (4.8 oz)";"121";"1";"0";"31";"17";"0";"4";"7";"1";"0"
"Athletic Performance";"Designed for individuals who exercise regularly or participate in sport or other athletic activity.";"4500";"Lunch";"13:00:00";"Crushed Ice";"1.0000";"1 cup";"0";"0";"0";"0";"0";"0";"0";"0";"0";"0"
"Athletic Performance";"Designed for individuals who exercise regularly or participate in sport or other athletic activity.";"4500";"Lunch";"13:00:00";"Skim Milk";"8.0000";"fl.oz (1.1 oz)";"91";"9";"1";"12";"12";"5";"0";"316";"130";"0"
"Athletic Performance";"Designed for individuals who exercise regularly or participate in sport or other athletic activity.";"4500";"Lunch";"13:00:00";"Peanut Butter, smooth";"1.0000";"tablespoon (0.6 oz)";"94";"4";"8";"3";"1";"0";"1";"7";"73";"2"
"Athletic Performance";"Designed for individuals who exercise regularly or participate in sport or other athletic activity.";"4500";"Lunch";"13:00:00";"dotFIT First String - Chocolate";".8000";"2 Scoops (75.1 grams)";"236";"17";"2";"37";"2";"48";"2";"120";"180";"1"
"Athletic Performance";"Designed for individuals who exercise regularly or participate in sport or other athletic activity.";"4500";"Afternoon Snack";"17:00:00";"Water";"2.0000";"8 ounces";"0";"0";"0";"0";"0";"0";"0";"0";"0";"0"
"Athletic Performance";"Designed for individuals who exercise regularly or participate in sport or other athletic activity.";"4500";"Afternoon Snack";"17:00:00";"dotFIT First String - Chocolate";"1.0000";"2 Scoops (75.1 grams)";"295";"21";"3";"46";"2";"60";"3";"150";"225";"1"
"Athletic Performance";"Designed for individuals who exercise regularly or participate in sport or other athletic activity.";"4500";"Dinner";"19:00:00";"Light Sour Cream";"2.0000";"tablespoon (0.5 oz)";"38";"1";"3";"2";"0";"10";"0";"39";"20";"2"
"Athletic Performance";"Designed for individuals who exercise regularly or participate in sport or other athletic activity.";"4500";"Dinner";"19:00:00";"Wild Rice, cooked";"4.0000";"serving, 1/2 cup (2.9 oz)";"331";"13";"1";"70";"2";"0";"6";"10";"10";"0"
"Athletic Performance";"Designed for individuals who exercise regularly or participate in sport or other athletic activity.";"4500";"Dinner";"19:00:00";"Vegetables, Fresh: Potatoes, russet, flesh & skin, baked";"1.0000";"large, 3" to 4-1/4" dia (10.5 oz)";"290";"8";"0";"64";"3";"0";"7";"54";"24";"0"
"Athletic Performance";"Designed for individuals who exercise regularly or participate in sport or other athletic activity.";"4500";"Dinner";"19:00:00";"T-Bone Steak, Lean, broiled";"1.0000";"large, cooked (8.0 oz)";"402";"59";"17";"0";"0";"123";"0";"9";"161";"6"
"Athletic Performance";"Designed for individuals who exercise regularly or participate in sport or other athletic activity.";"4500";"Dinner";"19:00:00";"Fruit Cocktail, Lite (Del Monte)";"2.0000";"serving, 1/2 cup (4.4 oz)";"120";"0";"0";"30";"28";"0";"2";"0";"20";"0"
"Athletic Performance";"Designed for individuals who exercise regularly or participate in sport or other athletic activity.";"4500";"Dinner";"19:00:00";"Green Beans, steamed/boiled";"1.0000";"cup (3.9 oz)";"34";"2";"0";"8";"2";"0";"4";"41";"7";"0"
"Athletic Performance";"Designed for individuals who exercise regularly or participate in sport or other athletic activity.";"4500";"Dinner";"19:00:00";"Whipped Butter";"1.0000";"tablespoon (0.3 oz)";"67";"0";"8";"0";"0";"21";"0";"2";"78";"5"
"Athletic Performance";"Designed for individuals who exercise regularly or participate in sport or other athletic activity.";"4500";"Dinner";"19:00:00";"Skim Milk";"12.0000";"fl.oz (1.1 oz)";"136";"13";"1";"18";"18";"7";"0";"474";"195";"1"
"Athletic Performance";"Designed for individuals who exercise regularly or participate in sport or other athletic activity.";"4500";"Evening Snack";"21:00:00";"Honey Nut Cheerios";"1.0000";"serving, 3/4 cup (1.0 oz)";"110";"3";"2";"22";"9";"0";"2";"100";"190";"0"
"Athletic Performance";"Designed for individuals who exercise regularly or participate in sport or other athletic activity.";"4500";"Evening Snack";"21:00:00";"Skim Milk";"8.0000";"fl.oz (1.1 oz)";"91";"9";"1";"12";"12";"5";"0";"316";"130";"0"
"Athletic Performance";"Designed for individuals who exercise regularly or participate in sport or other athletic activity.";"4750";"Breakfast";"07:00:00";"Blueberries, fresh";"1.0000";"cup (5.1 oz)";"83";"1";"0";"21";"14";"0";"3";"9";"1";"0"
"Athletic Performance";"Designed for individuals who exercise regularly or participate in sport or other athletic activity.";"4750";"Breakfast";"07:00:00";"Whipped Butter";"1.0000";"tablespoon (0.3 oz)";"67";"0";"8";"0";"0";"21";"0";"2";"78";"5"
"Athletic Performance";"Designed for individuals who exercise regularly or participate in sport or other athletic activity.";"4750";"Breakfast";"07:00:00";"Oats/oatmeal, cooked (all types)";"3.0000";"cup (8.3 oz)";"442";"18";"7";"76";"2";"0";"12";"56";"7";"1"
"Athletic Performance";"Designed for individuals who exercise regularly or participate in sport or other athletic activity.";"4750";"Breakfast";"07:00:00";"Pecans";"1.0000";"serving, 20 jumbo halves (1.0 oz)";"196";"3";"20";"4";"1";"0";"3";"20";"0";"2"
"Athletic Performance";"Designed for individuals who exercise regularly or participate in sport or other athletic activity.";"4750";"Breakfast";"07:00:00";"dotFIT ActiveMV - Multivitamin & Mineral Formula";"1.0000";"1 tablet";"0";"0";"0";"0";"0";"0";"0";"0";"0";"0"
"Athletic Performance";"Designed for individuals who exercise regularly or participate in sport or other athletic activity.";"4750";"Breakfast";"07:00:00";"Skim Milk";"12.0000";"fl.oz (1.1 oz)";"136";"13";"1";"18";"18";"7";"0";"474";"195";"1"
"Athletic Performance";"Designed for individuals who exercise regularly or participate in sport or other athletic activity.";"4750";"Breakfast";"07:00:00";"Wheat Bread, toasted (includes wheat berry)";"2.0000";"slice (0.8 oz)";"130";"5";"2";"24";"3";"0";"2";"52";"265";"0"
"Athletic Performance";"Designed for individuals who exercise regularly or participate in sport or other athletic activity.";"4750";"Morning Snack";"10:00:00";"Gatorade, Original Lemon Lime";"1.0000";"bottle (32.5 fl.oz)";"200";"0";"0";"56";"56";"0";"0";"0";"440";"0"
"Athletic Performance";"Designed for individuals who exercise regularly or participate in sport or other athletic activity.";"4750";"Morning Snack";"10:00:00";"Banana";"1.0000";"large, 8" to 8-7/8" long (4.8 oz)";"121";"1";"0";"31";"17";"0";"4";"7";"1";"0"
"Athletic Performance";"Designed for individuals who exercise regularly or participate in sport or other athletic activity.";"4750";"Morning Snack";"10:00:00";"Subway Sandwich - Footlong Chicken Breast ";"1.0000";"1";"630";"47";"11";"95";"17";"45";"9";"150";"1660";"4"
"Athletic Performance";"Designed for individuals who exercise regularly or participate in sport or other athletic activity.";"4750";"Lunch";"13:00:00";"dotFIT First String - Chocolate";".5000";"2 Scoops (75.1 grams)";"148";"11";"2";"23";"1";"30";"1";"75";"113";"1"
"Athletic Performance";"Designed for individuals who exercise regularly or participate in sport or other athletic activity.";"4750";"Lunch";"13:00:00";"Skim Milk";"12.0000";"fl.oz (1.1 oz)";"136";"13";"1";"18";"18";"7";"0";"474";"195";"1"
"Athletic Performance";"Designed for individuals who exercise regularly or participate in sport or other athletic activity.";"4750";"Afternoon Snack";"17:00:00";"Skim Milk";"12.0000";"fl.oz (1.1 oz)";"136";"13";"1";"18";"18";"7";"0";"474";"195";"1"
"Athletic Performance";"Designed for individuals who exercise regularly or participate in sport or other athletic activity.";"4750";"Afternoon Snack";"17:00:00";"dotFIT First String - Chocolate";".5000";"2 Scoops (75.1 grams)";"148";"11";"2";"23";"1";"30";"1";"75";"113";"1"
"Athletic Performance";"Designed for individuals who exercise regularly or participate in sport or other athletic activity.";"4750";"Dinner";"19:00:00";"Light Sour Cream";"2.0000";"tablespoon (0.5 oz)";"38";"1";"3";"2";"0";"10";"0";"39";"20";"2"
"Athletic Performance";"Designed for individuals who exercise regularly or participate in sport or other athletic activity.";"4750";"Dinner";"19:00:00";"Cantaloupe Melon";"1.0000";"cup, diced (5.5 oz)";"53";"1";"0";"13";"12";"0";"1";"14";"25";"0"
"Athletic Performance";"Designed for individuals who exercise regularly or participate in sport or other athletic activity.";"4750";"Dinner";"19:00:00";"Green beans, snap or string, boiled";"1.0000";"cup (4.4 oz)";"44";"2";"0";"10";"2";"0";"4";"55";"1";"0"
"Athletic Performance";"Designed for individuals who exercise regularly or participate in sport or other athletic activity.";"4750";"Dinner";"19:00:00";"Wegmans: Beef: Flank Steak, cooked";"3.0000";"serving (3.0 oz)";"540";"69";"27";"0";"0";"180";"0";"0";"210";"12"
"Athletic Performance";"Designed for individuals who exercise regularly or participate in sport or other athletic activity.";"4750";"Dinner";"19:00:00";"Dinner Roll, plain (includes brown-and-serve)";"2.0000";"roll (1.0 oz)";"168";"5";"4";"28";"1";"1";"2";"67";"292";"1"
"Athletic Performance";"Designed for individuals who exercise regularly or participate in sport or other athletic activity.";"4750";"Dinner";"19:00:00";"Whipped Butter";"2.0000";"tablespoon (0.3 oz)";"135";"0";"15";"0";"0";"41";"0";"5";"155";"9"
"Athletic Performance";"Designed for individuals who exercise regularly or participate in sport or other athletic activity.";"4750";"Dinner";"19:00:00";"Gatorade, Original Lemon Lime";"1.0000";"bottle (32.5 fl.oz)";"200";"0";"0";"56";"56";"0";"0";"0";"440";"0"
"Athletic Performance";"Designed for individuals who exercise regularly or participate in sport or other athletic activity.";"4750";"Dinner";"19:00:00";"Baked Potato";"1.0000";"potato, large, 3" to 4-1/4" dia (10.5 oz)";"278";"7";"0";"63";"4";"0";"7";"45";"730";"0"
"Athletic Performance";"Designed for individuals who exercise regularly or participate in sport or other athletic activity.";"4750";"Evening Snack";"21:00:00";"Bagels, (plain, onion, poppy, sesame)";".5000";"large bagel, 4-1/2" dia (4.6 oz)";"180";"7";"1";"35";"0";"0";"2";"12";"350";"0"
"Athletic Performance";"Designed for individuals who exercise regularly or participate in sport or other athletic activity.";"4750";"Evening Snack";"21:00:00";"Cream Cheese: Regular or Soft";"1.0000";"tablespoon (0.5 oz)";"51";"1";"5";"0";"0";"16";"0";"12";"43";"3"
"Athletic Performance";"Designed for individuals who exercise regularly or participate in sport or other athletic activity.";"5000";"Breakfast";"07:00:00";"Cream Cheese: Regular or Soft";"2.0000";"tablespoon (0.5 oz)";"101";"2";"10";"1";"0";"32";"0";"23";"86";"6"
"Athletic Performance";"Designed for individuals who exercise regularly or participate in sport or other athletic activity.";"5000";"Breakfast";"07:00:00";"Strawberries, fresh";"1.0000";"cup, halves (5.4 oz)";"49";"1";"0";"12";"7";"0";"3";"24";"2";"0"
"Athletic Performance";"Designed for individuals who exercise regularly or participate in sport or other athletic activity.";"5000";"Breakfast";"07:00:00";"Breakfast Cereals, Heart to Heart, Honey Toasted Oat (Kashi)";"2.0000";"serving, 3/4 cup (1.2 oz)";"220";"8";"3";"50";"10";"0";"10";"0";"180";"0"
"Athletic Performance";"Designed for individuals who exercise regularly or participate in sport or other athletic activity.";"5000";"Breakfast";"07:00:00";"Orange Juice, No Pulp (Tropicana)";"12.0000";"fl.oz";"163";"3";"0";"38";"33";"0";"0";"30";"0";"0"
"Athletic Performance";"Designed for individuals who exercise regularly or participate in sport or other athletic activity.";"5000";"Breakfast";"07:00:00";"Bagels, (plain, onion, poppy, sesame)";"1.0000";"large bagel, 4-1/2" dia (4.6 oz)";"360";"14";"2";"70";"0";"0";"3";"24";"700";"0"
"Athletic Performance";"Designed for individuals who exercise regularly or participate in sport or other athletic activity.";"5000";"Breakfast";"07:00:00";"Skim Milk";"12.0000";"fl.oz (1.1 oz)";"136";"13";"1";"18";"18";"7";"0";"474";"195";"1"
"Athletic Performance";"Designed for individuals who exercise regularly or participate in sport or other athletic activity.";"5000";"Breakfast";"07:00:00";"dotFIT ActiveMV - Multivitamin & Mineral Formula";"1.0000";"1 tablet";"0";"0";"0";"0";"0";"0";"0";"0";"0";"0"
"Athletic Performance";"Designed for individuals who exercise regularly or participate in sport or other athletic activity.";"5000";"Morning Snack";"10:00:00";"Subway Sandwich - Footlong Chicken Breast ";"1.0000";"1";"630";"47";"11";"95";"17";"45";"9";"150";"1660";"4"
"Athletic Performance";"Designed for individuals who exercise regularly or participate in sport or other athletic activity.";"5000";"Morning Snack";"10:00:00";"Gatorade, Original Lemon Lime";"1.0000";"bottle (32.5 fl.oz)";"200";"0";"0";"56";"56";"0";"0";"0";"440";"0"
"Athletic Performance";"Designed for individuals who exercise regularly or participate in sport or other athletic activity.";"5000";"Morning Snack";"10:00:00";"Fruit Flavored Yogurt, Fat-Free";"1.0000";"container  (4.4 oz)";"118";"6";"0";"24";"24";"3";"0";"190";"73";"0"
"Athletic Performance";"Designed for individuals who exercise regularly or participate in sport or other athletic activity.";"5000";"Lunch";"13:00:00";"Water";"3.0000";"8 ounces";"0";"0";"0";"0";"0";"0";"0";"0";"0";"0"
"Athletic Performance";"Designed for individuals who exercise regularly or participate in sport or other athletic activity.";"5000";"Lunch";"13:00:00";"dotFIT First String - Chocolate";"1.0000";"2 Scoops (75.1 grams)";"295";"21";"3";"46";"2";"60";"3";"150";"225";"1"
"Athletic Performance";"Designed for individuals who exercise regularly or participate in sport or other athletic activity.";"5000";"Afternoon Snack";"17:00:00";"dotFIT First String - Chocolate";"1.0000";"2 Scoops (75.1 grams)";"295";"21";"3";"46";"2";"60";"3";"150";"225";"1"
"Athletic Performance";"Designed for individuals who exercise regularly or participate in sport or other athletic activity.";"5000";"Afternoon Snack";"17:00:00";"Water";"3.0000";"8 ounces";"0";"0";"0";"0";"0";"0";"0";"0";"0";"0"
"Athletic Performance";"Designed for individuals who exercise regularly or participate in sport or other athletic activity.";"5000";"Dinner";"19:00:00";"Fruit cocktail in light syrup";"2.0000";"serving, 1/2 cup (4.3 oz)";"138";"1";"0";"36";"34";"0";"2";"15";"15";"0"
"Athletic Performance";"Designed for individuals who exercise regularly or participate in sport or other athletic activity.";"5000";"Dinner";"19:00:00";"Wild Rice, cooked";"3.0000";"cup (5.8 oz)";"497";"20";"2";"105";"4";"0";"9";"15";"15";"0"
"Athletic Performance";"Designed for individuals who exercise regularly or participate in sport or other athletic activity.";"5000";"Dinner";"19:00:00";"Gatorade, Original Lemon Lime";"1.0000";"bottle (32.5 fl.oz)";"200";"0";"0";"56";"56";"0";"0";"0";"440";"0"
"Athletic Performance";"Designed for individuals who exercise regularly or participate in sport or other athletic activity.";"5000";"Dinner";"19:00:00";"Roasted Chicken Thigh, meat only, without skin";"4.0000";"thigh, cooked (1.8 oz)";"435";"54";"23";"0";"0";"198";"0";"25";"183";"6"
"Athletic Performance";"Designed for individuals who exercise regularly or participate in sport or other athletic activity.";"5000";"Dinner";"19:00:00";"Classic Mixed Vegetables, boiled or steamed (Birds Eye)";"2.0000";"serving, 2/3 cup (3.0 oz)";"120";"4";"0";"24";"0";"0";"4";"40";"40";"0"
"Athletic Performance";"Designed for individuals who exercise regularly or participate in sport or other athletic activity.";"5000";"Dinner";"19:00:00";"Dinner Roll, plain (includes brown-and-serve)";"2.0000";"roll (1.0 oz)";"168";"5";"4";"28";"1";"1";"2";"67";"292";"1"
"Athletic Performance";"Designed for individuals who exercise regularly or participate in sport or other athletic activity.";"5000";"Dinner";"19:00:00";"Whipped Butter";"2.0000";"tablespoon (0.3 oz)";"135";"0";"15";"0";"0";"41";"0";"5";"155";"9"
"Lactose Free";"Designed for people who are lactose intolerant and must avoid milk-based products.";"1000";"Breakfast";"07:00:00";"Oats/oatmeal, cooked (all types)";"1.0000";"serving, 3/4 cup (6.2 oz)";"110";"5";"2";"19";"0";"0";"3";"14";"2";"0"
"Lactose Free";"Designed for people who are lactose intolerant and must avoid milk-based products.";"1000";"Breakfast";"07:00:00";"Whipped Butter";"1.0000";"tablespoon (0.3 oz)";"67";"0";"8";"0";"0";"21";"0";"2";"78";"5"
"Lactose Free";"Designed for people who are lactose intolerant and must avoid milk-based products.";"1000";"Lunch";"13:00:00";"Onions, all types, raw/cooked";"1.0000";"tablespoon, chopped (0.4 oz)";"4";"0";"0";"1";"0";"0";"0";"2";"0";"0"
"Lactose Free";"Designed for people who are lactose intolerant and must avoid milk-based products.";"1000";"Lunch";"13:00:00";"Peppers, bell or sweet, raw";".2500";"cup, chopped (5.3 oz)";"10";"0";"0";"2";"2";"0";"1";"3";"1";"0"
"Lactose Free";"Designed for people who are lactose intolerant and must avoid milk-based products.";"1000";"Lunch";"13:00:00";"Chicken Breast, meat only, grilled/roasted/baked";"4.0000";"oz";"187";"35";"4";"0";"0";"96";"0";"17";"84";"1"
"Lactose Free";"Designed for people who are lactose intolerant and must avoid milk-based products.";"1000";"Lunch";"13:00:00";"Couscous: Cooked";"1.0000";"serving, yield from 1 oz dry (3.0 oz)";"96";"3";"0";"20";"0";"0";"1";"7";"4";"0"
"Lactose Free";"Designed for people who are lactose intolerant and must avoid milk-based products.";"1000";"Lunch";"13:00:00";"Herbs & Spices: Basil, fresh";"1.0000";"serving, 2 tablespoon (0.2 oz)";"1";"0";"0";"0";"0";"0";"0";"8";"0";"0"
"Lactose Free";"Designed for people who are lactose intolerant and must avoid milk-based products.";"1000";"Lunch";"13:00:00";"Tomato, fresh";".3000";"cup, chopped or sliced (6.3 oz)";"10";"0";"0";"2";"1";"0";"1";"5";"3";"0"
"Lactose Free";"Designed for people who are lactose intolerant and must avoid milk-based products.";"1000";"Lunch";"13:00:00";"Olive oil";"1.0000";"teaspoon (0.2 oz)";"40";"0";"5";"0";"0";"0";"0";"0";"0";"1"
"Lactose Free";"Designed for people who are lactose intolerant and must avoid milk-based products.";"1000";"Afternoon Snack";"17:00:00";"Banana";"1.0000";"medium, 7" to 7-7/8" long (4.2 oz)";"105";"1";"0";"27";"14";"0";"3";"6";"1";"0"
"Lactose Free";"Designed for people who are lactose intolerant and must avoid milk-based products.";"1000";"Dinner";"19:00:00";"Wild Rice, cooked";"1.0000";"serving, 1/2 cup (2.9 oz)";"83";"3";"0";"17";"1";"0";"1";"2";"2";"0"
"Lactose Free";"Designed for people who are lactose intolerant and must avoid milk-based products.";"1000";"Dinner";"19:00:00";"Salmon, Atlantic, cooked";"5.0000";"oz";"292";"31";"18";"0";"0";"89";"0";"21";"86";"4"
"Lactose Free";"Designed for people who are lactose intolerant and must avoid milk-based products.";"1000";"Dinner";"19:00:00";"Asparagus, boiled, drained";"1.0000";"serving, 4 spears, 1/2" base (2.1 oz)";"13";"1";"0";"2";"1";"0";"1";"14";"8";"0"
"Lactose Free";"Designed for people who are lactose intolerant and must avoid milk-based products.";"1250";"Breakfast";"07:00:00";"Banana";"1.0000";"medium, 7" to 7-7/8" long (4.2 oz)";"105";"1";"0";"27";"14";"0";"3";"6";"1";"0"
"Lactose Free";"Designed for people who are lactose intolerant and must avoid milk-based products.";"1250";"Breakfast";"07:00:00";"Raisin Bran (Total)";"1.0000";"cup (1.9 oz)";"170";"3";"1";"42";"19";"0";"5";"1000";"240";"0"
"Lactose Free";"Designed for people who are lactose intolerant and must avoid milk-based products.";"1250";"Breakfast";"07:00:00";"Soy Drinks: Plain, Low-Fat (WestSoy)";".5000";"cup";"45";"2";"1";"7";"4";"0";"1";"100";"45";"0"
"Lactose Free";"Designed for people who are lactose intolerant and must avoid milk-based products.";"1250";"Lunch";"13:00:00";"Peas, snow or sugar snap, raw";"1.0000";"serving, 10 pea pods (1.2 oz)";"14";"1";"0";"3";"1";"0";"1";"15";"1";"0"
"Lactose Free";"Designed for people who are lactose intolerant and must avoid milk-based products.";"1250";"Lunch";"13:00:00";"Baby Carrots";"10.0000";"medium (0.4 oz)";"35";"1";"0";"8";"5";"0";"2";"32";"78";"0"
"Lactose Free";"Designed for people who are lactose intolerant and must avoid milk-based products.";"1250";"Lunch";"13:00:00";"Romaine Lettuce";"2.0000";"cup, shredded (1.7 oz)";"16";"1";"0";"3";"1";"0";"2";"31";"8";"0"
"Lactose Free";"Designed for people who are lactose intolerant and must avoid milk-based products.";"1250";"Lunch";"13:00:00";"Mustard, Dijon (Grey Poupon)";"1.0000";"serving (0.2 oz)";"5";"0";"0";"1";"0";"0";"0";"0";"120";"0"
"Lactose Free";"Designed for people who are lactose intolerant and must avoid milk-based products.";"1250";"Lunch";"13:00:00";"Tomato, fresh";"2.0000";"slice, thin/small (0.5 oz)";"5";"0";"0";"1";"1";"0";"0";"3";"2";"0"
"Lactose Free";"Designed for people who are lactose intolerant and must avoid milk-based products.";"1250";"Lunch";"13:00:00";"100% Whole Wheat Bread (Orowheat)";"2.0000";"slice (1.3 oz)";"200";"8";"2";"38";"8";"0";"6";"120";"420";"0"
"Lactose Free";"Designed for people who are lactose intolerant and must avoid milk-based products.";"1250";"Lunch";"13:00:00";"Soy Cheese , Cheddar (Trader Joe's)";"2.0000";"slice (0.7 oz)";"90";"6";"4";"6";"0";"0";"0";"300";"360";"0"
"Lactose Free";"Designed for people who are lactose intolerant and must avoid milk-based products.";"1250";"Afternoon Snack";"17:00:00";"Apple";".5000";"medium, 2-3/4" dia, approx 3 per lb (4.9 oz)";"36";"0";"0";"10";"7";"0";"2";"4";"1";"0"
"Lactose Free";"Designed for people who are lactose intolerant and must avoid milk-based products.";"1250";"Afternoon Snack";"17:00:00";"Wheat Thins, Reduced-Fat (Nabisco)";"1.0000";"serving, 16 crackers (1.0 oz)";"130";"3";"4";"21";"3";"0";"1";"20";"260";"1"
"Lactose Free";"Designed for people who are lactose intolerant and must avoid milk-based products.";"1250";"Dinner";"19:00:00";"Onions, all types, raw/cooked";"1.0000";"tablespoon, chopped (0.4 oz)";"4";"0";"0";"1";"0";"0";"0";"2";"0";"0"
"Lactose Free";"Designed for people who are lactose intolerant and must avoid milk-based products.";"1250";"Dinner";"19:00:00";"Garlic, raw";"1.0000";"teaspoon (0.1 oz)";"4";"0";"0";"1";"0";"0";"0";"5";"0";"0"
"Lactose Free";"Designed for people who are lactose intolerant and must avoid milk-based products.";"1250";"Dinner";"19:00:00";"Extra Virgin Olive Oil";".6600";"tablespoon (0.5 fl.oz)";"79";"0";"9";"0";"0";"0";"0";"0";"0";"1"
"Lactose Free";"Designed for people who are lactose intolerant and must avoid milk-based products.";"1250";"Dinner";"19:00:00";"Chicken Breast, meat only, grilled/roasted/baked";".5000";"cup, chopped or diced (4.9 oz)";"116";"22";"2";"0";"0";"60";"0";"11";"52";"1"
"Lactose Free";"Designed for people who are lactose intolerant and must avoid milk-based products.";"1250";"Dinner";"19:00:00";"Asparagus, boiled, drained";"1.0000";"serving, 1/2 cup (3.2 oz)";"20";"2";"0";"4";"1";"0";"2";"21";"13";"0"
"Lactose Free";"Designed for people who are lactose intolerant and must avoid milk-based products.";"1250";"Dinner";"19:00:00";"Whole Wheat Pasta, cooked";"1.0000";"cup, elbow shaped (4.9 oz)";"174";"7";"1";"37";"1";"0";"4";"21";"4";"0"
"Lactose Free";"Designed for people who are lactose intolerant and must avoid milk-based products.";"1250";"Dinner";"19:00:00";"Tomato, fresh";".5000";"cup, chopped or sliced (6.3 oz)";"16";"1";"0";"4";"2";"0";"1";"9";"5";"0"
"Lactose Free";"Designed for people who are lactose intolerant and must avoid milk-based products.";"1500";"Breakfast";"07:00:00";"Rice Dream, Original";"1.0000";"cup (8.1 fl.oz)";"120";"1";"3";"24";"11";"0";"0";"20";"100";"0"
"Lactose Free";"Designed for people who are lactose intolerant and must avoid milk-based products.";"1500";"Breakfast";"07:00:00";"Shredded Wheat Frosted, Spoon Size";"1.0000";"serving, 1/10 package (1.8 oz)";"180";"4";"1";"43";"12";"0";"5";"0";"0";"0"
"Lactose Free";"Designed for people who are lactose intolerant and must avoid milk-based products.";"1500";"Breakfast";"07:00:00";"Orange Juice (prepared)";"1.0000";"cup (8.0 fl.oz)";"110";"2";"0";"26";"22";"0";"0";"350";"0";"0"
"Lactose Free";"Designed for people who are lactose intolerant and must avoid milk-based products.";"1500";"Morning Snack";"10:00:00";"Strawberries, fresh";"1.0000";"cup, halves (5.4 oz)";"49";"1";"0";"12";"7";"0";"3";"24";"2";"0"
"Lactose Free";"Designed for people who are lactose intolerant and must avoid milk-based products.";"1500";"Lunch";"13:00:00";"Wheat Tortilla, Low Fat ";"2.0000";"tortilla (1.3 oz)";"120";"14";"5";"16";"0";"0";"12";"160";"300";"0"
"Lactose Free";"Designed for people who are lactose intolerant and must avoid milk-based products.";"1500";"Lunch";"13:00:00";"Tomato, fresh";".2500";"cup, chopped or sliced (6.3 oz)";"8";"0";"0";"2";"1";"0";"1";"5";"2";"0"
"Lactose Free";"Designed for people who are lactose intolerant and must avoid milk-based products.";"1500";"Lunch";"13:00:00";"Fresh Avocado";"1.0000";"oz";"47";"1";"4";"2";"0";"0";"2";"4";"2";"1"
"Lactose Free";"Designed for people who are lactose intolerant and must avoid milk-based products.";"1500";"Lunch";"13:00:00";"Cantaloupe Melon";"1.0000";"cup, diced (5.5 oz)";"53";"1";"0";"13";"12";"0";"1";"14";"25";"0"
"Lactose Free";"Designed for people who are lactose intolerant and must avoid milk-based products.";"1500";"Lunch";"13:00:00";"Soy Cheese, Three Cheese Blend, shredded (Trader Joe's)";"1.0000";"serving (1.0 oz)";"70";"7";"4";"2";"0";"0";"1";"250";"190";"0"
"Lactose Free";"Designed for people who are lactose intolerant and must avoid milk-based products.";"1500";"Lunch";"13:00:00";"Iceberg Lettuce";".5000";"cup, shredded or chopped (1.9 oz)";"4";"0";"0";"1";"0";"0";"0";"5";"3";"0"
"Lactose Free";"Designed for people who are lactose intolerant and must avoid milk-based products.";"1500";"Lunch";"13:00:00";"Onions, all types, raw/cooked";"2.0000";"tablespoon, chopped (0.4 oz)";"8";"0";"0";"2";"1";"0";"0";"4";"1";"0"
"Lactose Free";"Designed for people who are lactose intolerant and must avoid milk-based products.";"1500";"Lunch";"13:00:00";"Olive Oil & Garlic Pasta Sauce (Bertolli)";"1.0000";"serving, 1/2 cup (4.5 oz)";"90";"3";"3";"14";"9";"0";"3";"40";"500";"0"
"Lactose Free";"Designed for people who are lactose intolerant and must avoid milk-based products.";"1500";"Lunch";"13:00:00";"Extra Virgin Olive Oil";"1.0000";"tablespoon (0.5 fl.oz)";"120";"0";"14";"0";"0";"0";"0";"0";"0";"2"
"Lactose Free";"Designed for people who are lactose intolerant and must avoid milk-based products.";"1500";"Afternoon Snack";"17:00:00";"Cookies: Gingerbread Spice (Enjoy Life foods)";"2.0000";"serving, 2 cookies (1.0 oz)";"240";"2";"8";"38";"20";"0";"4";"40";"240";"0"
"Lactose Free";"Designed for people who are lactose intolerant and must avoid milk-based products.";"1500";"Dinner";"19:00:00";"Lemons, raw, no peel";"1.0000";"wedge or slice, 1/8 of one 2-1/8" dia lemon (0.2 oz)";"2";"0";"0";"1";"0";"0";"0";"2";"0";"0"
"Lactose Free";"Designed for people who are lactose intolerant and must avoid milk-based products.";"1500";"Dinner";"19:00:00";"Margarine";".5000";"tablespoon (0.5 oz)";"50";"0";"6";"0";"0";"0";"0";"0";"60";"2"
"Lactose Free";"Designed for people who are lactose intolerant and must avoid milk-based products.";"1500";"Dinner";"19:00:00";"Green beans, snap or string, boiled";"1.0000";"cup (4.4 oz)";"44";"2";"0";"10";"2";"0";"4";"55";"1";"0"
"Lactose Free";"Designed for people who are lactose intolerant and must avoid milk-based products.";"1500";"Dinner";"19:00:00";"Brown rice, medium-grain, cooked";"1.0000";"serving, 1/2 cup (3.4 oz)";"109";"2";"1";"23";"0";"0";"2";"10";"1";"0"
"Lactose Free";"Designed for people who are lactose intolerant and must avoid milk-based products.";"1500";"Dinner";"19:00:00";"Shrimp or Prawn, cooked";"1.0000";"serving (3.0 oz)";"84";"18";"1";"0";"0";"166";"0";"33";"190";"0"
"Lactose Free";"Designed for people who are lactose intolerant and must avoid milk-based products.";"1750";"Breakfast";"07:00:00";"Grapefruit Juice, Ruby Red";"1.0000";"cup (8.1 fl.oz)";"90";"1";"0";"22";"20";"0";"0";"350";"0";"0"
"Lactose Free";"Designed for people who are lactose intolerant and must avoid milk-based products.";"1750";"Breakfast";"07:00:00";"Turkey Bacon, Regular (Jennie-O)";"1.0000";"serving (0.5 oz)";"35";"2";"3";"0";"0";"10";"0";"0";"170";"1"
"Lactose Free";"Designed for people who are lactose intolerant and must avoid milk-based products.";"1750";"Breakfast";"07:00:00";"Wheat Bread: 100% Whole Wheat (Sara Lee)";"1.0000";"slice (1.1 oz)";"80";"4";"1";"15";"3";"0";"2";"80";"150";"0"
"Lactose Free";"Designed for people who are lactose intolerant and must avoid milk-based products.";"1750";"Breakfast";"07:00:00";"Jams: Seedless Blackberry (Polaner)";"1.0000";"tablespoon (0.6 oz)";"40";"0";"0";"10";"9";"0";"0";"0";"0";"0"
"Lactose Free";"Designed for people who are lactose intolerant and must avoid milk-based products.";"1750";"Breakfast";"07:00:00";"Butter & Margarine, unsalted";".5000";"tablespoon (0.5 oz)";"50";"0";"6";"0";"0";"6";"0";"2";"2";"2"
"Lactose Free";"Designed for people who are lactose intolerant and must avoid milk-based products.";"1750";"Breakfast";"07:00:00";"Egg, scrambled/boiled/poached ";"2.0000";"large (1.6 oz)";"180";"13";"14";"1";"1";"420";"0";"54";"191";"4"
"Lactose Free";"Designed for people who are lactose intolerant and must avoid milk-based products.";"1750";"Morning Snack";"10:00:00";"Orange";".5000";"small, 2-3/8" dia (3.4 oz)";"23";"0";"0";"6";"4";"0";"1";"19";"0";"0"
"Lactose Free";"Designed for people who are lactose intolerant and must avoid milk-based products.";"1750";"Lunch";"13:00:00";"Honeydew Melon";".5000";"cup, balls (6.2 oz)";"32";"0";"0";"8";"7";"0";"1";"5";"16";"0"
"Lactose Free";"Designed for people who are lactose intolerant and must avoid milk-based products.";"1750";"Lunch";"13:00:00";"Iceberg Lettuce";"1.0000";"leaf, medium (0.3 oz)";"1";"0";"0";"0";"0";"0";"0";"1";"1";"0"
"Lactose Free";"Designed for people who are lactose intolerant and must avoid milk-based products.";"1750";"Lunch";"13:00:00";"Teriyaki sauce";"1.0000";"tablespoon (0.6 oz)";"15";"1";"0";"3";"2";"0";"0";"5";"690";"0"
"Lactose Free";"Designed for people who are lactose intolerant and must avoid milk-based products.";"1750";"Lunch";"13:00:00";"Baked Potato Chips (Lay's)";"1.0000";"serving, 11 crisps (1.0 oz)";"110";"2";"2";"23";"2";"0";"2";"40";"180";"0"
"Lactose Free";"Designed for people who are lactose intolerant and must avoid milk-based products.";"1750";"Lunch";"13:00:00";"Tomato, fresh";"1.0000";"slice, thin/small (0.5 oz)";"3";"0";"0";"1";"0";"0";"0";"2";"1";"0"
"Lactose Free";"Designed for people who are lactose intolerant and must avoid milk-based products.";"1750";"Lunch";"13:00:00";"Hamburger Bun, 100% Whole Wheat (Pepperidge Farm)";"1.0000";"bun";"120";"6";"2";"18";"3";"0";"2";"40";"190";"0"
"Lactose Free";"Designed for people who are lactose intolerant and must avoid milk-based products.";"1750";"Lunch";"13:00:00";"Chicken Breast, Teriyaki, boneless skinless (Foster Farms)";"1.0000";"serving, 1/2 fillet (3.6 oz)";"120";"21";"2";"7";"2";"35";"0";"0";"410";"0"
"Lactose Free";"Designed for people who are lactose intolerant and must avoid milk-based products.";"1750";"Lunch";"13:00:00";"Pineapple, canned in juice";"1.0000";"slice or ring, 3" dia with liquid (1.7 oz)";"28";"0";"0";"7";"7";"0";"0";"7";"0";"0"
"Lactose Free";"Designed for people who are lactose intolerant and must avoid milk-based products.";"1750";"Lunch";"13:00:00";"Cantaloupe Melon";".5000";"cup, cubes (5.6 oz)";"27";"1";"0";"7";"6";"0";"1";"7";"13";"0"
"Lactose Free";"Designed for people who are lactose intolerant and must avoid milk-based products.";"1750";"Lunch";"13:00:00";"Mayonnaise: Reduced-Fat Light";"1.0000";"tablespoon (0.5 oz)";"49";"0";"5";"1";"1";"5";"0";"1";"101";"1"
"Lactose Free";"Designed for people who are lactose intolerant and must avoid milk-based products.";"1750";"Afternoon Snack";"17:00:00";"Soy Yogurt, Vanilla (Silk)";"8.0000";"oz";"187";"5";"3";"33";"24";"0";"1";"400";"27";"0"
"Lactose Free";"Designed for people who are lactose intolerant and must avoid milk-based products.";"1750";"Afternoon Snack";"17:00:00";"Blueberries, fresh";"1.0000";"serving, 50 berries (2.4 oz)";"39";"1";"0";"10";"7";"0";"2";"4";"1";"0"
"Lactose Free";"Designed for people who are lactose intolerant and must avoid milk-based products.";"1750";"Dinner";"19:00:00";"Onions, all types, raw/cooked";"1.0000";"tablespoon, chopped (0.4 oz)";"4";"0";"0";"1";"0";"0";"0";"2";"0";"0"
"Lactose Free";"Designed for people who are lactose intolerant and must avoid milk-based products.";"1750";"Dinner";"19:00:00";"Soymilk, Plain";"1.0000";"cup (8.0 fl.oz)";"100";"7";"4";"8";"6";"0";"1";"300";"120";"1"
"Lactose Free";"Designed for people who are lactose intolerant and must avoid milk-based products.";"1750";"Dinner";"19:00:00";"Potato Wedges, Rosemary & Garlic (Simply Potatoes)";"2.0000";"serving, 1/2 cup (4.2 oz)";"160";"4";"0";"32";"6";"0";"6";"40";"720";"0"
"Lactose Free";"Designed for people who are lactose intolerant and must avoid milk-based products.";"1750";"Dinner";"19:00:00";"Broccoli, raw";"2.0000";"serving, 3 florets (2.5 oz)";"48";"4";"1";"9";"2";"0";"4";"67";"47";"0"
"Lactose Free";"Designed for people who are lactose intolerant and must avoid milk-based products.";"1750";"Dinner";"19:00:00";"Pork:  tenderloin, roasted";"1.0000";"serving (3.0 oz)";"147";"24";"5";"0";"0";"67";"0";"5";"47";"2"
"Lactose Free";"Designed for people who are lactose intolerant and must avoid milk-based products.";"1750";"Dinner";"19:00:00";"Apple";".2500";"cup, quartered or chopped (4.4 oz)";"16";"0";"0";"4";"3";"0";"1";"2";"0";"0"
"Lactose Free";"Designed for people who are lactose intolerant and must avoid milk-based products.";"1750";"Dinner";"19:00:00";"Extra Virgin Olive Oil";".5000";"tablespoon (0.5 fl.oz)";"60";"0";"7";"0";"0";"0";"0";"0";"0";"1"
"Lactose Free";"Designed for people who are lactose intolerant and must avoid milk-based products.";"2000";"Breakfast";"07:00:00";"Oats/oatmeal, cooked (all types)";"1.0000";"serving, 3/4 cup (6.2 oz)";"110";"5";"2";"19";"0";"0";"3";"14";"2";"0"
"Lactose Free";"Designed for people who are lactose intolerant and must avoid milk-based products.";"2000";"Breakfast";"07:00:00";"Vanilla Soymilk";"1.0000";"cup (8.0 fl.oz)";"100";"6";"4";"10";"7";"0";"1";"300";"95";"1"
"Lactose Free";"Designed for people who are lactose intolerant and must avoid milk-based products.";"2000";"Breakfast";"07:00:00";"Fresh Avocado";".5000";"oz";"24";"0";"2";"1";"0";"0";"1";"2";"1";"0"
"Lactose Free";"Designed for people who are lactose intolerant and must avoid milk-based products.";"2000";"Breakfast";"07:00:00";"Strawberries, fresh";".5000";"cup, halves (5.4 oz)";"24";"1";"0";"6";"4";"0";"2";"12";"1";"0"
"Lactose Free";"Designed for people who are lactose intolerant and must avoid milk-based products.";"2000";"Morning Snack";"10:00:00";"Apple Sauce Cups ";"1.0000";"cup (3.9 oz)";"50";"0";"0";"13";"11";"0";"1";"0";"0";"0"
"Lactose Free";"Designed for people who are lactose intolerant and must avoid milk-based products.";"2000";"Lunch";"13:00:00";"Tomato, fresh";"3.0000";"cherry (0.6 oz)";"9";"0";"0";"2";"1";"0";"1";"5";"3";"0"
"Lactose Free";"Designed for people who are lactose intolerant and must avoid milk-based products.";"2000";"Lunch";"13:00:00";"Salsa,  Chunky (Pace)";"1.0000";"serving, 2 tablespoons";"10";"0";"0";"2";"2";"0";"1";"0";"230";"0"
"Lactose Free";"Designed for people who are lactose intolerant and must avoid milk-based products.";"2000";"Lunch";"13:00:00";"Soy Cheese, Three Cheese Blend, shredded (Trader Joe's)";"1.0000";"serving (1.0 oz)";"70";"7";"4";"2";"0";"0";"1";"250";"190";"0"
"Lactose Free";"Designed for people who are lactose intolerant and must avoid milk-based products.";"2000";"Lunch";"13:00:00";"Carrots, raw";".2500";"cup, grated (3.9 oz)";"11";"0";"0";"3";"1";"0";"1";"9";"19";"0"
"Lactose Free";"Designed for people who are lactose intolerant and must avoid milk-based products.";"2000";"Lunch";"13:00:00";"Cucumber, peeled, raw";"4.0000";"slice (0.2 oz)";"3";"0";"0";"1";"0";"0";"0";"4";"1";"0"
"Lactose Free";"Designed for people who are lactose intolerant and must avoid milk-based products.";"2000";"Lunch";"13:00:00";"Romaine Lettuce";"2.0000";"cup, shredded (1.7 oz)";"16";"1";"0";"3";"1";"0";"2";"31";"8";"0"
"Lactose Free";"Designed for people who are lactose intolerant and must avoid milk-based products.";"2000";"Lunch";"13:00:00";"Onions, all types, raw/cooked";"1.0000";"tablespoon, chopped (0.4 oz)";"4";"0";"0";"1";"0";"0";"0";"2";"0";"0"
"Lactose Free";"Designed for people who are lactose intolerant and must avoid milk-based products.";"2000";"Lunch";"13:00:00";"Peppers, bell or sweet, red, sauteed";"1.0000";"quantity (3.5 oz)";"145";"1";"13";"7";"4";"0";"2";"7";"21";"2"
"Lactose Free";"Designed for people who are lactose intolerant and must avoid milk-based products.";"2000";"Lunch";"13:00:00";"Baked Potato";"1.0000";"potato, medium, 2-1/4" to 3-1/4" dia (6.1 oz)";"161";"4";"0";"37";"2";"0";"4";"26";"422";"0"
"Lactose Free";"Designed for people who are lactose intolerant and must avoid milk-based products.";"2000";"Lunch";"13:00:00";"Salad Dressing: Rich Santa Fe Blend (Brianna's)";"1.0000";"serving, 2 tablespoons (1.0 fl.oz)";"25";"0";"0";"5";"4";"0";"0";"0";"480";"0"
"Lactose Free";"Designed for people who are lactose intolerant and must avoid milk-based products.";"2000";"Lunch";"13:00:00";"Chicken Breast, meat only, grilled/roasted/baked";".5000";"cup, chopped or diced (4.9 oz)";"116";"22";"2";"0";"0";"60";"0";"11";"52";"1"
"Lactose Free";"Designed for people who are lactose intolerant and must avoid milk-based products.";"2000";"Lunch";"13:00:00";"Croutons, Seasoned";"1.0000";"serving, 4 cubes (0.0 oz)";"5";"0";"0";"1";"0";"0";"0";"1";"12";"0"
"Lactose Free";"Designed for people who are lactose intolerant and must avoid milk-based products.";"2000";"Afternoon Snack";"17:00:00";"Microwave Popcorn, Natural, popped ";"1.0000";"serving, 3 1/2 cups (1.1 oz)";"130";"2";"5";"18";"0";"0";"3";"0";"200";"2"
"Lactose Free";"Designed for people who are lactose intolerant and must avoid milk-based products.";"2000";"Dinner";"19:00:00";"Garlic Bread (Pepperidge Farm)";"1.0000";"slice, 2 1/2 inch (1.4 oz)";"170";"4";"7";"24";"2";"0";"2";"0";"250";"2"
"Lactose Free";"Designed for people who are lactose intolerant and must avoid milk-based products.";"2000";"Dinner";"19:00:00";"Spaghetti, cooked";"1.5000";"cup, spaghetti (5.0 oz)";"337";"12";"2";"66";"1";"0";"4";"15";"2";"0"
"Lactose Free";"Designed for people who are lactose intolerant and must avoid milk-based products.";"2000";"Dinner";"19:00:00";"Asparagus, boiled, drained";"2.0000";"serving, 4 spears, 1/2" base (2.1 oz)";"26";"3";"0";"5";"2";"0";"2";"28";"17";"0"
"Lactose Free";"Designed for people who are lactose intolerant and must avoid milk-based products.";"2000";"Dinner";"19:00:00";"Turkey: Meatballs (Foster Farms)";"1.5000";"serving, 3 meatballs (3.0 oz)";"225";"23";"11";"12";"1";"60";"0";"90";"690";"0"
"Lactose Free";"Designed for people who are lactose intolerant and must avoid milk-based products.";"2000";"Dinner";"19:00:00";"Milk: 100% Lactose Free, Low-Fat (Lactaid)";"1.0000";"cup (8.1 fl.oz)";"110";"8";"3";"13";"12";"10";"0";"300";"125";"2"
"Lactose Free";"Designed for people who are lactose intolerant and must avoid milk-based products.";"2000";"Dinner";"19:00:00";"Pasta Sauces: Tomato & Roasted Garlic (Newman's Own)";"1.5000";"serving, 1/2 cup (4.4 oz)";"105";"3";"4";"17";"14";"0";"1";"0";"870";"0"
"Lactose Free";"Designed for people who are lactose intolerant and must avoid milk-based products.";"2250";"Breakfast";"07:00:00";"Grapefruit, all types, raw";"1.0000";"serving, 1/2 medium, approx 4" dia (4.5 oz)";"41";"1";"0";"10";"9";"0";"1";"15";"0";"0"
"Lactose Free";"Designed for people who are lactose intolerant and must avoid milk-based products.";"2250";"Breakfast";"07:00:00";"Rice Dream, Original";"1.0000";"cup (8.1 fl.oz)";"120";"1";"3";"24";"11";"0";"0";"20";"100";"0"
"Lactose Free";"Designed for people who are lactose intolerant and must avoid milk-based products.";"2250";"Breakfast";"07:00:00";"Splenda: No Calorie Sweetener, Granular";".5000";"teaspoon (0.0 oz)";"1";"0";"0";"0";"0";"0";"0";"0";"0";"0"
"Lactose Free";"Designed for people who are lactose intolerant and must avoid milk-based products.";"2250";"Breakfast";"07:00:00";"Whipped, Butter Cream";"1.0000";"serving, 2 tablespoons (0.8 oz)";"100";"0";"5";"15";"14";"0";"0";"0";"25";"2"
"Lactose Free";"Designed for people who are lactose intolerant and must avoid milk-based products.";"2250";"Breakfast";"07:00:00";"Poached Egg, cooked";"2.0000";"large (1.8 oz) (1.8 oz)";"147";"13";"10";"1";"1";"422";"0";"5";"294";"3"
"Lactose Free";"Designed for people who are lactose intolerant and must avoid milk-based products.";"2250";"Breakfast";"07:00:00";"English Muffin, Original Wheat w. Honey";"1.0000";"muffin (2.3 oz)";"140";"6";"1";"28";"3";"0";"2";"150";"250";"1"
"Lactose Free";"Designed for people who are lactose intolerant and must avoid milk-based products.";"2250";"Morning Snack";"10:00:00";"Granola Bars: Crunchy, Roasted Almond (Nature's Valley)";"1.0000";"bar (0.7 oz)";"90";"2";"4";"14";"6";"0";"1";"0";"90";"1"
"Lactose Free";"Designed for people who are lactose intolerant and must avoid milk-based products.";"2250";"Lunch";"13:00:00";"Rice Dream: Chocolate";"1.0000";"cup (8.1 fl.oz)";"160";"2";"3";"34";"28";"0";"1";"300";"90";"0"
"Lactose Free";"Designed for people who are lactose intolerant and must avoid milk-based products.";"2250";"Lunch";"13:00:00";"Frozen Meals: Vegan Pad Thai w. Tofu (Trader Joe's)";"1.0000";"bowl (11.0 oz)";"600";"18";"7";"114";"23";"0";"3";"40";"840";"2"
"Lactose Free";"Designed for people who are lactose intolerant and must avoid milk-based products.";"2250";"Lunch";"13:00:00";"Frozen Meal: Vegetarian Meal, Spring Rolls, Vegetable, Vegan";"1.0000";"serving, 2 spring rolls (1.6 oz)";"70";"2";"2";"10";"0";"0";"5";"20";"200";"1"
"Lactose Free";"Designed for people who are lactose intolerant and must avoid milk-based products.";"2250";"Afternoon Snack";"17:00:00";"Apple Sauce Cups, Peach Medley ";"1.0000";"container (3.9 oz)";"50";"0";"0";"13";"11";"0";"1";"0";"0";"0"
"Lactose Free";"Designed for people who are lactose intolerant and must avoid milk-based products.";"2250";"Afternoon Snack";"17:00:00";"Pretzels: Bavarian Sour Dough (Newman's Own Organics)";"2.0000";"pretzel (1.1 oz)";"180";"4";"0";"38";"2";"0";"2";"0";"800";"0"
"Lactose Free";"Designed for people who are lactose intolerant and must avoid milk-based products.";"2250";"Dinner";"19:00:00";"Arugula (rocket, roquette), raw";"4.0000";"serving, 1/2 cup (0.4 oz)";"10";"1";"0";"1";"1";"0";"1";"64";"11";"0"
"Lactose Free";"Designed for people who are lactose intolerant and must avoid milk-based products.";"2250";"Dinner";"19:00:00";"Beets, boiled, drained";"1.0000";"serving, 1/2 cup slices (3.0 oz)";"37";"1";"0";"8";"7";"0";"2";"14";"65";"0"
"Lactose Free";"Designed for people who are lactose intolerant and must avoid milk-based products.";"2250";"Dinner";"19:00:00";"Pumpkin seeds";"1.0000";"quantity (1.0 oz)";"148";"9";"12";"4";"0";"0";"1";"12";"5";"2"
"Lactose Free";"Designed for people who are lactose intolerant and must avoid milk-based products.";"2250";"Dinner";"19:00:00";"Salad Dressing: Lively Lemon Tarragon ";"1.0000";"serving, 2 tablespoons (1.0 fl.oz)";"35";"0";"0";"8";"8";"0";"0";"0";"150";"0"
"Lactose Free";"Designed for people who are lactose intolerant and must avoid milk-based products.";"2250";"Dinner";"19:00:00";"Chicken Breast, meat only, grilled/roasted/baked";"1.0000";"serving, 1/2 breast (3.0 oz)";"142";"27";"3";"0";"0";"73";"0";"13";"64";"1"
"Lactose Free";"Designed for people who are lactose intolerant and must avoid milk-based products.";"2250";"Dinner";"19:00:00";"Couscous: uncooked";"1.0000";"serving, 1/4 cup (1.6 oz)";"170";"7";"5";"37";"1";"0";"6";"20";"0";"1"
"Lactose Free";"Designed for people who are lactose intolerant and must avoid milk-based products.";"2500";"Breakfast";"07:00:00";"Boca Burger: Vegetarian Meals: Meatless Products, Breakfast Links";"2.0000";"serving, 2 links (1.6 oz)";"140";"16";"6";"10";"4";"0";"4";"40";"660";"1"
"Lactose Free";"Designed for people who are lactose intolerant and must avoid milk-based products.";"2500";"Breakfast";"07:00:00";"Orange Juice ";"1.0000";"cup (8.1 fl.oz)";"110";"2";"0";"26";"22";"0";"0";"350";"0";"0"
"Lactose Free";"Designed for people who are lactose intolerant and must avoid milk-based products.";"2500";"Breakfast";"07:00:00";"Cantaloupe Melons, raw";"1.0000";"cup, diced (5.5 oz)";"53";"1";"0";"14";"12";"0";"1";"14";"25";"0"
"Lactose Free";"Designed for people who are lactose intolerant and must avoid milk-based products.";"2500";"Breakfast";"07:00:00";"Wheat Bread, toasted";"2.0000";"slice (0.8 oz)";"144";"6";"2";"26";"3";"0";"2";"76";"281";"0"
"Lactose Free";"Designed for people who are lactose intolerant and must avoid milk-based products.";"2500";"Breakfast";"07:00:00";"Jams & Preserves";"1.0000";"tablespoon (0.7 oz)";"56";"0";"0";"14";"10";"0";"0";"4";"6";"0"
"Lactose Free";"Designed for people who are lactose intolerant and must avoid milk-based products.";"2500";"Morning Snack";"10:00:00";"Banana";"1.0000";"large, 8" to 8-7/8" long (4.8 oz)";"121";"1";"0";"31";"17";"0";"4";"7";"1";"0"
"Lactose Free";"Designed for people who are lactose intolerant and must avoid milk-based products.";"2500";"Lunch";"13:00:00";"Vanilla Soymilk";"1.0000";"cup (8.0 fl.oz)";"100";"6";"4";"10";"7";"0";"1";"300";"95";"1"
"Lactose Free";"Designed for people who are lactose intolerant and must avoid milk-based products.";"2500";"Lunch";"13:00:00";"Frozen Meals: Vegan Pad Thai w. Tofu (Trader Joe's)";"1.0000";"bowl (11.0 oz)";"600";"18";"7";"114";"23";"0";"3";"40";"840";"2"
"Lactose Free";"Designed for people who are lactose intolerant and must avoid milk-based products.";"2500";"Lunch";"13:00:00";"Peaches, canned, fruit & juice";"1.0000";"cup, halves or slices (8.7 oz)";"109";"2";"0";"29";"25";"0";"3";"15";"10";"0"
"Lactose Free";"Designed for people who are lactose intolerant and must avoid milk-based products.";"2500";"Lunch";"13:00:00";"Pears, canned, fruit & juice";"1.0000";"serving, 1/2 cup (4.4 oz)";"62";"0";"0";"16";"12";"0";"2";"11";"5";"0"
"Lactose Free";"Designed for people who are lactose intolerant and must avoid milk-based products.";"2500";"Afternoon Snack";"17:00:00";"ZenSoy: Puddings: Soy, Chocolate";"1.0000";"container (4.0 oz)";"130";"3";"1";"29";"21";"0";"2";"0";"75";"0"
"Lactose Free";"Designed for people who are lactose intolerant and must avoid milk-based products.";"2500";"Dinner";"19:00:00";"Rice: White, long-grain, regular, unenriched, cooked, no salt";"2.0000";"cup (5.6 oz)";"411";"9";"1";"89";"0";"0";"1";"32";"3";"0"
"Lactose Free";"Designed for people who are lactose intolerant and must avoid milk-based products.";"2500";"Dinner";"19:00:00";"Tomato, fresh";".3300";"cup, chopped or sliced (6.3 oz)";"11";"1";"0";"2";"2";"0";"1";"6";"3";"0"
"Lactose Free";"Designed for people who are lactose intolerant and must avoid milk-based products.";"2500";"Dinner";"19:00:00";"Vegetables, Fresh: Cilantro (coriander), leaves, raw, edible portion";".5000";"serving, 1/4 cup (0.1 oz)";"0";"0";"0";"0";"0";"0";"0";"1";"1";"0"
"Lactose Free";"Designed for people who are lactose intolerant and must avoid milk-based products.";"2500";"Dinner";"19:00:00";"Onions, all types, raw/cooked";"1.5000";"tablespoon, chopped (0.4 oz)";"6";"0";"0";"2";"1";"0";"0";"3";"0";"0"
"Lactose Free";"Designed for people who are lactose intolerant and must avoid milk-based products.";"2500";"Dinner";"19:00:00";"Bell Pepper, raw";"1.0000";"cup, sliced (3.2 oz)";"18";"1";"0";"4";"2";"0";"2";"9";"3";"0"
"Lactose Free";"Designed for people who are lactose intolerant and must avoid milk-based products.";"2500";"Dinner";"19:00:00";"Vegetables, Fresh: Squash, summer, crockneck & straightneck, boiled, drained, no salt added";"1.0000";"serving, 1/2 cup, slices (3.2 oz)";"18";"1";"0";"4";"2";"0";"1";"20";"0";"0"
"Lactose Free";"Designed for people who are lactose intolerant and must avoid milk-based products.";"2500";"Dinner";"19:00:00";"Jennie-O: Turkey: Breast Tenderloins, Marinated, Tequila Lime, raw";"6.0000";"oz";"289";"35";"12";"11";"0";"91";"0";"30";"1944";"3"
"Lactose Free";"Designed for people who are lactose intolerant and must avoid milk-based products.";"2500";"Dinner";"19:00:00";"Alessi: Nuts: Pine Nuts, Pignoli";".5000";"serving, 4 tablespoons";"105";"3";"10";"1";"1";"0";"1";"0";"0";"1"
"Lactose Free";"Designed for people who are lactose intolerant and must avoid milk-based products.";"2500";"Dinner";"19:00:00";"Extra Virgin Olive Oil";".5000";"tablespoon (0.5 fl.oz)";"60";"0";"7";"0";"0";"0";"0";"0";"0";"1"
"Lactose Free";"Designed for people who are lactose intolerant and must avoid milk-based products.";"2750";"Breakfast";"07:00:00";"Veggie Burger, Breakfast Patties (Boca Burger)";"1.0000";"patty (1.3 oz)";"60";"7";"3";"5";"1";"0";"2";"20";"280";"0"
"Lactose Free";"Designed for people who are lactose intolerant and must avoid milk-based products.";"2750";"Breakfast";"07:00:00";"Tomato, fresh";"2.0000";"slice, thin/small (0.5 oz)";"5";"0";"0";"1";"1";"0";"0";"3";"2";"0"
"Lactose Free";"Designed for people who are lactose intolerant and must avoid milk-based products.";"2750";"Breakfast";"07:00:00";"Bagels: Toaster Size, Honey Wheat (Sara Lee)";"1.0000";"bagel (3.4 oz)";"250";"9";"1";"50";"7";"0";"4";"200";"397";"0"
"Lactose Free";"Designed for people who are lactose intolerant and must avoid milk-based products.";"2750";"Breakfast";"07:00:00";"Egg, scrambled/boiled/poached ";"1.0000";"large (1.6 oz)";"90";"6";"7";"0";"0";"210";"0";"27";"96";"2"
"Lactose Free";"Designed for people who are lactose intolerant and must avoid milk-based products.";"2750";"Breakfast";"07:00:00";"Soy Cheese, Slices, American (Tofutti)";"1.0000";"slice (0.7 oz)";"70";"2";"5";"2";"0";"0";"0";"0";"290";"2"
"Lactose Free";"Designed for people who are lactose intolerant and must avoid milk-based products.";"2750";"Breakfast";"07:00:00";"Pineapple Orange Juice (Tropicana)";"1.0000";"cup (8.1 fl.oz)";"130";"1";"0";"32";"32";"0";"0";"0";"25";"0"
"Lactose Free";"Designed for people who are lactose intolerant and must avoid milk-based products.";"2750";"Morning Snack";"10:00:00";"Soymilk, Super Protein, Vanilla Al'mondo (Odwalla)";"1.0000";"cup (8.1 fl.oz)";"190";"10";"6";"25";"19";"0";"3";"350";"80";"1"
"Lactose Free";"Designed for people who are lactose intolerant and must avoid milk-based products.";"2750";"Morning Snack";"10:00:00";"Granola Bars:  Pumpkin Spice Flax (Kashi)";"1.0000";"serving, 2 bars (1.4 oz)";"180";"6";"6";"26";"7";"0";"4";"0";"150";"1"
"Lactose Free";"Designed for people who are lactose intolerant and must avoid milk-based products.";"2750";"Lunch";"13:00:00";"Pineapple, fresh";".5000";"cup, diced (5.5 oz)";"37";"0";"0";"10";"7";"0";"1";"10";"1";"0"
"Lactose Free";"Designed for people who are lactose intolerant and must avoid milk-based products.";"2750";"Lunch";"13:00:00";"Vegetarian Meals: Vegan Wraps, Margherita Pizza, frozen (Garden Burger)";"1.0000";"wrap (4.8 oz)";"240";"13";"8";"32";"2";"10";"6";"250";"600";"2"
"Lactose Free";"Designed for people who are lactose intolerant and must avoid milk-based products.";"2750";"Lunch";"13:00:00";"Honeydew Melon";".5000";"cup, balls (6.2 oz)";"32";"0";"0";"8";"7";"0";"1";"5";"16";"0"
"Lactose Free";"Designed for people who are lactose intolerant and must avoid milk-based products.";"2750";"Lunch";"13:00:00";"Soymilk, Plain";"1.0000";"cup (8.0 fl.oz)";"100";"7";"4";"8";"6";"0";"1";"300";"120";"1"
"Lactose Free";"Designed for people who are lactose intolerant and must avoid milk-based products.";"2750";"Lunch";"13:00:00";"Rolls: Oven Baked Dinner Rolls, Carb Monitor, frozen (Pillsbury)";"1.0000";"roll (1.1 oz)";"70";"6";"2";"11";"0";"0";"4";"20";"190";"0"
"Lactose Free";"Designed for people who are lactose intolerant and must avoid milk-based products.";"2750";"Lunch";"13:00:00";"Lentil Soup (Progresso)";"1.0000";"cup (8.5 oz)";"150";"9";"2";"28";"1";"0";"5";"40";"870";"1"
"Lactose Free";"Designed for people who are lactose intolerant and must avoid milk-based products.";"2750";"Lunch";"13:00:00";"Cantaloupe Melon";".5000";"cup, cubes (5.6 oz)";"27";"1";"0";"7";"6";"0";"1";"7";"13";"0"
"Lactose Free";"Designed for people who are lactose intolerant and must avoid milk-based products.";"2750";"Afternoon Snack";"17:00:00";"Apple Sauce Cups ";"1.0000";"cup (3.9 oz)";"50";"0";"0";"13";"11";"0";"1";"0";"0";"0"
"Lactose Free";"Designed for people who are lactose intolerant and must avoid milk-based products.";"2750";"Afternoon Snack";"17:00:00";"Carrot Juice (Odwalla)";"1.0000";"bottle (15.2 fl.oz)";"131";"4";"0";"28";"24";"0";"2";"75";"300";"0"
"Lactose Free";"Designed for people who are lactose intolerant and must avoid milk-based products.";"2750";"Dinner";"19:00:00";"12 Grain Bread (Orowheat)";"2.0000";"slice (1.3 oz)";"220";"8";"3";"40";"8";"0";"2";"80";"380";"0"
"Lactose Free";"Designed for people who are lactose intolerant and must avoid milk-based products.";"2750";"Dinner";"19:00:00";"Wine: White, dry (Chablis, Hock, Reisling)";"1.0000";"serving (5.2 oz)";"120";"0";"0";"6";"6";"0";"0";"0";"31";"0"
"Lactose Free";"Designed for people who are lactose intolerant and must avoid milk-based products.";"2750";"Dinner";"19:00:00";"Potato Wedges, Red, refrigerated (Simply Potatoes)";"2.0000";"serving, 1/2 cup (2.9 oz)";"162";"4";"0";"20";"4";"0";"4";"0";"170";"0"
"Lactose Free";"Designed for people who are lactose intolerant and must avoid milk-based products.";"2750";"Dinner";"19:00:00";"Halibut, cooked";"2.0000";"serving (3.0 oz)";"238";"45";"5";"0";"0";"70";"0";"102";"117";"1"
"Lactose Free";"Designed for people who are lactose intolerant and must avoid milk-based products.";"2750";"Dinner";"19:00:00";"Green beans, snap or string, boiled";"1.0000";"cup (4.4 oz)";"44";"2";"0";"10";"2";"0";"4";"55";"1";"0"
"Lactose Free";"Designed for people who are lactose intolerant and must avoid milk-based products.";"2750";"Dinner";"19:00:00";"Minced Garlic (McCormick)";"1.0000";"teaspoon (0.2 oz)";"15";"0";"1";"0";"0";"0";"0";"0";"0";"0"
"Lactose Free";"Designed for people who are lactose intolerant and must avoid milk-based products.";"2750";"Dinner";"19:00:00";"Sauces: Fat Free Lemon Butter Dill (McCormick)";"1.0000";"serving, 2 tablespoons (1.1 oz)";"35";"0";"0";"7";"0";"0";"0";"0";"210";"0"
"Lactose Free";"Designed for people who are lactose intolerant and must avoid milk-based products.";"2750";"Dinner";"19:00:00";"Margarine";"1.0000";"tablespoon (0.5 oz)";"100";"0";"11";"0";"0";"0";"0";"0";"120";"4"
"Lactose Free";"Designed for people who are lactose intolerant and must avoid milk-based products.";"3000";"Breakfast";"07:00:00";"Orange Peach Mango Juice (Dole)";"1.0000";"cup (8.1 fl.oz)";"120";"1";"0";"28";"23";"0";"0";"20";"10";"0"
"Lactose Free";"Designed for people who are lactose intolerant and must avoid milk-based products.";"3000";"Breakfast";"07:00:00";"Raisins, seedless";"1.0000";"miniature box (0.5 oz)";"42";"0";"0";"11";"8";"0";"1";"7";"2";"0"
"Lactose Free";"Designed for people who are lactose intolerant and must avoid milk-based products.";"3000";"Breakfast";"07:00:00";"Margarine: Regular, unsalted";"1.0000";"tablespoon (0.5 oz)";"102";"0";"11";"0";"0";"0";"0";"4";"4";"2"
"Lactose Free";"Designed for people who are lactose intolerant and must avoid milk-based products.";"3000";"Breakfast";"07:00:00";"Strawberries, fresh";".5000";"cup, sliced (5.9 oz)";"27";"1";"0";"6";"4";"0";"2";"13";"1";"0"
"Lactose Free";"Designed for people who are lactose intolerant and must avoid milk-based products.";"3000";"Breakfast";"07:00:00";"Almonds, raw";"1.0000";"serving, 23 whole kernels (1.0 oz)";"164";"6";"14";"6";"1";"0";"3";"70";"0";"1"
"Lactose Free";"Designed for people who are lactose intolerant and must avoid milk-based products.";"3000";"Breakfast";"07:00:00";"Oats/oatmeal, cooked (all types)";"1.5000";"cup (8.3 oz)";"221";"9";"4";"38";"1";"0";"6";"28";"4";"1"
"Lactose Free";"Designed for people who are lactose intolerant and must avoid milk-based products.";"3000";"Breakfast";"07:00:00";"Soy Yogurt, Vanilla (Silk)";"7.0000";"oz";"163";"5";"3";"29";"21";"0";"1";"350";"23";"0"
"Lactose Free";"Designed for people who are lactose intolerant and must avoid milk-based products.";"3000";"Morning Snack";"10:00:00";"Apricots, dried (Sun-Maid)";"1.0000";"serving, 1/4 cup (1.4 oz)";"100";"1";"0";"23";"21";"0";"3";"40";"15";"0"
"Lactose Free";"Designed for people who are lactose intolerant and must avoid milk-based products.";"3000";"Morning Snack";"10:00:00";"Granola Bar: Honey Toasted 7 Grain (Kashi)";"1.0000";"serving, 2 bars (1.4 oz)";"180";"7";"6";"26";"7";"0";"4";"0";"160";"1"
"Lactose Free";"Designed for people who are lactose intolerant and must avoid milk-based products.";"3000";"Lunch";"13:00:00";"Teriyaki Sauce";"2.0000";"tablespoon (0.5 fl.oz)";"30";"2";"0";"4";"4";"0";"0";"0";"1220";"0"
"Lactose Free";"Designed for people who are lactose intolerant and must avoid milk-based products.";"3000";"Lunch";"13:00:00";"Pears, all varieties, raw";"1.0000";"pear, medium, approx 2-1/2 per lb (5.9 oz)";"96";"1";"0";"26";"16";"0";"5";"15";"2";"0"
"Lactose Free";"Designed for people who are lactose intolerant and must avoid milk-based products.";"3000";"Lunch";"13:00:00";"Chicken Breast, Teriyaki, boneless skinless (Foster Farms)";"1.0000";"fillet (7.2 oz)";"240";"42";"3";"14";"4";"70";"0";"0";"820";"0"
"Lactose Free";"Designed for people who are lactose intolerant and must avoid milk-based products.";"3000";"Lunch";"13:00:00";"Canola oil";".5000";"tablespoon";"60";"0";"7";"0";"0";"0";"0";"0";"0";"1"
"Lactose Free";"Designed for people who are lactose intolerant and must avoid milk-based products.";"3000";"Lunch";"13:00:00";"Brown rice, medium-grain, cooked";"1.0000";"cup (6.9 oz)";"218";"5";"2";"46";"0";"0";"4";"20";"2";"0"
"Lactose Free";"Designed for people who are lactose intolerant and must avoid milk-based products.";"3000";"Lunch";"13:00:00";"Soymilk, Plain";"1.0000";"cup (8.0 fl.oz)";"100";"7";"4";"8";"6";"0";"1";"300";"120";"1"
"Lactose Free";"Designed for people who are lactose intolerant and must avoid milk-based products.";"3000";"Lunch";"13:00:00";"Bean Sprouts, stir-fried";".5000";"cup (4.4 oz)";"31";"3";"0";"7";"0";"0";"1";"8";"6";"0"
"Lactose Free";"Designed for people who are lactose intolerant and must avoid milk-based products.";"3000";"Lunch";"13:00:00";"Broccoli, cooked";"1.0000";"serving, 1/2 cup, chopped (2.8 oz)";"27";"2";"0";"6";"1";"0";"3";"31";"32";"0"
"Lactose Free";"Designed for people who are lactose intolerant and must avoid milk-based products.";"3000";"Lunch";"13:00:00";"Carrots, boiled or steamed";"1.0000";"serving, 1/2 cup slices (2.8 oz)";"27";"1";"0";"6";"3";"0";"2";"23";"45";"0"
"Lactose Free";"Designed for people who are lactose intolerant and must avoid milk-based products.";"3000";"Lunch";"13:00:00";"Chinese Cabbage (bok-choy, pak-choi), boiled, drained";"1.0000";"quantity (3.0 oz)";"10";"1";"0";"2";"1";"0";"1";"79";"29";"0"
"Lactose Free";"Designed for people who are lactose intolerant and must avoid milk-based products.";"3000";"Lunch";"13:00:00";"Onions, all types, raw/cooked";".5000";"slice, large, 1/4" thick (1.3 oz)";"8";"0";"0";"2";"1";"0";"0";"4";"1";"0"
"Lactose Free";"Designed for people who are lactose intolerant and must avoid milk-based products.";"3000";"Lunch";"13:00:00";"Peas, snow or sugar snap, boiled, drained";".5000";"cup (5.6 oz)";"34";"3";"0";"6";"3";"0";"2";"34";"3";"0"
"Lactose Free";"Designed for people who are lactose intolerant and must avoid milk-based products.";"3000";"Lunch";"13:00:00";"Peppers, bell or sweet, raw";".5000";"cup, chopped (5.3 oz)";"19";"1";"0";"4";"3";"0";"1";"5";"1";"0"
"Lactose Free";"Designed for people who are lactose intolerant and must avoid milk-based products.";"3000";"Afternoon Snack";"17:00:00";"Apricots, dried (Sun-Maid)";"1.0000";"serving, 1/4 cup (1.4 oz)";"100";"1";"0";"23";"21";"0";"3";"40";"15";"0"
"Lactose Free";"Designed for people who are lactose intolerant and must avoid milk-based products.";"3000";"Afternoon Snack";"17:00:00";"Granola Bar: Honey Toasted 7 Grain (Kashi)";"1.0000";"serving, 2 bars (1.4 oz)";"180";"7";"6";"26";"7";"0";"4";"0";"160";"1"
"Lactose Free";"Designed for people who are lactose intolerant and must avoid milk-based products.";"3000";"Afternoon Snack";"17:00:00";"Soy Pudding:Chocolate Vanilla Swirl (ZenSoy)";"1.0000";"container (4.0 oz)";"120";"3";"1";"26";"20";"0";"1";"0";"75";"0"
"Lactose Free";"Designed for people who are lactose intolerant and must avoid milk-based products.";"3000";"Dinner";"19:00:00";"Hamburger Bun, 100% Whole Wheat (Pepperidge Farm)";"1.0000";"bun";"120";"6";"2";"18";"3";"0";"2";"40";"190";"0"
"Lactose Free";"Designed for people who are lactose intolerant and must avoid milk-based products.";"3000";"Dinner";"19:00:00";"Pickles: Dill";"3.0000";"slice (0.2 oz)";"4";"0";"0";"1";"1";"0";"0";"2";"269";"0"
"Lactose Free";"Designed for people who are lactose intolerant and must avoid milk-based products.";"3000";"Dinner";"19:00:00";"Tomato, fresh";"2.0000";"slice, thin/small (0.5 oz)";"5";"0";"0";"1";"1";"0";"0";"3";"2";"0"
"Lactose Free";"Designed for people who are lactose intolerant and must avoid milk-based products.";"3000";"Dinner";"19:00:00";"Ketchup";"1.0000";"tablespoon (0.6 oz)";"15";"0";"0";"4";"4";"0";"0";"0";"190";"0"
"Lactose Free";"Designed for people who are lactose intolerant and must avoid milk-based products.";"3000";"Dinner";"19:00:00";"Soy Cheese, Slices, American (Tofutti)";"1.0000";"slice (0.7 oz)";"70";"2";"5";"2";"0";"0";"0";"0";"290";"2"
"Lactose Free";"Designed for people who are lactose intolerant and must avoid milk-based products.";"3000";"Dinner";"19:00:00";"Iceberg Lettuce";"2.0000";"leaf, medium (0.3 oz)";"2";"0";"0";"0";"0";"0";"0";"3";"2";"0"
"Lactose Free";"Designed for people who are lactose intolerant and must avoid milk-based products.";"3000";"Dinner";"19:00:00";"Onions, all types, raw/cooked";"1.0000";"slice, thin (0.3 oz)";"4";"0";"0";"1";"0";"0";"0";"2";"0";"0"
"Lactose Free";"Designed for people who are lactose intolerant and must avoid milk-based products.";"3000";"Dinner";"19:00:00";"Mustard";"1.0000";"teaspoon (0.2 oz)";"3";"0";"0";"0";"0";"0";"0";"4";"56";"0"
"Lactose Free";"Designed for people who are lactose intolerant and must avoid milk-based products.";"3000";"Dinner";"19:00:00";"Ground Beef: 95% Extra Lean, broiled";"3.0000";"oz";"145";"22";"6";"0";"0";"65";"0";"6";"55";"3"
"Lactose Free";"Designed for people who are lactose intolerant and must avoid milk-based products.";"3000";"Evening Snack";"21:00:00";"Soymilk, Plain";"1.0000";"cup (8.0 fl.oz)";"100";"7";"4";"8";"6";"0";"1";"300";"120";"1"
"Lactose Free";"Designed for people who are lactose intolerant and must avoid milk-based products.";"3000";"Evening Snack";"21:00:00";"Fig Newmans (Newman's Own Organics)";"1.0000";"serving, 2 bars (1.3 oz)";"120";"2";"2";"26";"12";"0";"1";"0";"170";"0"
"Lactose Free";"Designed for people who are lactose intolerant and must avoid milk-based products.";"3250";"Breakfast";"07:00:00";"Vanilla Soymilk";"2.0000";"cup (8.0 fl.oz)";"200";"12";"7";"20";"14";"0";"2";"600";"190";"1"
"Lactose Free";"Designed for people who are lactose intolerant and must avoid milk-based products.";"3250";"Breakfast";"07:00:00";"Strawberries, fresh";".5000";"cup, halves (5.4 oz)";"24";"1";"0";"6";"4";"0";"2";"12";"1";"0"
"Lactose Free";"Designed for people who are lactose intolerant and must avoid milk-based products.";"3250";"Breakfast";"07:00:00";"Oats, instant, plain, cooked";"2.0000";"cup (8.3 oz)";"257";"11";"4";"45";"0";"0";"7";"262";"211";"1"
"Lactose Free";"Designed for people who are lactose intolerant and must avoid milk-based products.";"3250";"Breakfast";"07:00:00";"Almonds, raw";"1.0000";"serving, 23 whole kernels (1.0 oz)";"164";"6";"14";"6";"1";"0";"3";"70";"0";"1"
"Lactose Free";"Designed for people who are lactose intolerant and must avoid milk-based products.";"3250";"Morning Snack";"10:00:00";"Grapefruit Juice, Ruby Red (Minute Maid)";"1.5000";"cup (8.1 fl.oz)";"195";"0";"0";"51";"48";"0";"0";"0";"30";"0"
"Lactose Free";"Designed for people who are lactose intolerant and must avoid milk-based products.";"3250";"Morning Snack";"10:00:00";"Egg (hard-boiled/scrambled/poached)";"2.0000";"large (1.8 oz)";"155";"13";"11";"1";"1";"424";"0";"50";"124";"3"
"Lactose Free";"Designed for people who are lactose intolerant and must avoid milk-based products.";"3250";"Lunch";"13:00:00";"Salad Dressing: Light Cranberry Walnut (Newman's Own)";"2.0000";"serving, 2 tablespoons (1.1 oz)";"140";"2";"8";"16";"14";"0";"0";"980";"460";"1"
"Lactose Free";"Designed for people who are lactose intolerant and must avoid milk-based products.";"3250";"Lunch";"13:00:00";"Dinner Roll, plain (includes brown-and-serve)";"2.0000";"roll (1.0 oz)";"168";"5";"4";"28";"1";"1";"2";"67";"292";"1"
"Lactose Free";"Designed for people who are lactose intolerant and must avoid milk-based products.";"3250";"Lunch";"13:00:00";"Black Bean Soup, Cuban (Imagine)";"2.0000";"cup (8.1 fl.oz)";"340";"16";"7";"60";"8";"0";"12";"80";"960";"0"
"Lactose Free";"Designed for people who are lactose intolerant and must avoid milk-based products.";"3250";"Lunch";"13:00:00";"Romaine Lettuce";"2.0000";"cup, shredded (1.7 oz)";"16";"1";"0";"3";"1";"0";"2";"31";"8";"0"
"Lactose Free";"Designed for people who are lactose intolerant and must avoid milk-based products.";"3250";"Lunch";"13:00:00";"Tomato, fresh";"1.0000";"cup, chopped or sliced (6.3 oz)";"32";"2";"0";"7";"5";"0";"2";"18";"9";"0"
"Lactose Free";"Designed for people who are lactose intolerant and must avoid milk-based products.";"3250";"Lunch";"13:00:00";"Onions, all types, raw/cooked";"1.0000";"serving, 1/2 cup, chopped (3.0 oz)";"36";"1";"0";"9";"4";"0";"1";"19";"3";"0"
"Lactose Free";"Designed for people who are lactose intolerant and must avoid milk-based products.";"3250";"Lunch";"13:00:00";"Carrots, raw";".5000";"cup, chopped (4.5 oz)";"26";"1";"0";"6";"3";"0";"2";"21";"44";"0"
"Lactose Free";"Designed for people who are lactose intolerant and must avoid milk-based products.";"3250";"Lunch";"13:00:00";"Cucumber, peeled, raw";"1.0000";"cup, sliced (4.2 oz)";"14";"1";"0";"3";"2";"0";"1";"17";"2";"0"
"Lactose Free";"Designed for people who are lactose intolerant and must avoid milk-based products.";"3250";"Afternoon Snack";"17:00:00";"Jamba Juice: Pomegranate Paradise";"1.0000";"original (24.0 fl.oz)";"335";"2";"1";"85";"73";"0";"6";"80";"32";"0"
"Lactose Free";"Designed for people who are lactose intolerant and must avoid milk-based products.";"3250";"Dinner";"19:00:00";"Orange";"1.0000";"large, 3-1/16" dia (6.5 oz)";"86";"2";"0";"22";"17";"0";"4";"74";"0";"0"
"Lactose Free";"Designed for people who are lactose intolerant and must avoid milk-based products.";"3250";"Dinner";"19:00:00";"Ginger Broccoli, Chicken (Pei Wei Asian Diner)";"2.0000";"serving, 1/2 dish";"600";"62";"18";"38";"22";"0";"4";"0";"0";"0"
"Lactose Free";"Designed for people who are lactose intolerant and must avoid milk-based products.";"3250";"Dinner";"19:00:00";"Hot & Sour Soup, cup (Pei Wei Asian Diner)";"1.0000";"cup";"150";"7";"9";"11";"0";"0";"2";"0";"0";"0"
"Lactose Free";"Designed for people who are lactose intolerant and must avoid milk-based products.";"3250";"Evening Snack";"21:00:00";"Soymilk, Chocolate (SIlk)";"1.5000";"cup (8.0 fl.oz)";"207";"7";"5";"34";"28";"0";"3";"444";"148";"1"
"Lactose Free";"Designed for people who are lactose intolerant and must avoid milk-based products.";"3250";"Evening Snack";"21:00:00";"Graham crackers, plain";"2.0000";"large rectangular piece (0.5 oz)";"118";"2";"3";"22";"9";"0";"1";"7";"169";"0"
"Lactose Free";"Designed for people who are lactose intolerant and must avoid milk-based products.";"3500";"Early Morning Snack";"00:00:00";"Vanilla Soymilk";"2.0000";"cup (8.0 fl.oz)";"200";"12";"7";"20";"14";"0";"2";"600";"190";"1"
"Lactose Free";"Designed for people who are lactose intolerant and must avoid milk-based products.";"3500";"Early Morning Snack";"00:00:00";"dotFIT WheySmooth - Chocolate Crème";"1.0000";"1 scoop (42g)";"160";"25";"3";"7";"2";"60";"0";"200";"220";"1"
"Lactose Free";"Designed for people who are lactose intolerant and must avoid milk-based products.";"3500";"Early Morning Snack";"00:00:00";"Banana";"1.0000";"large, 8" to 8-7/8" long (4.8 oz)";"121";"1";"0";"31";"17";"0";"4";"7";"1";"0"
"Lactose Free";"Designed for people who are lactose intolerant and must avoid milk-based products.";"3500";"Early Morning Snack";"00:00:00";"Strawberries, fresh";"1.0000";"cup, whole (5.1 oz)";"46";"1";"0";"11";"7";"0";"3";"23";"1";"0"
"Lactose Free";"Designed for people who are lactose intolerant and must avoid milk-based products.";"3500";"Breakfast";"07:00:00";"Orange Juice ";"1.0000";"cup (8.1 fl.oz)";"110";"2";"0";"26";"22";"0";"0";"350";"0";"0"
"Lactose Free";"Designed for people who are lactose intolerant and must avoid milk-based products.";"3500";"Breakfast";"07:00:00";"12 Grain Bread (Orowheat)";"2.0000";"slice (1.3 oz)";"220";"8";"3";"40";"8";"0";"2";"80";"380";"0"
"Lactose Free";"Designed for people who are lactose intolerant and must avoid milk-based products.";"3500";"Breakfast";"07:00:00";"Egg, scrambled/boiled/poached ";"3.0000";"large (1.6 oz)";"270";"19";"21";"1";"1";"631";"0";"81";"287";"6"
"Lactose Free";"Designed for people who are lactose intolerant and must avoid milk-based products.";"3500";"Breakfast";"07:00:00";"Margarine";"2.0000";"tablespoon (0.5 oz)";"200";"0";"22";"0";"0";"0";"0";"0";"240";"7"
"Lactose Free";"Designed for people who are lactose intolerant and must avoid milk-based products.";"3500";"Breakfast";"07:00:00";"Jam: Strawberry preserves (Smucker's)";"2.0000";"tablespoon (0.7 oz)";"100";"0";"0";"26";"24";"0";"0";"0";"0";"0"
"Lactose Free";"Designed for people who are lactose intolerant and must avoid milk-based products.";"3500";"Morning Snack";"10:00:00";"Soy Yogurt: Blueberry (Silk)";"1.0000";"container (6.0 oz)";"150";"4";"2";"29";"21";"0";"1";"300";"25";"0"
"Lactose Free";"Designed for people who are lactose intolerant and must avoid milk-based products.";"3500";"Lunch";"13:00:00";"Chicken Breast, meat only, grilled/roasted/baked";"2.0000";"serving, 1/2 breast (3.0 oz)";"284";"53";"6";"0";"0";"146";"0";"26";"127";"2"
"Lactose Free";"Designed for people who are lactose intolerant and must avoid milk-based products.";"3500";"Lunch";"13:00:00";"Brown rice, long-grain, cooked";"2.0000";"serving, 1/2 cup (3.4 oz)";"216";"5";"2";"45";"1";"0";"4";"20";"10";"0"
"Lactose Free";"Designed for people who are lactose intolerant and must avoid milk-based products.";"3500";"Lunch";"13:00:00";"Teriyaki sauce";"3.0000";"tablespoon (0.6 oz)";"45";"3";"0";"9";"7";"0";"0";"14";"2070";"0"
"Lactose Free";"Designed for people who are lactose intolerant and must avoid milk-based products.";"3500";"Lunch";"13:00:00";"Carrots, raw";"1.0000";"cup, strips or slices (4.3 oz)";"50";"1";"0";"12";"6";"0";"3";"40";"84";"0"
"Lactose Free";"Designed for people who are lactose intolerant and must avoid milk-based products.";"3500";"Afternoon Snack";"17:00:00";"Celery, raw";"2.0000";"strip, 4" long (0.1 oz)";"1";"0";"0";"0";"0";"0";"0";"3";"6";"0"
"Lactose Free";"Designed for people who are lactose intolerant and must avoid milk-based products.";"3500";"Afternoon Snack";"17:00:00";"Apple";"1.0000";"large, 3-1/4" dia, approx 2 per lb (7.5 oz)";"110";"1";"0";"29";"22";"0";"5";"13";"2";"0"
"Lactose Free";"Designed for people who are lactose intolerant and must avoid milk-based products.";"3500";"Afternoon Snack";"17:00:00";"Peanut Butter, smooth";"3.0000";"tablespoon (0.6 oz)";"282";"12";"24";"9";"4";"0";"3";"21";"220";"5"
"Lactose Free";"Designed for people who are lactose intolerant and must avoid milk-based products.";"3500";"Dinner";"19:00:00";"Halibut, cooked";"2.0000";"serving (3.0 oz)";"238";"45";"5";"0";"0";"70";"0";"102";"117";"1"
"Lactose Free";"Designed for people who are lactose intolerant and must avoid milk-based products.";"3500";"Dinner";"19:00:00";"Mango Salsa (Newman's Own)";"2.0000";"serving, 2 tablespoons (1.1 oz)";"40";"2";"0";"10";"2";"0";"4";"40";"280";"0"
"Lactose Free";"Designed for people who are lactose intolerant and must avoid milk-based products.";"3500";"Dinner";"19:00:00";"Sweet Potato, baked in skin";"1.5000";"cup (7.1 oz)";"270";"6";"0";"62";"25";"0";"10";"114";"108";"0"
"Lactose Free";"Designed for people who are lactose intolerant and must avoid milk-based products.";"3500";"Dinner";"19:00:00";"Broccoli, cooked";"2.0000";"serving, 1/2 cup, chopped (2.8 oz)";"55";"4";"1";"11";"2";"0";"5";"62";"64";"0"
"Lactose Free";"Designed for people who are lactose intolerant and must avoid milk-based products.";"3500";"Evening Snack";"21:00:00";"Vanilla Soymilk";"1.0000";"cup (8.0 fl.oz)";"100";"6";"4";"10";"7";"0";"1";"300";"95";"1"
"Lactose Free";"Designed for people who are lactose intolerant and must avoid milk-based products.";"3500";"Evening Snack";"21:00:00";"Cheerios, Multi Grain (General Mills)";"1.5000";"cup (1.0 oz)";"165";"3";"2";"35";"9";"0";"5";"150";"300";"0"
"Lactose Free";"Designed for people who are lactose intolerant and must avoid milk-based products.";"3750";"Early Morning Snack";"00:00:00";"Banana";"1.0000";"large, 8" to 8-7/8" long (4.8 oz)";"121";"1";"0";"31";"17";"0";"4";"7";"1";"0"
"Lactose Free";"Designed for people who are lactose intolerant and must avoid milk-based products.";"3750";"Early Morning Snack";"00:00:00";"English Muffin, Whole Wheat (Oroweat)";"1.0000";"muffin, label weight (2.1 oz)";"130";"6";"2";"26";"6";"0";"4";"40";"240";"0"
"Lactose Free";"Designed for people who are lactose intolerant and must avoid milk-based products.";"3750";"Early Morning Snack";"00:00:00";"Butter, salted";"1.0000";"tablespoon (0.5 oz)";"102";"0";"12";"0";"0";"31";"0";"3";"82";"7"
"Lactose Free";"Designed for people who are lactose intolerant and must avoid milk-based products.";"3750";"Breakfast";"07:00:00";"Strawberries, fresh";".5000";"cup, halves (5.4 oz)";"24";"1";"0";"6";"4";"0";"2";"12";"1";"0"
"Lactose Free";"Designed for people who are lactose intolerant and must avoid milk-based products.";"3750";"Breakfast";"07:00:00";"dotFIT WheySmooth - Chocolate Crème";"1.0000";"1 scoop (42g)";"160";"25";"3";"7";"2";"60";"0";"200";"220";"1"
"Lactose Free";"Designed for people who are lactose intolerant and must avoid milk-based products.";"3750";"Breakfast";"07:00:00";"Raspberries, fresh";".5000";"cup (4.3 oz)";"32";"1";"0";"7";"3";"0";"4";"15";"1";"0"
"Lactose Free";"Designed for people who are lactose intolerant and must avoid milk-based products.";"3750";"Breakfast";"07:00:00";"Blueberries, fresh";"1.0000";"serving, 50 berries (2.4 oz)";"39";"1";"0";"10";"7";"0";"2";"4";"1";"0"
"Lactose Free";"Designed for people who are lactose intolerant and must avoid milk-based products.";"3750";"Breakfast";"07:00:00";"Soy Yogurt, Plain (Silk)";"1.0000";"serving (8.0 oz)";"150";"6";"4";"22";"12";"0";"1";"400";"30";"1"
"Lactose Free";"Designed for people who are lactose intolerant and must avoid milk-based products.";"3750";"Breakfast";"07:00:00";"Banana";"1.0000";"extra small, less than 6" long (2.9 oz)";"72";"1";"0";"19";"10";"0";"2";"4";"1";"0"
"Lactose Free";"Designed for people who are lactose intolerant and must avoid milk-based products.";"3750";"Breakfast";"07:00:00";"Soymilk, Plain";"1.0000";"cup (8.0 fl.oz)";"100";"7";"4";"8";"6";"0";"1";"300";"120";"1"
"Lactose Free";"Designed for people who are lactose intolerant and must avoid milk-based products.";"3750";"Morning Snack";"10:00:00";"Carrots, raw";"2.0000";"carrot, medium, 6 1/2" long (2.2 oz)";"50";"1";"0";"12";"6";"0";"3";"40";"84";"0"
"Lactose Free";"Designed for people who are lactose intolerant and must avoid milk-based products.";"3750";"Lunch";"13:00:00";"Arugula (rocket, roquette), raw";"8.0000";"serving, 1/2 cup (0.4 oz)";"20";"2";"1";"3";"2";"0";"1";"128";"22";"0"
"Lactose Free";"Designed for people who are lactose intolerant and must avoid milk-based products.";"3750";"Lunch";"13:00:00";"Salad Dressing: Lively Lemon Tarragon ";"2.0000";"serving, 2 tablespoons (1.0 fl.oz)";"70";"0";"0";"16";"16";"0";"0";"0";"300";"0"
"Lactose Free";"Designed for people who are lactose intolerant and must avoid milk-based products.";"3750";"Lunch";"13:00:00";"Beets, boiled, drained";"1.0000";"serving, 1/2 cup slices (3.0 oz)";"37";"1";"0";"8";"7";"0";"2";"14";"65";"0"
"Lactose Free";"Designed for people who are lactose intolerant and must avoid milk-based products.";"3750";"Lunch";"13:00:00";"Pumpkin seeds";"2.0000";"quantity (1.0 oz)";"296";"19";"24";"8";"1";"0";"2";"24";"10";"5"
"Lactose Free";"Designed for people who are lactose intolerant and must avoid milk-based products.";"3750";"Lunch";"13:00:00";"Couscous: uncooked";"2.0000";"serving, 1/4 cup (1.6 oz)";"340";"14";"10";"74";"2";"0";"12";"40";"0";"1"
"Lactose Free";"Designed for people who are lactose intolerant and must avoid milk-based products.";"3750";"Lunch";"13:00:00";"Chicken Breast, meat only, grilled/roasted/baked";"2.0000";"serving, 1/2 breast (3.0 oz)";"284";"53";"6";"0";"0";"146";"0";"26";"127";"2"
"Lactose Free";"Designed for people who are lactose intolerant and must avoid milk-based products.";"3750";"Afternoon Snack";"17:00:00";"Baked Whole Wheat Crackers (Triscuit)";"1.0000";"serving, 6 crackers (1.0 oz)";"120";"3";"5";"19";"0";"0";"3";"0";"180";"1"
"Lactose Free";"Designed for people who are lactose intolerant and must avoid milk-based products.";"3750";"Afternoon Snack";"17:00:00";"Lemonade (Minute Maid)";"1.5000";"cup (8.1 fl.oz)";"162";"0";"0";"45";"43";"0";"0";"180";"27";"0"
"Lactose Free";"Designed for people who are lactose intolerant and must avoid milk-based products.";"3750";"Afternoon Snack";"17:00:00";"Egg (hard-boiled/scrambled/poached)";"1.0000";"large (1.8 oz)";"78";"6";"5";"1";"1";"212";"0";"25";"62";"2"
"Lactose Free";"Designed for people who are lactose intolerant and must avoid milk-based products.";"3750";"Dinner";"19:00:00";"Vegetarian Meals: Chik'n Strips (Morningstar Farms)";"2.0000";"serving, 12 strips (3.0 oz)";"280";"46";"7";"12";"2";"0";"2";"80";"1020";"1"
"Lactose Free";"Designed for people who are lactose intolerant and must avoid milk-based products.";"3750";"Dinner";"19:00:00";"Corn Tortillas, (6") Yellow (Mission)";"4.0000";"serving, 2 tortillas (2.2 oz)";"536";"13";"7";"107";"13";"0";"13";"0";"67";"0"
"Lactose Free";"Designed for people who are lactose intolerant and must avoid milk-based products.";"3750";"Dinner";"19:00:00";"Onions, all types, raw/cooked";"2.0000";"tablespoon, chopped (0.4 oz)";"8";"0";"0";"2";"1";"0";"0";"4";"1";"0"
"Lactose Free";"Designed for people who are lactose intolerant and must avoid milk-based products.";"3750";"Dinner";"19:00:00";"Enchilada Sauce, Medium (Las Palmas)";"3.0000";"serving, 1/4 cup (2.1 oz)";"45";"0";"2";"6";"0";"0";"3";"0";"930";"0"
"Lactose Free";"Designed for people who are lactose intolerant and must avoid milk-based products.";"3750";"Dinner";"19:00:00";"Cheese: Lactose Free, Fat Free, all flavors (Lifetime)";"3.0000";"piece, 1" cube (1.0 oz)";"120";"24";"0";"3";"3";"14";"0";"1200";"660";"0"
"Lactose Free";"Designed for people who are lactose intolerant and must avoid milk-based products.";"3750";"Dinner";"19:00:00";"Black Olives, Sliced (Castella)";"1.0000";"serving (0.5 oz)";"25";"0";"2";"1";"0";"0";"0";"0";"110";"2"
"Lactose Free";"Designed for people who are lactose intolerant and must avoid milk-based products.";"3750";"Evening Snack";"21:00:00";"Ice Cream (Eat 'n Park)";"1.0000";"serving, 2 scoops";"285";"5";"16";"33";"0";"62";"0";"0";"113";"0"
"Lactose Free";"Designed for people who are lactose intolerant and must avoid milk-based products.";"4000";"Early Morning Snack";"00:00:00";"Cranberry Juice (Ocean Spray)";"1.5000";"cup (8.0 fl.oz)";"210";"0";"0";"53";"53";"0";"0";"0";"53";"0"
"Lactose Free";"Designed for people who are lactose intolerant and must avoid milk-based products.";"4000";"Breakfast";"07:00:00";"Grape Jelly";"2.0000";"tablespoon (0.7 oz)";"100";"0";"0";"26";"24";"0";"0";"0";"10";"0"
"Lactose Free";"Designed for people who are lactose intolerant and must avoid milk-based products.";"4000";"Breakfast";"07:00:00";"English Muffin, Whole Wheat (Oroweat)";"1.0000";"muffin, label weight (2.1 oz)";"130";"6";"2";"26";"6";"0";"4";"40";"240";"0"
"Lactose Free";"Designed for people who are lactose intolerant and must avoid milk-based products.";"4000";"Breakfast";"07:00:00";"Grapefruit Juice, Ruby Red (Minute Maid)";"1.5000";"cup (8.1 fl.oz)";"195";"0";"0";"51";"48";"0";"0";"0";"30";"0"
"Lactose Free";"Designed for people who are lactose intolerant and must avoid milk-based products.";"4000";"Breakfast";"07:00:00";"Pears, all varieties, raw";"1.0000";"pear, large, approx 2 per lb (7.4 oz)";"121";"1";"0";"32";"20";"0";"6";"19";"2";"0"
"Lactose Free";"Designed for people who are lactose intolerant and must avoid milk-based products.";"4000";"Breakfast";"07:00:00";"Almond Butter, plain, no salt added";"2.0000";"tablespoon (0.6 oz)";"203";"5";"19";"7";"0";"0";"1";"86";"4";"2"
"Lactose Free";"Designed for people who are lactose intolerant and must avoid milk-based products.";"4000";"Morning Snack";"10:00:00";"Granola w. Oats & Honey (Quaker)";"2.0000";"serving, 1/2 cup (1.7 oz)";"420";"10";"12";"70";"24";"0";"6";"80";"50";"8"
"Lactose Free";"Designed for people who are lactose intolerant and must avoid milk-based products.";"4000";"Morning Snack";"10:00:00";"Soy Yogurt: Blueberry (Silk)";"2.0000";"container (6.0 oz)";"300";"8";"4";"58";"42";"0";"2";"600";"50";"0"
"Lactose Free";"Designed for people who are lactose intolerant and must avoid milk-based products.";"4000";"Lunch";"13:00:00";"dotFIT WheySmooth – Vanilla Crème";"1.0000";"1 scoop (37.5g)";"150";"25";"2";"7";"2";"75";"0";"0";"105";"1"
"Lactose Free";"Designed for people who are lactose intolerant and must avoid milk-based products.";"4000";"Lunch";"13:00:00";"Banana";"2.0000";"extra small, less than 6" long (2.9 oz)";"144";"2";"1";"37";"20";"0";"4";"8";"2";"0"
"Lactose Free";"Designed for people who are lactose intolerant and must avoid milk-based products.";"4000";"Lunch";"13:00:00";"Milk: Reduced-Fat 2% (Horizon Organic)";"2.0000";"cup (8.1 fl.oz)";"240";"16";"10";"24";"24";"40";"0";"600";"250";"6"
"Lactose Free";"Designed for people who are lactose intolerant and must avoid milk-based products.";"4000";"Lunch";"13:00:00";"Soy Yogurt, Plain (Silk)";"2.0000";"serving (8.0 oz)";"300";"12";"8";"44";"24";"0";"2";"800";"60";"1"
"Lactose Free";"Designed for people who are lactose intolerant and must avoid milk-based products.";"4000";"Lunch";"13:00:00";"Peach Nectar, canned";"1.0000";"cup (8.8 oz)";"134";"1";"0";"35";"33";"0";"1";"12";"17";"0"
"Lactose Free";"Designed for people who are lactose intolerant and must avoid milk-based products.";"4000";"Lunch";"13:00:00";"Blueberries, fresh";"2.0000";"serving, 50 berries (2.4 oz)";"78";"1";"0";"20";"14";"0";"3";"8";"1";"0"
"Lactose Free";"Designed for people who are lactose intolerant and must avoid milk-based products.";"4000";"Afternoon Snack";"17:00:00";"egg white, hard-boiled";"1.0000";"large egg";"17";"4";"0";"0";"0";"0";"0";"0";"50";"0"
"Lactose Free";"Designed for people who are lactose intolerant and must avoid milk-based products.";"4000";"Afternoon Snack";"17:00:00";"Banana";"1.0000";"large, 8" to 8-7/8" long (4.8 oz)";"121";"1";"0";"31";"17";"0";"4";"7";"1";"0"
"Lactose Free";"Designed for people who are lactose intolerant and must avoid milk-based products.";"4000";"Dinner";"19:00:00";"Cantaloupe Melon";"1.5000";"cup, cubes (5.6 oz)";"82";"2";"0";"20";"19";"0";"2";"22";"38";"0"
"Lactose Free";"Designed for people who are lactose intolerant and must avoid milk-based products.";"4000";"Dinner";"19:00:00";"Hamburger Bun, 100% Whole Wheat (Pepperidge Farm)";"1.0000";"bun";"120";"6";"2";"18";"3";"0";"2";"40";"190";"0"
"Lactose Free";"Designed for people who are lactose intolerant and must avoid milk-based products.";"4000";"Dinner";"19:00:00";"Teriyaki sauce";"1.0000";"tablespoon (0.6 oz)";"15";"1";"0";"3";"2";"0";"0";"5";"690";"0"
"Lactose Free";"Designed for people who are lactose intolerant and must avoid milk-based products.";"4000";"Dinner";"19:00:00";"Chicken Breast, Teriyaki, boneless skinless (Foster Farms)";"5.0000";"oz";"167";"29";"2";"10";"3";"49";"0";"0";"570";"0"
"Lactose Free";"Designed for people who are lactose intolerant and must avoid milk-based products.";"4000";"Dinner";"19:00:00";"Baked Potato Chips (Lay's)";"2.0000";"serving, 11 crisps (1.0 oz)";"220";"4";"3";"46";"4";"0";"4";"80";"360";"0"
"Lactose Free";"Designed for people who are lactose intolerant and must avoid milk-based products.";"4000";"Dinner";"19:00:00";"Pineapple, canned in juice";"1.0000";"slice or ring, 3" dia with liquid (1.7 oz)";"28";"0";"0";"7";"7";"0";"0";"7";"0";"0"
"Lactose Free";"Designed for people who are lactose intolerant and must avoid milk-based products.";"4000";"Dinner";"19:00:00";"Tomato, fresh";"1.0000";"slice, thin/small (0.5 oz)";"3";"0";"0";"1";"0";"0";"0";"2";"1";"0"
"Lactose Free";"Designed for people who are lactose intolerant and must avoid milk-based products.";"4000";"Dinner";"19:00:00";"Soymilk, Plain";"1.5000";"cup (8.0 fl.oz)";"150";"11";"6";"12";"9";"0";"2";"450";"180";"1"
"Lactose Free";"Designed for people who are lactose intolerant and must avoid milk-based products.";"4000";"Dinner";"19:00:00";"Cheese: Lactose Free, Fat Free, all flavors (Lifetime)";"2.0000";"piece, 1" cube (1.0 oz)";"80";"16";"0";"2";"2";"9";"0";"800";"440";"0"
"Lactose Free";"Designed for people who are lactose intolerant and must avoid milk-based products.";"4000";"Dinner";"19:00:00";"Iceberg Lettuce";"1.0000";"leaf, small (0.2 oz)";"1";"0";"0";"0";"0";"0";"0";"1";"1";"0"
"Lactose Free";"Designed for people who are lactose intolerant and must avoid milk-based products.";"4000";"Evening Snack";"21:00:00";"Soy Pudding: Banana (ZenSoy)";"2.0000";"container (4.0 oz)";"200";"4";"2";"42";"30";"0";"2";"300";"150";"0"
"Lactose Free";"Designed for people who are lactose intolerant and must avoid milk-based products.";"4250";"Early Morning Snack";"00:00:00";"Blueberries, fresh";"1.0000";"serving, 50 berries (2.4 oz)";"39";"1";"0";"10";"7";"0";"2";"4";"1";"0"
"Lactose Free";"Designed for people who are lactose intolerant and must avoid milk-based products.";"4250";"Early Morning Snack";"00:00:00";"Soy Yogurt, Plain (Silk)";"1.0000";"serving (8.0 oz)";"150";"6";"4";"22";"12";"0";"1";"400";"30";"1"
"Lactose Free";"Designed for people who are lactose intolerant and must avoid milk-based products.";"4250";"Early Morning Snack";"00:00:00";"Peach Nectar, canned";"1.0000";"cup (8.8 oz)";"134";"1";"0";"35";"33";"0";"1";"12";"17";"0"
"Lactose Free";"Designed for people who are lactose intolerant and must avoid milk-based products.";"4250";"Early Morning Snack";"00:00:00";"Banana";"1.0000";"medium, 7" to 7-7/8" long (4.2 oz)";"105";"1";"0";"27";"14";"0";"3";"6";"1";"0"
"Lactose Free";"Designed for people who are lactose intolerant and must avoid milk-based products.";"4250";"Breakfast";"07:00:00";"Soy Pudding:Chocolate Vanilla Swirl (ZenSoy)";"1.0000";"container (4.0 oz)";"120";"3";"1";"26";"20";"0";"1";"0";"75";"0"
"Lactose Free";"Designed for people who are lactose intolerant and must avoid milk-based products.";"4250";"Breakfast";"07:00:00";"Granola w. Oats & Honey (Quaker)";"2.0000";"serving, 1/2 cup (1.7 oz)";"420";"10";"12";"70";"24";"0";"6";"80";"50";"8"
"Lactose Free";"Designed for people who are lactose intolerant and must avoid milk-based products.";"4250";"Breakfast";"07:00:00";"Egg, scrambled/boiled/poached ";"3.0000";"large (1.6 oz)";"270";"19";"21";"1";"1";"631";"0";"81";"287";"6"
"Lactose Free";"Designed for people who are lactose intolerant and must avoid milk-based products.";"4250";"Breakfast";"07:00:00";"English Muffin, Whole Wheat (Oroweat)";"1.0000";"muffin, label weight (2.1 oz)";"130";"6";"2";"26";"6";"0";"4";"40";"240";"0"
"Lactose Free";"Designed for people who are lactose intolerant and must avoid milk-based products.";"4250";"Breakfast";"07:00:00";"Soy Yogurt, Vanilla (Silk)";"8.0000";"oz";"187";"5";"3";"33";"24";"0";"1";"400";"27";"0"
"Lactose Free";"Designed for people who are lactose intolerant and must avoid milk-based products.";"4250";"Breakfast";"07:00:00";"Orange Strawberry Banana Juice (Tropicana)";"1.0000";"cup (8.1 fl.oz)";"130";"2";"0";"30";"26";"0";"0";"0";"0";"0"
"Lactose Free";"Designed for people who are lactose intolerant and must avoid milk-based products.";"4250";"Lunch";"13:00:00";"Pumpkin seeds";"1.0000";"oz";"148";"9";"12";"4";"0";"0";"1";"12";"5";"2"
"Lactose Free";"Designed for people who are lactose intolerant and must avoid milk-based products.";"4250";"Lunch";"13:00:00";"Beets, boiled, drained";"1.0000";"serving, 1/2 cup slices (3.0 oz)";"37";"1";"0";"8";"7";"0";"2";"14";"65";"0"
"Lactose Free";"Designed for people who are lactose intolerant and must avoid milk-based products.";"4250";"Lunch";"13:00:00";"Chicken Breast, meat only, grilled/roasted/baked";"4.0000";"oz";"187";"35";"4";"0";"0";"96";"0";"17";"84";"1"
"Lactose Free";"Designed for people who are lactose intolerant and must avoid milk-based products.";"4250";"Lunch";"13:00:00";"Salad Dressing: Lively Lemon Tarragon ";"1.0000";"serving, 2 tablespoons (1.0 fl.oz)";"35";"0";"0";"8";"8";"0";"0";"0";"150";"0"
"Lactose Free";"Designed for people who are lactose intolerant and must avoid milk-based products.";"4250";"Lunch";"13:00:00";"Couscous: uncooked";"2.0000";"serving, 1/4 cup (1.6 oz)";"340";"14";"10";"74";"2";"0";"12";"40";"0";"1"
"Lactose Free";"Designed for people who are lactose intolerant and must avoid milk-based products.";"4250";"Lunch";"13:00:00";"Egg, scrambled/boiled/poached ";"1.0000";"large (1.6 oz)";"90";"6";"7";"0";"0";"210";"0";"27";"96";"2"
"Lactose Free";"Designed for people who are lactose intolerant and must avoid milk-based products.";"4250";"Afternoon Snack";"17:00:00";"Soy Yogurt, Plain (Silk)";"1.5000";"serving (8.0 oz)";"225";"9";"6";"33";"18";"0";"2";"600";"45";"1"
"Lactose Free";"Designed for people who are lactose intolerant and must avoid milk-based products.";"4250";"Afternoon Snack";"17:00:00";"Soymilk, Plain";"1.0000";"cup (8.0 fl.oz)";"100";"7";"4";"8";"6";"0";"1";"300";"120";"1"
"Lactose Free";"Designed for people who are lactose intolerant and must avoid milk-based products.";"4250";"Afternoon Snack";"17:00:00";"Strawberries, fresh";".2500";"cup, halves (5.4 oz)";"12";"0";"0";"3";"2";"0";"1";"6";"0";"0"
"Lactose Free";"Designed for people who are lactose intolerant and must avoid milk-based products.";"4250";"Afternoon Snack";"17:00:00";"Blueberries, fresh";".5000";"cup (5.1 oz)";"41";"1";"0";"11";"7";"0";"2";"4";"1";"0"
"Lactose Free";"Designed for people who are lactose intolerant and must avoid milk-based products.";"4250";"Afternoon Snack";"17:00:00";"Raspberries, fresh";".5000";"cup (4.3 oz)";"32";"1";"0";"7";"3";"0";"4";"15";"1";"0"
"Lactose Free";"Designed for people who are lactose intolerant and must avoid milk-based products.";"4250";"Dinner";"19:00:00";"Black Olives, Sliced (Castella)";"2.0000";"serving (0.5 oz)";"50";"0";"4";"2";"0";"0";"0";"0";"220";"4"
"Lactose Free";"Designed for people who are lactose intolerant and must avoid milk-based products.";"4250";"Dinner";"19:00:00";"Corn Tortillas, (6") Yellow (Mission)";"4.0000";"serving, 2 tortillas (2.2 oz)";"536";"13";"7";"107";"13";"0";"13";"0";"67";"0"
"Lactose Free";"Designed for people who are lactose intolerant and must avoid milk-based products.";"4250";"Dinner";"19:00:00";"Onions, all types, raw/cooked";"2.0000";"tablespoon, chopped (0.4 oz)";"8";"0";"0";"2";"1";"0";"0";"4";"1";"0"
"Lactose Free";"Designed for people who are lactose intolerant and must avoid milk-based products.";"4250";"Dinner";"19:00:00";"Enchilada Sauce, Medium (Las Palmas)";"3.0000";"serving, 1/4 cup (2.1 oz)";"45";"0";"2";"6";"0";"0";"3";"0";"930";"0"
"Lactose Free";"Designed for people who are lactose intolerant and must avoid milk-based products.";"4250";"Dinner";"19:00:00";"Soy Cheese, Shredded Cheddar Style (Soy-Sation)";"1.0000";"serving (1.0 oz)";"63";"7";"3";"2";"0";"0";"1";"250";"190";"0"
"Lactose Free";"Designed for people who are lactose intolerant and must avoid milk-based products.";"4250";"Dinner";"19:00:00";"Chicken Breast, meat only, grilled/roasted/baked";"1.5000";"cup, chopped or diced (4.9 oz)";"347";"65";"7";"0";"0";"179";"0";"32";"155";"2"
"Lactose Free";"Designed for people who are lactose intolerant and must avoid milk-based products.";"4250";"Dinner";"19:00:00";"Vanilla Soymilk";"2.0000";"cup (8.0 fl.oz)";"200";"12";"7";"20";"14";"0";"2";"600";"190";"1"
"Lactose Free";"Designed for people who are lactose intolerant and must avoid milk-based products.";"4250";"Evening Snack";"21:00:00";"Apple";"1.0000";"medium, 2-3/4" dia, approx 3 per lb (4.9 oz)";"72";"0";"0";"19";"14";"0";"3";"8";"1";"0"
"Lactose Free";"Designed for people who are lactose intolerant and must avoid milk-based products.";"4500";"Breakfast";"07:00:00";"Soymilk, Plain";"1.0000";"cup (8.0 fl.oz)";"100";"7";"4";"8";"6";"0";"1";"300";"120";"1"
"Lactose Free";"Designed for people who are lactose intolerant and must avoid milk-based products.";"4500";"Breakfast";"07:00:00";"Blueberries, fresh";"1.0000";"cup (5.1 oz)";"83";"1";"0";"21";"14";"0";"3";"9";"1";"0"
"Lactose Free";"Designed for people who are lactose intolerant and must avoid milk-based products.";"4500";"Breakfast";"07:00:00";"Peanut Butter, Creamy, Reduced-Fat (Skippy)";"1.0000";"serving, 2 tablespoons (1.3 oz)";"190";"7";"12";"15";"5";"0";"2";"0";"190";"3"
"Lactose Free";"Designed for people who are lactose intolerant and must avoid milk-based products.";"4500";"Breakfast";"07:00:00";"Apple";"1.0000";"large, 3-1/4" dia, approx 2 per lb (7.5 oz)";"110";"1";"0";"29";"22";"0";"5";"13";"2";"0"
"Lactose Free";"Designed for people who are lactose intolerant and must avoid milk-based products.";"4500";"Breakfast";"07:00:00";"GoLEAN, Crunch! Cereal (Kashi)";"1.0000";"cup (1.9 oz)";"190";"9";"3";"36";"13";"0";"8";"40";"95";"0"
"Lactose Free";"Designed for people who are lactose intolerant and must avoid milk-based products.";"4500";"Morning Snack";"10:00:00";"Pumpkin, canned, no salt added";"1.0000";"serving, 1/2 cup (4.3 oz)";"41";"1";"0";"10";"4";"0";"4";"32";"6";"0"
"Lactose Free";"Designed for people who are lactose intolerant and must avoid milk-based products.";"4500";"Morning Snack";"10:00:00";"Oats, old Fashioned, dry (Quaker)";"2.0000";"serving, 1/2 cup dry (1.4 oz)";"300";"10";"6";"54";"2";"0";"8";"0";"0";"1"
"Lactose Free";"Designed for people who are lactose intolerant and must avoid milk-based products.";"4500";"Morning Snack";"10:00:00";"Cinnamon, ground";"1.0000";"teaspoon (0.1 oz)";"6";"0";"0";"2";"0";"0";"1";"28";"1";"0"
"Lactose Free";"Designed for people who are lactose intolerant and must avoid milk-based products.";"4500";"Morning Snack";"10:00:00";"Honey";"1.0000";"tablespoon (0.7 oz)";"64";"0";"0";"17";"17";"0";"0";"1";"1";"0"
"Lactose Free";"Designed for people who are lactose intolerant and must avoid milk-based products.";"4500";"Morning Snack";"10:00:00";"Vanilla Soymilk";".5000";"cup (8.0 fl.oz)";"50";"3";"2";"5";"4";"0";"1";"150";"48";"0"
"Lactose Free";"Designed for people who are lactose intolerant and must avoid milk-based products.";"4500";"Morning Snack";"10:00:00";"Banana";"1.0000";"medium, 7" to 7-7/8" long (4.2 oz)";"105";"1";"0";"27";"14";"0";"3";"6";"1";"0"
"Lactose Free";"Designed for people who are lactose intolerant and must avoid milk-based products.";"4500";"Morning Snack";"10:00:00";"dotFIT WheySmooth – Vanilla Crème";"1.0000";"1 scoop (37.5g)";"150";"25";"2";"7";"2";"75";"0";"0";"105";"1"
"Lactose Free";"Designed for people who are lactose intolerant and must avoid milk-based products.";"4500";"Lunch";"13:00:00";"V-8 Vegetable Juice";"1.0000";"serving (12.0 oz)";"70";"3";"0";"14";"11";"0";"3";"40";"880";"0"
"Lactose Free";"Designed for people who are lactose intolerant and must avoid milk-based products.";"4500";"Lunch";"13:00:00";"Carrots, raw";"1.0000";"carrot, medium, 6 1/2" long (2.2 oz)";"25";"1";"0";"6";"3";"0";"2";"20";"42";"0"
"Lactose Free";"Designed for people who are lactose intolerant and must avoid milk-based products.";"4500";"Lunch";"13:00:00";"Almonds, raw";".5000";"cup, sliced (3.2 oz)";"266";"10";"23";"9";"2";"0";"5";"114";"0";"2"
"Lactose Free";"Designed for people who are lactose intolerant and must avoid milk-based products.";"4500";"Lunch";"13:00:00";"Salad Dressings: Blush Wine Vinaigrette (Briannas)";"3.0000";"serving, 2 tablespoons (1.0 fl.oz)";"360";"0";"21";"42";"42";"0";"0";"0";"1260";"2"
"Lactose Free";"Designed for people who are lactose intolerant and must avoid milk-based products.";"4500";"Lunch";"13:00:00";"Soy Cheese , Cheddar (Trader Joe's)";"2.0000";"slice (0.7 oz)";"90";"6";"4";"6";"0";"0";"0";"300";"360";"0"
"Lactose Free";"Designed for people who are lactose intolerant and must avoid milk-based products.";"4500";"Lunch";"13:00:00";"12 Grain Bread (Orowheat)";"2.0000";"slice (1.3 oz)";"220";"8";"3";"40";"8";"0";"2";"80";"380";"0"
"Lactose Free";"Designed for people who are lactose intolerant and must avoid milk-based products.";"4500";"Lunch";"13:00:00";"Romaine Lettuce";"2.0000";"leaf, inner (0.2 oz)";"2";"0";"0";"0";"0";"0";"0";"4";"1";"0"
"Lactose Free";"Designed for people who are lactose intolerant and must avoid milk-based products.";"4500";"Lunch";"13:00:00";"Tomato, fresh";"3.0000";"slice, thin/small (0.5 oz)";"8";"0";"0";"2";"1";"0";"1";"5";"2";"0"
"Lactose Free";"Designed for people who are lactose intolerant and must avoid milk-based products.";"4500";"Lunch";"13:00:00";"Turkey Breast, Oven Roasted, Extra Lean 97% Fat-Free (Jennie-O)";"4.0000";"serving (2.0 oz)";"200";"44";"2";"0";"0";"80";"0";"0";"1920";"0"
"Lactose Free";"Designed for people who are lactose intolerant and must avoid milk-based products.";"4500";"Lunch";"13:00:00";"Spinach, raw";"2.0000";"cup (1.1 oz)";"14";"2";"0";"2";"0";"0";"1";"59";"47";"0"
"Lactose Free";"Designed for people who are lactose intolerant and must avoid milk-based products.";"4500";"Afternoon Snack";"17:00:00";"Raspberries, fresh";".5000";"cup (4.3 oz)";"32";"1";"0";"7";"3";"0";"4";"15";"1";"0"
"Lactose Free";"Designed for people who are lactose intolerant and must avoid milk-based products.";"4500";"Afternoon Snack";"17:00:00";"Soy Yogurt, Vanilla (Silk)";"8.0000";"oz";"187";"5";"3";"33";"24";"0";"1";"400";"27";"0"
"Lactose Free";"Designed for people who are lactose intolerant and must avoid milk-based products.";"4500";"Afternoon Snack";"17:00:00";"dotFIT WheySmooth – Vanilla Crème";"1.0000";"1 scoop (37.5g)";"150";"25";"2";"7";"2";"75";"0";"0";"105";"1"
"Lactose Free";"Designed for people who are lactose intolerant and must avoid milk-based products.";"4500";"Afternoon Snack";"17:00:00";"Soymilk, Plain";"1.0000";"cup (8.0 fl.oz)";"100";"7";"4";"8";"6";"0";"1";"300";"120";"1"
"Lactose Free";"Designed for people who are lactose intolerant and must avoid milk-based products.";"4500";"Afternoon Snack";"17:00:00";"Strawberries, fresh";".5000";"cup, halves (5.4 oz)";"24";"1";"0";"6";"4";"0";"2";"12";"1";"0"
"Lactose Free";"Designed for people who are lactose intolerant and must avoid milk-based products.";"4500";"Afternoon Snack";"17:00:00";"Blueberries, fresh";"1.0000";"serving, 50 berries (2.4 oz)";"39";"1";"0";"10";"7";"0";"2";"4";"1";"0"
"Lactose Free";"Designed for people who are lactose intolerant and must avoid milk-based products.";"4500";"Afternoon Snack";"17:00:00";"Banana";"1.0000";"medium, 7" to 7-7/8" long (4.2 oz)";"105";"1";"0";"27";"14";"0";"3";"6";"1";"0"
"Lactose Free";"Designed for people who are lactose intolerant and must avoid milk-based products.";"4500";"Dinner";"19:00:00";"Brown rice, long-grain, cooked";"2.0000";"serving, 1/2 cup (3.4 oz)";"216";"5";"2";"45";"1";"0";"4";"20";"10";"0"
"Lactose Free";"Designed for people who are lactose intolerant and must avoid milk-based products.";"4500";"Dinner";"19:00:00";"Teriyaki sauce";"3.0000";"tablespoon (0.6 oz)";"45";"3";"0";"9";"7";"0";"0";"14";"2070";"0"
"Lactose Free";"Designed for people who are lactose intolerant and must avoid milk-based products.";"4500";"Dinner";"19:00:00";"Brussels Sprouts, raw";"1.0000";"cup (3.1 oz)";"38";"3";"0";"8";"2";"0";"3";"37";"22";"0"
"Lactose Free";"Designed for people who are lactose intolerant and must avoid milk-based products.";"4500";"Dinner";"19:00:00";"Carrots, raw";".5000";"cup, chopped (4.5 oz)";"26";"1";"0";"6";"3";"0";"2";"21";"44";"0"
"Lactose Free";"Designed for people who are lactose intolerant and must avoid milk-based products.";"4500";"Dinner";"19:00:00";"Chicken Breast, meat only, grilled/roasted/baked";"2.0000";"serving, 1/2 breast (3.0 oz)";"284";"53";"6";"0";"0";"146";"0";"26";"127";"2"
"Lactose Free";"Designed for people who are lactose intolerant and must avoid milk-based products.";"4500";"Evening Snack";"21:00:00";"Soy Pudding:Chocolate Vanilla Swirl (ZenSoy)";"1.0000";"container (4.0 oz)";"120";"3";"1";"26";"20";"0";"1";"0";"75";"0"
"Lactose Free";"Designed for people who are lactose intolerant and must avoid milk-based products.";"4500";"Evening Snack";"21:00:00";"Banana";"1.0000";"medium, 7" to 7-7/8" long (4.2 oz)";"105";"1";"0";"27";"14";"0";"3";"6";"1";"0"
"Lactose Free";"Designed for people who are lactose intolerant and must avoid milk-based products.";"4750";"Breakfast";"07:00:00";"12 Grain Bread (Orowheat)";"2.0000";"slice (1.3 oz)";"220";"8";"3";"40";"8";"0";"2";"80";"380";"0"
"Lactose Free";"Designed for people who are lactose intolerant and must avoid milk-based products.";"4750";"Breakfast";"07:00:00";"Margarine";"1.0000";"tablespoon (0.5 oz)";"100";"0";"11";"0";"0";"0";"0";"0";"120";"4"
"Lactose Free";"Designed for people who are lactose intolerant and must avoid milk-based products.";"4750";"Breakfast";"07:00:00";"Soy Cheese, Three Cheese Blend, shredded (Trader Joe's)";"3.0000";"serving (1.0 oz)";"210";"21";"12";"6";"0";"0";"3";"750";"570";"0"
"Lactose Free";"Designed for people who are lactose intolerant and must avoid milk-based products.";"4750";"Breakfast";"07:00:00";"Eggs, whole";"3.0000";"large (1.8 oz)";"221";"19";"15";"1";"1";"635";"0";"80";"210";"5"
"Lactose Free";"Designed for people who are lactose intolerant and must avoid milk-based products.";"4750";"Breakfast";"07:00:00";"Extra Virgin Olive Oil";"1.0000";"tablespoon (0.5 fl.oz)";"120";"0";"14";"0";"0";"0";"0";"0";"0";"2"
"Lactose Free";"Designed for people who are lactose intolerant and must avoid milk-based products.";"4750";"Breakfast";"07:00:00";"Mushrooms, white, raw";".5000";"cup, pieces or slices (2.5 oz)";"8";"1";"0";"1";"1";"0";"0";"1";"2";"0"
"Lactose Free";"Designed for people who are lactose intolerant and must avoid milk-based products.";"4750";"Breakfast";"07:00:00";"Bell Pepper, raw";".5000";"cup, chopped (5.3 oz)";"15";"1";"0";"3";"2";"0";"1";"7";"2";"0"
"Lactose Free";"Designed for people who are lactose intolerant and must avoid milk-based products.";"4750";"Morning Snack";"10:00:00";"Coconut Milk, canned";"2.0000";"tablespoon (0.5 oz)";"59";"1";"6";"1";"0";"0";"0";"5";"4";"6"
"Lactose Free";"Designed for people who are lactose intolerant and must avoid milk-based products.";"4750";"Morning Snack";"10:00:00";"Pineapple Orange Banana Juice (Dole)";"1.0000";"cup (8.1 fl.oz)";"130";"1";"0";"30";"26";"0";"0";"40";"10";"0"
"Lactose Free";"Designed for people who are lactose intolerant and must avoid milk-based products.";"4750";"Morning Snack";"10:00:00";"Strawberries, fresh";"1.0000";"cup, whole (5.1 oz)";"46";"1";"0";"11";"7";"0";"3";"23";"1";"0"
"Lactose Free";"Designed for people who are lactose intolerant and must avoid milk-based products.";"4750";"Morning Snack";"10:00:00";"Soy Yogurt, Plain (Silk)";"1.0000";"serving (8.0 oz)";"150";"6";"4";"22";"12";"0";"1";"400";"30";"1"
"Lactose Free";"Designed for people who are lactose intolerant and must avoid milk-based products.";"4750";"Morning Snack";"10:00:00";"dotFIT WheySmooth – Vanilla Crème";"1.0000";"1 scoop (37.5g)";"150";"25";"2";"7";"2";"75";"0";"0";"105";"1"
"Lactose Free";"Designed for people who are lactose intolerant and must avoid milk-based products.";"4750";"Lunch";"13:00:00";"100% Whole Wheat Bread (Orowheat)";"2.0000";"slice (1.3 oz)";"200";"8";"2";"38";"8";"0";"6";"120";"420";"0"
"Lactose Free";"Designed for people who are lactose intolerant and must avoid milk-based products.";"4750";"Lunch";"13:00:00";"Tuna, light, in water, drained ";"2.0000";"serving (3.0 oz)";"197";"43";"1";"0";"0";"51";"0";"19";"575";"0"
"Lactose Free";"Designed for people who are lactose intolerant and must avoid milk-based products.";"4750";"Lunch";"13:00:00";"Relish, Dill (Vlasic)";"2.0000";"tablespoon (0.5 oz)";"10";"0";"0";"2";"2";"0";"0";"0";"480";"0"
"Lactose Free";"Designed for people who are lactose intolerant and must avoid milk-based products.";"4750";"Lunch";"13:00:00";"Banana";"1.0000";"large, 8" to 8-7/8" long (4.8 oz)";"121";"1";"0";"31";"17";"0";"4";"7";"1";"0"
"Lactose Free";"Designed for people who are lactose intolerant and must avoid milk-based products.";"4750";"Lunch";"13:00:00";"Mayonnaise (Hellmann's)";"1.0000";"tablespoon (0.5 oz)";"90";"0";"10";"0";"0";"5";"0";"0";"90";"2"
"Lactose Free";"Designed for people who are lactose intolerant and must avoid milk-based products.";"4750";"Lunch";"13:00:00";"Milk: Lactose Free, Reduced-Fat (Lactaid)";"2.0000";"cup (8.1 fl.oz)";"260";"16";"10";"24";"24";"40";"0";"600";"250";"6"
"Lactose Free";"Designed for people who are lactose intolerant and must avoid milk-based products.";"4750";"Afternoon Snack";"17:00:00";"Strawberries, fresh";".5000";"cup, sliced (5.9 oz)";"27";"1";"0";"6";"4";"0";"2";"13";"1";"0"
"Lactose Free";"Designed for people who are lactose intolerant and must avoid milk-based products.";"4750";"Afternoon Snack";"17:00:00";"Peach";"1.0000";"cup, slices (6.0 oz)";"66";"2";"0";"16";"14";"0";"3";"10";"0";"0"
"Lactose Free";"Designed for people who are lactose intolerant and must avoid milk-based products.";"4750";"Afternoon Snack";"17:00:00";"Vanilla Wafers, Mini (Keebler)";"1.0000";"serving, 18 cookies (1.1 oz)";"140";"1";"6";"21";"9";"0";"1";"0";"120";"2"
"Lactose Free";"Designed for people who are lactose intolerant and must avoid milk-based products.";"4750";"Afternoon Snack";"17:00:00";"Cinnamon, ground";"1.0000";"teaspoon (0.1 oz)";"6";"0";"0";"2";"0";"0";"1";"28";"1";"0"
"Lactose Free";"Designed for people who are lactose intolerant and must avoid milk-based products.";"4750";"Afternoon Snack";"17:00:00";"Soymilk, Plain";"1.5000";"cup (8.0 fl.oz)";"150";"11";"6";"12";"9";"0";"2";"450";"180";"1"
"Lactose Free";"Designed for people who are lactose intolerant and must avoid milk-based products.";"4750";"Afternoon Snack";"17:00:00";"dotFIT WheySmooth – Vanilla Crème";"1.0000";"1 scoop (37.5g)";"150";"25";"2";"7";"2";"75";"0";"0";"105";"1"
"Lactose Free";"Designed for people who are lactose intolerant and must avoid milk-based products.";"4750";"Dinner";"19:00:00";"Margarine";"1.0000";"tablespoon (0.5 oz)";"100";"0";"11";"0";"0";"0";"0";"0";"120";"4"
"Lactose Free";"Designed for people who are lactose intolerant and must avoid milk-based products.";"4750";"Dinner";"19:00:00";"Ruby Red Grapefruit Juice (Tropicana)";"1.0000";"cup (8.1 fl.oz)";"130";"1";"0";"31";"29";"0";"0";"0";"15";"0"
"Lactose Free";"Designed for people who are lactose intolerant and must avoid milk-based products.";"4750";"Dinner";"19:00:00";"Broccoli, cooked";"2.0000";"serving (3.1 oz)";"61";"4";"1";"12";"2";"0";"6";"70";"71";"0"
"Lactose Free";"Designed for people who are lactose intolerant and must avoid milk-based products.";"4750";"Dinner";"19:00:00";"Sweet Potato, boiled, no skin";"2.0000";"cup, mashed (11.6 oz)";"499";"9";"1";"116";"38";"0";"16";"177";"177";"0"
"Lactose Free";"Designed for people who are lactose intolerant and must avoid milk-based products.";"4750";"Dinner";"19:00:00";"Top Sirloin Steak, Lean Only, broiled";"1.0000";"piece, cooked, excluding refuse, yield from 1 lb raw meat with refuse (10.3 oz)";"534";"89";"17";"0";"0";"169";"0";"58";"187";"6"
"Lactose Free";"Designed for people who are lactose intolerant and must avoid milk-based products.";"4750";"Evening Snack";"21:00:00";"Light Soymilk, Chocolate ";"1.5000";"cup (8.0 fl.oz)";"180";"8";"2";"33";"29";"0";"3";"450";"150";"0"
"Lactose Free";"Designed for people who are lactose intolerant and must avoid milk-based products.";"4750";"Evening Snack";"21:00:00";"Cheerios, Multi Grain (General Mills)";"2.0000";"cup (1.0 oz)";"220";"4";"2";"46";"12";"0";"6";"200";"400";"0"
"Lactose Free";"Designed for people who are lactose intolerant and must avoid milk-based products.";"5000";"Early Morning Snack";"00:00:00";"V8 Splash, Orange Pineapple";"2.0000";"cup (8.0 fl.oz)";"140";"0";"0";"36";"36";"0";"0";"0";"100";"0"
"Lactose Free";"Designed for people who are lactose intolerant and must avoid milk-based products.";"5000";"Breakfast";"07:00:00";"Margarine";"2.0000";"tablespoon (0.5 oz)";"200";"0";"22";"0";"0";"0";"0";"0";"240";"7"
"Lactose Free";"Designed for people who are lactose intolerant and must avoid milk-based products.";"5000";"Breakfast";"07:00:00";"Odwalla Superfood Juice";"1.0000";"cup (8.1 fl.oz)";"130";"1";"1";"30";"25";"0";"0";"20";"10";"0"
"Lactose Free";"Designed for people who are lactose intolerant and must avoid milk-based products.";"5000";"Breakfast";"07:00:00";"Pears, all varieties, raw";"2.0000";"pear, large, approx 2 per lb (7.4 oz)";"242";"2";"1";"65";"41";"0";"13";"38";"4";"0"
"Lactose Free";"Designed for people who are lactose intolerant and must avoid milk-based products.";"5000";"Breakfast";"07:00:00";"Egg, scrambled/boiled/poached ";"1.0000";"large (1.6 oz)";"90";"6";"7";"0";"0";"210";"0";"27";"96";"2"
"Lactose Free";"Designed for people who are lactose intolerant and must avoid milk-based products.";"5000";"Breakfast";"07:00:00";"Peanut Butter, Creamy, Reduced-Fat (Skippy)";"1.0000";"serving, 2 tablespoons (1.3 oz)";"190";"7";"12";"15";"5";"0";"2";"0";"190";"3"
"Lactose Free";"Designed for people who are lactose intolerant and must avoid milk-based products.";"5000";"Breakfast";"07:00:00";"Bagels: Sprouted with Ezekial 4:9 Grains (French Meadow Bakery)";"2.0000";"bagel (3.5 oz)";"560";"26";"3";"98";"4";"0";"8";"40";"780";"0"
"Lactose Free";"Designed for people who are lactose intolerant and must avoid milk-based products.";"5000";"Morning Snack";"10:00:00";"Strawberries, fresh";".5000";"cup, halves (5.4 oz)";"24";"1";"0";"6";"4";"0";"2";"12";"1";"0"
"Lactose Free";"Designed for people who are lactose intolerant and must avoid milk-based products.";"5000";"Morning Snack";"10:00:00";"Banana";"1.0000";"medium, 7" to 7-7/8" long (4.2 oz)";"105";"1";"0";"27";"14";"0";"3";"6";"1";"0"
"Lactose Free";"Designed for people who are lactose intolerant and must avoid milk-based products.";"5000";"Morning Snack";"10:00:00";"Blueberries, fresh";"1.0000";"serving, 50 berries (2.4 oz)";"39";"1";"0";"10";"7";"0";"2";"4";"1";"0"
"Lactose Free";"Designed for people who are lactose intolerant and must avoid milk-based products.";"5000";"Morning Snack";"10:00:00";"Raspberries, fresh";".5000";"cup (4.3 oz)";"32";"1";"0";"7";"3";"0";"4";"15";"1";"0"
"Lactose Free";"Designed for people who are lactose intolerant and must avoid milk-based products.";"5000";"Morning Snack";"10:00:00";"Soy Yogurt, Plain (Silk)";"1.0000";"serving (8.0 oz)";"150";"6";"4";"22";"12";"0";"1";"400";"30";"1"
"Lactose Free";"Designed for people who are lactose intolerant and must avoid milk-based products.";"5000";"Morning Snack";"10:00:00";"Soymilk, Chocolate (SIlk)";"1.0000";"cup (8.0 fl.oz)";"138";"5";"3";"23";"19";"0";"2";"296";"99";"0"
"Lactose Free";"Designed for people who are lactose intolerant and must avoid milk-based products.";"5000";"Morning Snack";"10:00:00";"dotFIT WheySmooth - Chocolate Crème";"1.0000";"1 scoop (42g)";"160";"25";"3";"7";"2";"60";"0";"200";"220";"1"
"Lactose Free";"Designed for people who are lactose intolerant and must avoid milk-based products.";"5000";"Lunch";"13:00:00";"V8 Fusion, Peach Mango";"1.0000";"cup (8.0 fl.oz)";"120";"1";"0";"28";"26";"0";"0";"20";"70";"0"
"Lactose Free";"Designed for people who are lactose intolerant and must avoid milk-based products.";"5000";"Lunch";"13:00:00";"Soups: Southwestern Corn (Campbell's)";"1.0000";"cup";"150";"3";"3";"26";"7";"0";"2";"20";"620";"1"
"Lactose Free";"Designed for people who are lactose intolerant and must avoid milk-based products.";"5000";"Lunch";"13:00:00";"Tomato, fresh";"2.0000";"slice, thin/small (0.5 oz)";"5";"0";"0";"1";"1";"0";"0";"3";"2";"0"
"Lactose Free";"Designed for people who are lactose intolerant and must avoid milk-based products.";"5000";"Lunch";"13:00:00";"Avocados, all types ";".5000";"avocado, NS as to Florida or California (7.1 oz)";"161";"2";"15";"9";"1";"0";"7";"12";"7";"2"
"Lactose Free";"Designed for people who are lactose intolerant and must avoid milk-based products.";"5000";"Lunch";"13:00:00";"Soy Cheese , Cheddar (Trader Joe's)";"2.0000";"slice (0.7 oz)";"90";"6";"4";"6";"0";"0";"0";"300";"360";"0"
"Lactose Free";"Designed for people who are lactose intolerant and must avoid milk-based products.";"5000";"Lunch";"13:00:00";"Tuna, light, in water, drained ";"2.0000";"serving (3.0 oz)";"197";"43";"1";"0";"0";"51";"0";"19";"575";"0"
"Lactose Free";"Designed for people who are lactose intolerant and must avoid milk-based products.";"5000";"Lunch";"13:00:00";"English Muffin, Whole Wheat (Oroweat)";"2.0000";"muffin, label weight (2.1 oz)";"260";"12";"3";"52";"12";"0";"8";"80";"480";"0"
"Lactose Free";"Designed for people who are lactose intolerant and must avoid milk-based products.";"5000";"Afternoon Snack";"17:00:00";"Blueberries, fresh";"1.0000";"serving, 50 berries (2.4 oz)";"39";"1";"0";"10";"7";"0";"2";"4";"1";"0"
"Lactose Free";"Designed for people who are lactose intolerant and must avoid milk-based products.";"5000";"Afternoon Snack";"17:00:00";"Carrot Juice (Odwalla)";"1.5000";"cup (8.1 fl.oz)";"105";"3";"0";"23";"20";"0";"2";"60";"240";"0"
"Lactose Free";"Designed for people who are lactose intolerant and must avoid milk-based products.";"5000";"Afternoon Snack";"17:00:00";"Banana";"1.0000";"large, 8" to 8-7/8" long (4.8 oz)";"121";"1";"0";"31";"17";"0";"4";"7";"1";"0"
"Lactose Free";"Designed for people who are lactose intolerant and must avoid milk-based products.";"5000";"Afternoon Snack";"17:00:00";"Soymilk, Plus DHA Omega-3 (Silk)";"1.0000";"cup (8.1 fl.oz)";"110";"7";"5";"8";"6";"0";"1";"350";"120";"1"
"Lactose Free";"Designed for people who are lactose intolerant and must avoid milk-based products.";"5000";"Dinner";"19:00:00";"Carrots, boiled or steamed";"3.0000";"serving, 1/2 cup slices (2.8 oz)";"82";"2";"0";"19";"8";"0";"7";"70";"136";"0"
"Lactose Free";"Designed for people who are lactose intolerant and must avoid milk-based products.";"5000";"Dinner";"19:00:00";"Milk: 100% Lactose Free, Low-Fat (Lactaid)";"2.0000";"cup (8.1 fl.oz)";"220";"16";"5";"26";"24";"20";"0";"600";"250";"3"
"Lactose Free";"Designed for people who are lactose intolerant and must avoid milk-based products.";"5000";"Dinner";"19:00:00";"Chicken Breast, meat only, grilled/roasted/baked";"2.0000";"serving, 1/2 breast (3.0 oz)";"284";"53";"6";"0";"0";"146";"0";"26";"127";"2"
"Lactose Free";"Designed for people who are lactose intolerant and must avoid milk-based products.";"5000";"Dinner";"19:00:00";"Green beans, snap or string, boiled";"2.0000";"cup (4.4 oz)";"88";"5";"1";"20";"4";"0";"8";"110";"3";"0"
"Lactose Free";"Designed for people who are lactose intolerant and must avoid milk-based products.";"5000";"Dinner";"19:00:00";"Brown rice, long-grain, cooked";"2.0000";"cup (6.9 oz)";"433";"10";"4";"90";"1";"0";"7";"39";"20";"1"
"Lactose Free";"Designed for people who are lactose intolerant and must avoid milk-based products.";"5000";"Evening Snack";"21:00:00";"Mixed Fruit Bowl (Dole)";"1.0000";"container (4.0 oz)";"80";"1";"0";"19";"17";"0";"1";"0";"10";"0"
"Vegetarian";"Designed for those who do not consume red meat, pork or poultry.";"1000";"Breakfast";"07:00:00";"Bran Cereal (All-Bran)";"1.0000";"serving, 1/3 cup (1.1 oz)";"70";"2";"1";"24";"8";"0";"13";"0";"200";"0"
"Vegetarian";"Designed for those who do not consume red meat, pork or poultry.";"1000";"Breakfast";"07:00:00";"Yogurts, Non-Fat, Vanilla (Dannon, Light n Fit)";"1.0000";"container (6.0 oz)";"60";"5";"0";"10";"7";"5";"0";"200";"80";"0"
"Vegetarian";"Designed for those who do not consume red meat, pork or poultry.";"1000";"Breakfast";"07:00:00";"Blueberries, fresh";"1.0000";"serving, 50 berries (2.4 oz)";"39";"1";"0";"10";"7";"0";"2";"4";"1";"0"
"Vegetarian";"Designed for those who do not consume red meat, pork or poultry.";"1000";"Lunch";"13:00:00";"Romaine Lettuce";"3.0000";"cup, shredded (1.7 oz)";"24";"2";"0";"5";"2";"0";"3";"47";"11";"0"
"Vegetarian";"Designed for those who do not consume red meat, pork or poultry.";"1000";"Lunch";"13:00:00";"Onions, all types, raw/cooked";"2.0000";"tablespoon, chopped (0.4 oz)";"8";"0";"0";"2";"1";"0";"0";"4";"1";"0"
"Vegetarian";"Designed for those who do not consume red meat, pork or poultry.";"1000";"Lunch";"13:00:00";"Italian Dressing";"2.0000";"tablespoon (0.5 oz)";"86";"0";"8";"3";"2";"0";"0";"2";"486";"1"
"Vegetarian";"Designed for those who do not consume red meat, pork or poultry.";"1000";"Lunch";"13:00:00";"Tomato, fresh";".5000";"cup, chopped or sliced (6.3 oz)";"16";"1";"0";"4";"2";"0";"1";"9";"5";"0"
"Vegetarian";"Designed for those who do not consume red meat, pork or poultry.";"1000";"Lunch";"13:00:00";"Black Beans, canned";"1.0000";"serving, 1/2 cup (4.6 oz)";"100";"6";"1";"17";"0";"0";"5";"40";"400";"0"
"Vegetarian";"Designed for those who do not consume red meat, pork or poultry.";"1000";"Lunch";"13:00:00";"Sweet Yellow Corn, canned, no salt added";"1.0000";"serving, 1/2 cup (3.7 oz)";"83";"3";"1";"20";"4";"0";"2";"5";"3";"0"
"Vegetarian";"Designed for those who do not consume red meat, pork or poultry.";"1000";"Lunch";"13:00:00";"Cheddar Cheese";".2500";"slice (1.0 oz)";"28";"2";"2";"0";"0";"7";"0";"50";"43";"1"
"Vegetarian";"Designed for those who do not consume red meat, pork or poultry.";"1000";"Afternoon Snack";"17:00:00";"Light String Cheese";"1.0000";"single (1.0 oz)";"60";"7";"3";"1";"0";"10";"0";"200";"210";"2"
"Vegetarian";"Designed for those who do not consume red meat, pork or poultry.";"1000";"Dinner";"19:00:00";"Broccoli, cooked";"1.0000";"serving (3.1 oz)";"30";"2";"0";"6";"1";"0";"3";"35";"36";"0"
"Vegetarian";"Designed for those who do not consume red meat, pork or poultry.";"1000";"Dinner";"19:00:00";"Vanilla Soymilk, Light";".5000";"cup (8.0 fl.oz)";"40";"3";"1";"5";"4";"0";"1";"150";"48";"0"
"Vegetarian";"Designed for those who do not consume red meat, pork or poultry.";"1000";"Dinner";"19:00:00";"Vegetarian Meatless Lasagna w. Chunky Tomato & Herb Sauce";"1.0000";"container (10.5 oz)";"290";"21";"5";"42";"8";"15";"5";"300";"880";"2"
"Vegetarian";"Designed for those who do not consume red meat, pork or poultry.";"1250";"Breakfast";"07:00:00";"Cottage Cheese: Low-Fat (2%)";"1.0000";"serving (4.0 oz)";"102";"16";"2";"4";"0";"9";"0";"78";"459";"1"
"Vegetarian";"Designed for those who do not consume red meat, pork or poultry.";"1250";"Breakfast";"07:00:00";"Frozen Mixed Berries (Dole)";".5000";"cup (4.9 oz)";"35";"0";"0";"9";"6";"0";"3";"10";"0";"0"
"Vegetarian";"Designed for those who do not consume red meat, pork or poultry.";"1250";"Breakfast";"07:00:00";"Whole Wheat Waffles, Low-Fat, frozen (Eggo)";"1.0000";"serving, 2 waffles (2.5 oz)";"140";"5";"3";"28";"3";"0";"2";"100";"430";"1"
"Vegetarian";"Designed for those who do not consume red meat, pork or poultry.";"1250";"Morning Snack";"10:00:00";"Banana";"1.0000";"medium, 7" to 7-7/8" long (4.2 oz)";"105";"1";"0";"27";"14";"0";"3";"6";"1";"0"
"Vegetarian";"Designed for those who do not consume red meat, pork or poultry.";"1250";"Morning Snack";"10:00:00";"Peanut Butter, Natural, Creamy";".5000";"serving, 2 tablespoons (1.1 oz)";"90";"4";"8";"3";"2";"0";"1";"0";"75";"2"
"Vegetarian";"Designed for those who do not consume red meat, pork or poultry.";"1250";"Morning Snack";"10:00:00";"Grahams Crackers (Keebler)";"1.0000";"cracker sheet, 4 crackers (0.5 oz)";"63";"1";"2";"10";"3";"0";"0";"45";"68";"0"
"Vegetarian";"Designed for those who do not consume red meat, pork or poultry.";"1250";"Lunch";"13:00:00";"Vegetarian Black Bean Enchilada Meal, frozen (Amy's)";"1.0000";"package (10.0 oz)";"330";"9";"8";"53";"4";"0";"9";"60";"740";"1"
"Vegetarian";"Designed for those who do not consume red meat, pork or poultry.";"1250";"Lunch";"13:00:00";"Pears, all varieties, raw";"1.0000";"pear, small, approx 3 per lb (4.9 oz)";"81";"1";"0";"21";"14";"0";"4";"13";"1";"0"
"Vegetarian";"Designed for those who do not consume red meat, pork or poultry.";"1250";"Dinner";"19:00:00";"Teriyaki Cooking Sauce for Stir-Fry (La Choy)";"1.0000";"serving (0.6 oz)";"30";"0";"0";"7";"4";"0";"0";"0";"320";"0"
"Vegetarian";"Designed for those who do not consume red meat, pork or poultry.";"1250";"Dinner";"19:00:00";"Brown rice, long-grain, cooked";"1.0000";"serving, 1/2 cup (3.4 oz)";"108";"3";"1";"22";"0";"0";"2";"10";"5";"0"
"Vegetarian";"Designed for those who do not consume red meat, pork or poultry.";"1250";"Dinner";"19:00:00";"Tofu, firm, nigari";"2.0000";"serving, 1/2 cup (4.4 oz)";"176";"21";"11";"4";"2";"0";"2";"507";"30";"2"
"Vegetarian";"Designed for those who do not consume red meat, pork or poultry.";"1500";"Breakfast";"07:00:00";"Banana";"1.0000";"medium, 7" to 7-7/8" long (4.2 oz)";"105";"1";"0";"27";"14";"0";"3";"6";"1";"0"
"Vegetarian";"Designed for those who do not consume red meat, pork or poultry.";"1500";"Breakfast";"07:00:00";"Vanilla Soymilk, Fat-Free";"1.0000";"cup (8.0 fl.oz)";"70";"6";"0";"11";"10";"0";"0";"300";"100";"0"
"Vegetarian";"Designed for those who do not consume red meat, pork or poultry.";"1500";"Breakfast";"07:00:00";"Frosted Mini-Wheats, Bite Size (Kellog's)";"1.0000";"serving, 24 biscuits (2.1 oz)";"200";"6";"1";"48";"12";"0";"6";"0";"5";"0"
"Vegetarian";"Designed for those who do not consume red meat, pork or poultry.";"1500";"Lunch";"13:00:00";"Ketchup";"1.0000";"tablespoon (0.6 oz)";"15";"0";"0";"4";"4";"0";"0";"0";"190";"0"
"Vegetarian";"Designed for those who do not consume red meat, pork or poultry.";"1500";"Lunch";"13:00:00";"Chik Patties, Breaded (Morningstar Farms)";"1.0000";"pattie (2.5 oz)";"150";"9";"6";"16";"1";"0";"2";"0";"540";"1"
"Vegetarian";"Designed for those who do not consume red meat, pork or poultry.";"1500";"Lunch";"13:00:00";"Italian Pasta Salad (Reser's)";"1.0000";"serving, 1/2 cup (4.9 oz)";"160";"4";"9";"18";"3";"0";"3";"40";"670";"2"
"Vegetarian";"Designed for those who do not consume red meat, pork or poultry.";"1500";"Lunch";"13:00:00";"Tomato, fresh";"1.0000";"slice, thin/small (0.5 oz)";"3";"0";"0";"1";"0";"0";"0";"2";"1";"0"
"Vegetarian";"Designed for those who do not consume red meat, pork or poultry.";"1500";"Lunch";"13:00:00";"Hamburger Bun, 100% Whole Wheat (Pepperidge Farm)";"1.0000";"bun";"120";"6";"2";"18";"3";"0";"2";"40";"190";"0"
"Vegetarian";"Designed for those who do not consume red meat, pork or poultry.";"1500";"Lunch";"13:00:00";"Iceberg Lettuce";"2.0000";"leaf, small (0.2 oz)";"1";"0";"0";"0";"0";"0";"0";"2";"1";"0"
"Vegetarian";"Designed for those who do not consume red meat, pork or poultry.";"1500";"Lunch";"13:00:00";"Onions, all types, raw/cooked";"1.0000";"slice, thin (0.3 oz)";"4";"0";"0";"1";"0";"0";"0";"2";"0";"0"
"Vegetarian";"Designed for those who do not consume red meat, pork or poultry.";"1500";"Lunch";"13:00:00";"Low-Fat Cheddar or Colby Cheese";"1.0000";"slice (1.0 oz)";"48";"7";"2";"1";"0";"6";"0";"116";"171";"1"
"Vegetarian";"Designed for those who do not consume red meat, pork or poultry.";"1500";"Lunch";"13:00:00";"Mustard";"1.0000";"teaspoon (0.2 oz)";"3";"0";"0";"0";"0";"0";"0";"4";"56";"0"
"Vegetarian";"Designed for those who do not consume red meat, pork or poultry.";"1500";"Dinner";"19:00:00";"Spinach, raw";"3.0000";"cup (1.1 oz)";"21";"3";"0";"3";"0";"0";"2";"89";"71";"0"
"Vegetarian";"Designed for those who do not consume red meat, pork or poultry.";"1500";"Dinner";"19:00:00";"Lentil Soup (Progresso)";"1.5000";"cup (8.5 oz)";"225";"14";"3";"42";"2";"0";"8";"60";"1305";"1"
"Vegetarian";"Designed for those who do not consume red meat, pork or poultry.";"1500";"Dinner";"19:00:00";"Carrots, raw";".2500";"cup, grated (3.9 oz)";"11";"0";"0";"3";"1";"0";"1";"9";"19";"0"
"Vegetarian";"Designed for those who do not consume red meat, pork or poultry.";"1500";"Dinner";"19:00:00";"Cucumber, peeled, raw";"6.0000";"slice (0.2 oz)";"5";"0";"0";"1";"1";"0";"0";"6";"1";"0"
"Vegetarian";"Designed for those who do not consume red meat, pork or poultry.";"1500";"Dinner";"19:00:00";"Tomato, fresh";".2500";"cup, chopped or sliced (6.3 oz)";"8";"0";"0";"2";"1";"0";"1";"5";"2";"0"
"Vegetarian";"Designed for those who do not consume red meat, pork or poultry.";"1500";"Dinner";"19:00:00";"Almonds, raw";".1000";"cup, sliced (3.2 oz)";"53";"2";"5";"2";"0";"0";"1";"23";"0";"0"
"Vegetarian";"Designed for those who do not consume red meat, pork or poultry.";"1500";"Dinner";"19:00:00";"Strawberries, fresh";".5000";"cup, sliced (5.9 oz)";"27";"1";"0";"6";"4";"0";"2";"13";"1";"0"
"Vegetarian";"Designed for those who do not consume red meat, pork or poultry.";"1500";"Dinner";"19:00:00";"Reduced-Fat Feta Cheese ";".5000";"serving, 1/4 cup (1.2 oz)";"35";"4";"2";"1";"0";"5";"0";"50";"235";"2"
"Vegetarian";"Designed for those who do not consume red meat, pork or poultry.";"1500";"Dinner";"19:00:00";"Salad Dressing: Lively Lemon Tarragon ";"1.0000";"serving, 2 tablespoons (1.0 fl.oz)";"35";"0";"0";"8";"8";"0";"0";"0";"150";"0"
"Vegetarian";"Designed for those who do not consume red meat, pork or poultry.";"1500";"Dinner";"19:00:00";"Organic Low-Fat Vanilla Yogurt";"1.0000";"container (6.0 oz)";"140";"7";"2";"25";"23";"5";"2";"300";"100";"1"
"Vegetarian";"Designed for those who do not consume red meat, pork or poultry.";"1500";"Dinner";"19:00:00";"100% Whole Wheat Dinner Rolls";"1.0000";"roll (1.1 oz)";"70";"3";"1";"13";"3";"0";"2";"0";"150";"0"
"Vegetarian";"Designed for those who do not consume red meat, pork or poultry.";"1750";"Breakfast";"07:00:00";"Oats/oatmeal, cooked (all types)";"1.0000";"cup (8.3 oz)";"147";"6";"2";"25";"1";"0";"4";"19";"2";"0"
"Vegetarian";"Designed for those who do not consume red meat, pork or poultry.";"1750";"Breakfast";"07:00:00";"Strawberries, fresh";"1.0000";"cup, halves (5.4 oz)";"49";"1";"0";"12";"7";"0";"3";"24";"2";"0"
"Vegetarian";"Designed for those who do not consume red meat, pork or poultry.";"1750";"Breakfast";"07:00:00";"Brown Sugar";"3.0000";"teaspoon, unpacked (0.1 oz)";"34";"0";"0";"9";"9";"0";"0";"8";"4";"0"
"Vegetarian";"Designed for those who do not consume red meat, pork or poultry.";"1750";"Breakfast";"07:00:00";"Vanilla Soymilk, Light";"1.0000";"cup (8.0 fl.oz)";"80";"6";"2";"10";"7";"0";"1";"300";"95";"0"
"Vegetarian";"Designed for those who do not consume red meat, pork or poultry.";"1750";"Lunch";"13:00:00";"Tomato, fresh";"2.0000";"slice, thin/small (0.5 oz)";"5";"0";"0";"1";"1";"0";"0";"3";"2";"0"
"Vegetarian";"Designed for those who do not consume red meat, pork or poultry.";"1750";"Lunch";"13:00:00";"100% Whole Wheat Bread (Orowheat)";"2.0000";"slice (1.3 oz)";"200";"8";"2";"38";"8";"0";"6";"120";"420";"0"
"Vegetarian";"Designed for those who do not consume red meat, pork or poultry.";"1750";"Lunch";"13:00:00";"Tomato Basil Soup (Progresso)";"1.0000";"cup (8.6 oz)";"160";"2";"3";"30";"16";"0";"1";"20";"960";"1"
"Vegetarian";"Designed for those who do not consume red meat, pork or poultry.";"1750";"Lunch";"13:00:00";"Honeydew Melon";"1.0000";"cup, diced, approx 20 pieces per cup (6.0 oz)";"61";"1";"0";"15";"14";"0";"1";"10";"31";"0"
"Vegetarian";"Designed for those who do not consume red meat, pork or poultry.";"1750";"Lunch";"13:00:00";"Low-Fat Cheddar Cheese";"2.0000";"slice (1.0 oz)";"97";"14";"4";"1";"0";"12";"0";"232";"343";"2"
"Vegetarian";"Designed for those who do not consume red meat, pork or poultry.";"1750";"Afternoon Snack";"17:00:00";"Peaches, canned, fruit & juice";".5000";"cup, halves or slices (8.7 oz)";"55";"1";"0";"14";"13";"0";"2";"7";"5";"0"
"Vegetarian";"Designed for those who do not consume red meat, pork or poultry.";"1750";"Afternoon Snack";"17:00:00";"Pears, canned, fruit & juice";"1.0000";"serving, 1/2 cup (4.4 oz)";"62";"0";"0";"16";"12";"0";"2";"11";"5";"0"
"Vegetarian";"Designed for those who do not consume red meat, pork or poultry.";"1750";"Afternoon Snack";"17:00:00";"Low Fat Cottage Cheese (1%)";"2.0000";"cup, not packed (8.0 oz)";"325";"56";"5";"12";"12";"18";"0";"276";"1835";"3"
"Vegetarian";"Designed for those who do not consume red meat, pork or poultry.";"1750";"Dinner";"19:00:00";"Vegetarian Chik'n Nuggets";"1.0000";"serving, 4 nuggets (3.0 oz)";"190";"12";"9";"19";"2";"0";"4";"60";"600";"2"
"Vegetarian";"Designed for those who do not consume red meat, pork or poultry.";"1750";"Dinner";"19:00:00";"Margarine, Premium Non-Hydrogenated w. Flaxseed Oil (Canola Harvest)";"1.0000";"tablespoon (0.5 oz)";"100";"0";"11";"0";"0";"0";"0";"0";"100";"2"
"Vegetarian";"Designed for those who do not consume red meat, pork or poultry.";"1750";"Dinner";"19:00:00";"Vanilla Soymilk, Light";"1.0000";"cup (8.0 fl.oz)";"80";"6";"2";"10";"7";"0";"1";"300";"95";"0"
"Vegetarian";"Designed for those who do not consume red meat, pork or poultry.";"1750";"Dinner";"19:00:00";"Baked Potato";"1.0000";"potato, medium, 2-1/4" to 3-1/4" dia (6.1 oz)";"161";"4";"0";"37";"2";"0";"4";"26";"422";"0"
"Vegetarian";"Designed for those who do not consume red meat, pork or poultry.";"1750";"Dinner";"19:00:00";"Green Beans";"2.0000";"serving, 3/4 cup frozen (2.8 oz)";"50";"2";"0";"10";"4";"0";"4";"80";"0";"0"
"Vegetarian";"Designed for those who do not consume red meat, pork or poultry.";"1750";"Dinner";"19:00:00";"Barbecue Sauce";"1.0000";"serving, 2 tablespoons (1.2 oz)";"40";"0";"0";"11";"9";"0";"0";"0";"420";"0"
"Vegetarian";"Designed for those who do not consume red meat, pork or poultry.";"2000";"Breakfast";"07:00:00";"Lite Syrup";".5000";"serving, 1/4 cup (2.0 fl.oz)";"50";"0";"0";"13";"13";"0";"1";"0";"95";"0"
"Vegetarian";"Designed for those who do not consume red meat, pork or poultry.";"2000";"Breakfast";"07:00:00";"Pancakes: Whole Wheat, prepared from dry mix";"2.0000";"pancake, 4" dia (1.6 oz)";"183";"7";"6";"26";"0";"54";"2";"220";"503";"2"
"Vegetarian";"Designed for those who do not consume red meat, pork or poultry.";"2000";"Breakfast";"07:00:00";"Vegetarian Breakfast, Sausage Patties";"2.0000";"pattie (1.3 oz)";"160";"20";"6";"6";"1";"0";"2";"0";"520";"1"
"Vegetarian";"Designed for those who do not consume red meat, pork or poultry.";"2000";"Breakfast";"07:00:00";"Grapefruit, all types, raw";"1.0000";"serving, 1/2 large, approx 4-1/2" dia (5.9 oz)";"53";"1";"0";"13";"12";"0";"2";"20";"0";"0"
"Vegetarian";"Designed for those who do not consume red meat, pork or poultry.";"2000";"Breakfast";"07:00:00";"Margarine, Premium Non-Hydrogenated w. Flaxseed Oil (Canola Harvest)";"1.0000";"tablespoon (0.5 oz)";"100";"0";"11";"0";"0";"0";"0";"0";"100";"2"
"Vegetarian";"Designed for those who do not consume red meat, pork or poultry.";"2000";"Morning Snack";"10:00:00";"Granola Bar, Chewy Trail Mix";"1.0000";"bar (1.2 oz)";"140";"3";"4";"25";"13";"0";"2";"0";"95";"1"
"Vegetarian";"Designed for those who do not consume red meat, pork or poultry.";"2000";"Lunch";"13:00:00";"Broccoli, raw";".5000";"cup, chopped (3.2 oz)";"15";"1";"0";"3";"1";"0";"1";"21";"15";"0"
"Vegetarian";"Designed for those who do not consume red meat, pork or poultry.";"2000";"Lunch";"13:00:00";"Light Sour Cream";"2.0000";"tablespoon (0.5 oz)";"38";"1";"3";"2";"0";"10";"0";"39";"20";"2"
"Vegetarian";"Designed for those who do not consume red meat, pork or poultry.";"2000";"Lunch";"13:00:00";"Low-Fat Cheddar Cheese";".5000";"cup, shredded (4.0 oz)";"98";"14";"4";"1";"0";"12";"0";"234";"346";"2"
"Vegetarian";"Designed for those who do not consume red meat, pork or poultry.";"2000";"Lunch";"13:00:00";"Baked Potato";"1.0000";"potato, medium, 2-1/4" to 3-1/4" dia (6.1 oz)";"161";"4";"0";"37";"2";"0";"4";"26";"422";"0"
"Vegetarian";"Designed for those who do not consume red meat, pork or poultry.";"2000";"Afternoon Snack";"17:00:00";"Almonds, raw";"1.0000";"serving, 23 whole kernels (1.0 oz)";"164";"6";"14";"6";"1";"0";"3";"70";"0";"1"
"Vegetarian";"Designed for those who do not consume red meat, pork or poultry.";"2000";"Afternoon Snack";"17:00:00";"Peach";"1.0000";"large, 2-3/4" dia, approx 2-1/2 per lb (5.5 oz)";"61";"1";"0";"15";"13";"0";"2";"9";"0";"0"
"Vegetarian";"Designed for those who do not consume red meat, pork or poultry.";"2000";"Dinner";"19:00:00";"Pizza Sauce";"2.0000";"serving, 1/2 pouch (2.5 oz)";"100";"4";"0";"22";"8";"0";"1";"0";"720";"0"
"Vegetarian";"Designed for those who do not consume red meat, pork or poultry.";"2000";"Dinner";"19:00:00";"Pizza Crust, 8" Mini (Boboli)";"2.0000";"serving, 1/2 crust (2.5 oz)";"400";"14";"10";"64";"2";"0";"2";"200";"820";"4"
"Vegetarian";"Designed for those who do not consume red meat, pork or poultry.";"2000";"Dinner";"19:00:00";"Black Olives, Sliced (Castella)";"1.0000";"serving (0.5 oz)";"25";"0";"2";"1";"0";"0";"0";"0";"110";"2"
"Vegetarian";"Designed for those who do not consume red meat, pork or poultry.";"2000";"Dinner";"19:00:00";"Mushrooms, white, raw";".5000";"serving, 1/2 cup, pieces (1.2 oz)";"4";"1";"0";"1";"0";"0";"0";"1";"1";"0"
"Vegetarian";"Designed for those who do not consume red meat, pork or poultry.";"2000";"Dinner";"19:00:00";"Onions, all types, raw/cooked";"1.0000";"tablespoon, chopped (0.4 oz)";"4";"0";"0";"1";"0";"0";"0";"2";"0";"0"
"Vegetarian";"Designed for those who do not consume red meat, pork or poultry.";"2000";"Dinner";"19:00:00";"Vegetarian Meals: Meal Starters, Sausage Style, Recipe Crumbles";"1.0000";"serving, 2/3 cup (1.9 oz)";"90";"11";"3";"5";"1";"0";"1";"20";"440";"1"
"Vegetarian";"Designed for those who do not consume red meat, pork or poultry.";"2000";"Dinner";"19:00:00";"Mozzarella Cheese, part skim milk";"2.0000";"serving (1.0 oz)";"144";"14";"9";"2";"1";"36";"0";"443";"351";"6"
"Vegetarian";"Designed for those who do not consume red meat, pork or poultry.";"2000";"Dinner";"19:00:00";"Fresh Spinach ";"2.0000";"1 cup";"20";"2";"0";"3";"1";"0";"2";"8";"70";"0"
"Vegetarian";"Designed for those who do not consume red meat, pork or poultry.";"2250";"Breakfast";"07:00:00";"Banana";"1.0000";"small, 6" to 6-7/8" long (3.6 oz)";"90";"1";"0";"23";"12";"0";"3";"5";"1";"0"
"Vegetarian";"Designed for those who do not consume red meat, pork or poultry.";"2250";"Breakfast";"07:00:00";"Tofu Scramble, frozen (Amy's)";"1.0000";"package (9.0 oz)";"320";"19";"19";"19";"4";"0";"4";"150";"580";"3"
"Vegetarian";"Designed for those who do not consume red meat, pork or poultry.";"2250";"Breakfast";"07:00:00";"Vanilla Soymilk";"1.0000";"cup (8.0 fl.oz)";"100";"6";"4";"10";"7";"0";"1";"300";"95";"1"
"Vegetarian";"Designed for those who do not consume red meat, pork or poultry.";"2250";"Morning Snack";"10:00:00";"Low-Fat Yogurt Drink, Strawberry Banana ";"1.0000";"container (6.0 fl.oz)";"140";"6";"2";"28";"27";"10";"0";"200";"90";"1"
"Vegetarian";"Designed for those who do not consume red meat, pork or poultry.";"2250";"Lunch";"13:00:00";"Mandarin oranges, in light syrup";"2.0000";"serving, 1/2 cup (4.4 oz)";"154";"1";"0";"41";"39";"0";"2";"18";"15";"0"
"Vegetarian";"Designed for those who do not consume red meat, pork or poultry.";"2250";"Lunch";"13:00:00";"Frozen Meals: Cheese Lasagna";"1.0000";"package (11.5 oz)";"320";"19";"8";"44";"11";"25";"4";"350";"690";"4"
"Vegetarian";"Designed for those who do not consume red meat, pork or poultry.";"2250";"Lunch";"13:00:00";"Baby Carrots";"4.0000";"medium (0.4 oz)";"14";"0";"0";"3";"2";"0";"1";"13";"31";"0"
"Vegetarian";"Designed for those who do not consume red meat, pork or poultry.";"2250";"Lunch";"13:00:00";"Cucumber, peeled, raw";"6.0000";"slice (0.2 oz)";"5";"0";"0";"1";"1";"0";"0";"6";"1";"0"
"Vegetarian";"Designed for those who do not consume red meat, pork or poultry.";"2250";"Lunch";"13:00:00";"Romaine Lettuce";"2.0000";"cup, shredded (1.7 oz)";"16";"1";"0";"3";"1";"0";"2";"31";"8";"0"
"Vegetarian";"Designed for those who do not consume red meat, pork or poultry.";"2250";"Lunch";"13:00:00";"Salad Dressing: Lively Lemon Tarragon ";"1.0000";"serving, 2 tablespoons (1.0 fl.oz)";"35";"0";"0";"8";"8";"0";"0";"0";"150";"0"
"Vegetarian";"Designed for those who do not consume red meat, pork or poultry.";"2250";"Lunch";"13:00:00";"Tomato, fresh";"5.0000";"cherry (0.6 oz)";"15";"1";"0";"3";"2";"0";"1";"9";"4";"0"
"Vegetarian";"Designed for those who do not consume red meat, pork or poultry.";"2250";"Afternoon Snack";"17:00:00";"Peanut Butter, Reduced-Fat Creamy";"1.0000";"serving, 2 tablespoons (1.3 oz)";"190";"8";"12";"15";"4";"0";"1";"0";"250";"3"
"Vegetarian";"Designed for those who do not consume red meat, pork or poultry.";"2250";"Afternoon Snack";"17:00:00";"Apple";"1.0000";"small, 2-1/2" dia, approx 4 per lb (3.7 oz)";"55";"0";"0";"15";"11";"0";"3";"6";"1";"0"
"Vegetarian";"Designed for those who do not consume red meat, pork or poultry.";"2250";"Dinner";"19:00:00";"Soymilk, Plain";"1.0000";"cup (8.0 fl.oz)";"100";"7";"4";"8";"6";"0";"1";"300";"120";"1"
"Vegetarian";"Designed for those who do not consume red meat, pork or poultry.";"2250";"Dinner";"19:00:00";"Complete Salad Kit, Veggie, prepared";"1.0000";"serving";"220";"4";"15";"18";"14";"10";"2";"40";"340";"2"
"Vegetarian";"Designed for those who do not consume red meat, pork or poultry.";"2250";"Dinner";"19:00:00";"Packaged Meal: Black Beans & Rice";"1.5000";"cup, prepared (2.3 oz)";"350";"12";"2";"72";"5";"0";"8";"0";"1620";"0"
"Vegetarian";"Designed for those who do not consume red meat, pork or poultry.";"2250";"Evening Snack";"21:00:00";"Microwave Popcorn, Natural, popped ";"1.0000";"serving, 3 1/2 cups (1.1 oz)";"130";"2";"5";"18";"0";"0";"3";"0";"200";"2"
"Vegetarian";"Designed for those who do not consume red meat, pork or poultry.";"2500";"Breakfast";"07:00:00";"Light Soymilk";"1.0000";"cup (8.0 fl.oz)";"70";"6";"2";"8";"6";"0";"1";"300";"120";"0"
"Vegetarian";"Designed for those who do not consume red meat, pork or poultry.";"2500";"Breakfast";"07:00:00";"Whole Wheat Waffles, Nutri-Grain";"1.0000";"serving, 2 waffles (2.5 oz)";"180";"5";"6";"28";"3";"0";"3";"100";"420";"2"
"Vegetarian";"Designed for those who do not consume red meat, pork or poultry.";"2500";"Breakfast";"07:00:00";"Egg (hard-boiled/scrambled/poached)";"2.0000";"large (1.8 oz)";"155";"13";"11";"1";"1";"424";"0";"50";"124";"3"
"Vegetarian";"Designed for those who do not consume red meat, pork or poultry.";"2500";"Breakfast";"07:00:00";"Orange, California Navel";"1.0000";"fruit, 2-7/8" dia (4.9 oz)";"69";"1";"0";"18";"12";"0";"3";"60";"1";"0"
"Vegetarian";"Designed for those who do not consume red meat, pork or poultry.";"2500";"Breakfast";"07:00:00";"Grape Jelly";"1.0000";"tablespoon (0.7 oz)";"50";"0";"0";"13";"12";"0";"0";"0";"5";"0"
"Vegetarian";"Designed for those who do not consume red meat, pork or poultry.";"2500";"Breakfast";"07:00:00";"Margarine, Premium Non-Hydrogenated w. Flaxseed Oil (Canola Harvest)";"1.0000";"tablespoon (0.5 oz)";"100";"0";"11";"0";"0";"0";"0";"0";"100";"2"
"Vegetarian";"Designed for those who do not consume red meat, pork or poultry.";"2500";"Morning Snack";"10:00:00";"Peaches in light syrup";"1.0000";"serving, 1/2 cup (4.4 oz)";"68";"1";"0";"18";"17";"0";"2";"4";"6";"0"
"Vegetarian";"Designed for those who do not consume red meat, pork or poultry.";"2500";"Morning Snack";"10:00:00";"Low Fat Cottage Cheese (1%)";"1.0000";"serving (4.0 oz)";"81";"14";"1";"3";"3";"5";"0";"69";"459";"1"
"Vegetarian";"Designed for those who do not consume red meat, pork or poultry.";"2500";"Lunch";"13:00:00";"Whole Wheat Blend Pasta, Rotini, dry";"1.5000";"serving, 3/4 cup dry (2.0 oz)";"270";"9";"2";"63";"2";"0";"9";"0";"0";"0"
"Vegetarian";"Designed for those who do not consume red meat, pork or poultry.";"2500";"Lunch";"13:00:00";"Broccoli, cooked";"1.0000";"serving, 1/2 cup, chopped (2.8 oz)";"27";"2";"0";"6";"1";"0";"3";"31";"32";"0"
"Vegetarian";"Designed for those who do not consume red meat, pork or poultry.";"2500";"Lunch";"13:00:00";"Carrots, boiled or steamed";"1.0000";"serving, 1/2 cup slices (2.8 oz)";"27";"1";"0";"6";"3";"0";"2";"23";"45";"0"
"Vegetarian";"Designed for those who do not consume red meat, pork or poultry.";"2500";"Lunch";"13:00:00";"Garlic, raw";"1.0000";"teaspoon (0.1 oz)";"4";"0";"0";"1";"0";"0";"0";"5";"0";"0"
"Vegetarian";"Designed for those who do not consume red meat, pork or poultry.";"2500";"Lunch";"13:00:00";"Onions, all types, raw/cooked";"2.0000";"tablespoon, chopped (0.4 oz)";"8";"0";"0";"2";"1";"0";"0";"4";"1";"0"
"Vegetarian";"Designed for those who do not consume red meat, pork or poultry.";"2500";"Lunch";"13:00:00";"Peppers, bell or sweet, raw";".5000";"cup, sliced (3.2 oz)";"12";"0";"0";"3";"2";"0";"1";"3";"1";"0"
"Vegetarian";"Designed for those who do not consume red meat, pork or poultry.";"2500";"Lunch";"13:00:00";"Squash, zucchini";"1.0000";"cup, sliced (4.0 oz)";"18";"1";"0";"4";"2";"0";"1";"17";"11";"0"
"Vegetarian";"Designed for those who do not consume red meat, pork or poultry.";"2500";"Lunch";"13:00:00";"Sweet white corn, boiled/steamed";"1.0000";"serving, yield from 1 ear (2.2 oz)";"59";"2";"0";"14";"0";"0";"1";"2";"3";"0"
"Vegetarian";"Designed for those who do not consume red meat, pork or poultry.";"2500";"Lunch";"13:00:00";"Kidney Beans, canned";"1.0000";"serving, 1/2 cup (4.6 oz)";"110";"8";"0";"20";"2";"0";"6";"60";"340";"0"
"Vegetarian";"Designed for those who do not consume red meat, pork or poultry.";"2500";"Lunch";"13:00:00";"Extra Virgin Olive Oil";"1.0000";"tablespoon (0.5 fl.oz)";"120";"0";"14";"0";"0";"0";"0";"0";"0";"2"
"Vegetarian";"Designed for those who do not consume red meat, pork or poultry.";"2500";"Lunch";"13:00:00";"Parmesan Cheese, shredded";"2.0000";"tablespoon (0.2 oz)";"42";"4";"3";"0";"0";"7";"0";"125";"170";"2"
"Vegetarian";"Designed for those who do not consume red meat, pork or poultry.";"2500";"Afternoon Snack";"17:00:00";"Banana";"1.0000";"large, 8" to 8-7/8" long (4.8 oz)";"121";"1";"0";"31";"17";"0";"4";"7";"1";"0"
"Vegetarian";"Designed for those who do not consume red meat, pork or poultry.";"2500";"Afternoon Snack";"17:00:00";"Light Soymilk, Chocolate ";"1.0000";"cup (8.0 fl.oz)";"120";"5";"2";"22";"19";"0";"2";"300";"100";"0"
"Vegetarian";"Designed for those who do not consume red meat, pork or poultry.";"2500";"Dinner";"19:00:00";"Spicy Brown Mustard";"3.0000";"teaspoon (0.2 oz)";"15";"0";"0";"0";"0";"0";"0";"0";"150";"0"
"Vegetarian";"Designed for those who do not consume red meat, pork or poultry.";"2500";"Dinner";"19:00:00";"Rice: Organic, Zesty Cilantro Quinoa Blend, dry";"1.0000";"serving, 1/2 container (2.8 oz)";"290";"9";"4";"56";"6";"0";"3";"40";"700";"1"
"Vegetarian";"Designed for those who do not consume red meat, pork or poultry.";"2500";"Dinner";"19:00:00";"Vegetarian Meals: Meatless Products, Sausages, Smoked";"2.0000";"sausages (2.5 oz)";"260";"28";"12";"12";"4";"0";"2";"40";"1360";"1"
"Vegetarian";"Designed for those who do not consume red meat, pork or poultry.";"2500";"Dinner";"19:00:00";"Asparagus, boiled, drained";"1.0000";"serving, 4 spears, 1/2" base (2.1 oz)";"13";"1";"0";"2";"1";"0";"1";"14";"8";"0"
"Vegetarian";"Designed for those who do not consume red meat, pork or poultry.";"2500";"Evening Snack";"21:00:00";"Light Soymilk";"1.0000";"cup (8.0 fl.oz)";"70";"6";"2";"8";"6";"0";"1";"300";"120";"0"
"Vegetarian";"Designed for those who do not consume red meat, pork or poultry.";"2500";"Evening Snack";"21:00:00";"Oatmeal Cookie ";"2.0000";"large (0.6 oz)";"162";"2";"7";"25";"9";"0";"1";"13";"138";"2"
"Vegetarian";"Designed for those who do not consume red meat, pork or poultry.";"2750";"Early Morning Snack";"00:00:00";"Buttermilk Waffles, frozen";"1.0000";"serving, 2 waffles (2.5 oz)";"200";"5";"5";"33";"3";"5";"1";"80";"470";"2"
"Vegetarian";"Designed for those who do not consume red meat, pork or poultry.";"2750";"Early Morning Snack";"00:00:00";"Maple Syrup";"1.0000";"tablespoon (0.7 oz)";"52";"0";"0";"13";"12";"0";"0";"13";"2";"0"
"Vegetarian";"Designed for those who do not consume red meat, pork or poultry.";"2750";"Early Morning Snack";"00:00:00";"Light Soymilk";"1.0000";"cup (8.0 fl.oz)";"70";"6";"2";"8";"6";"0";"1";"300";"120";"0"
"Vegetarian";"Designed for those who do not consume red meat, pork or poultry.";"2750";"Early Morning Snack";"00:00:00";"Blueberries, fresh";".5000";"cup (5.1 oz)";"41";"1";"0";"11";"7";"0";"2";"4";"1";"0"
"Vegetarian";"Designed for those who do not consume red meat, pork or poultry.";"2750";"Early Morning Snack";"00:00:00";"Margarine, Premium Non-Hydrogenated w. Flaxseed Oil (Canola Harvest)";"1.0000";"tablespoon (0.5 oz)";"100";"0";"11";"0";"0";"0";"0";"0";"100";"2"
"Vegetarian";"Designed for those who do not consume red meat, pork or poultry.";"2750";"Breakfast";"07:00:00";"Meatless Breakfast Wraps, frozen";"1.0000";"wrap (4.6 oz)";"220";"16";"7";"27";"2";"5";"6";"0";"640";"3"
"Vegetarian";"Designed for those who do not consume red meat, pork or poultry.";"2750";"Breakfast";"07:00:00";"Banana";"1.0000";"1 small";"93";"1";"1";"24";"0";"0";"0";"0";"0";"0"
"Vegetarian";"Designed for those who do not consume red meat, pork or poultry.";"2750";"Breakfast";"07:00:00";"100% Pomegranate Juice";"1.0000";"cup (8.1 fl.oz)";"160";"0";"0";"40";"31";"0";"0";"60";"30";"0"
"Vegetarian";"Designed for those who do not consume red meat, pork or poultry.";"2750";"Morning Snack";"10:00:00";"Almonds, raw";"1.0000";"serving, 23 whole kernels (1.0 oz)";"164";"6";"14";"6";"1";"0";"3";"70";"0";"1"
"Vegetarian";"Designed for those who do not consume red meat, pork or poultry.";"2750";"Morning Snack";"10:00:00";"Apple";"1.0000";"medium, 2-3/4" dia, approx 3 per lb (4.9 oz)";"72";"0";"0";"19";"14";"0";"3";"8";"1";"0"
"Vegetarian";"Designed for those who do not consume red meat, pork or poultry.";"2750";"Morning Snack";"10:00:00";"Light String Cheese";"1.0000";"single (1.0 oz)";"60";"7";"3";"1";"0";"10";"0";"200";"210";"2"
"Vegetarian";"Designed for those who do not consume red meat, pork or poultry.";"2750";"Lunch";"13:00:00";"Pineapple, canned in juice";"1.0000";"cup, crushed, sliced, or chunks (8.8 oz)";"149";"1";"0";"39";"36";"0";"2";"35";"2";"0"
"Vegetarian";"Designed for those who do not consume red meat, pork or poultry.";"2750";"Lunch";"13:00:00";"Veggie Burger";"1.0000";"burger (2.5 oz)";"170";"17";"9";"4";"0";"0";"2";"20";"360";"1"
"Vegetarian";"Designed for those who do not consume red meat, pork or poultry.";"2750";"Lunch";"13:00:00";"Tomato, fresh";"2.0000";"slice, thin/small (0.5 oz)";"5";"0";"0";"1";"1";"0";"0";"3";"2";"0"
"Vegetarian";"Designed for those who do not consume red meat, pork or poultry.";"2750";"Lunch";"13:00:00";"Sharp Cheddar Cheese, Deli Style";"1.0000";"slice, thin (1.0 oz)";"80";"5";"6";"0";"0";"20";"0";"150";"140";"4"
"Vegetarian";"Designed for those who do not consume red meat, pork or poultry.";"2750";"Lunch";"13:00:00";"Light Soymilk";"1.5000";"cup (8.0 fl.oz)";"105";"9";"3";"12";"9";"0";"2";"450";"180";"0"
"Vegetarian";"Designed for those who do not consume red meat, pork or poultry.";"2750";"Lunch";"13:00:00";"Teriyaki sauce";"2.0000";"tablespoon (0.6 oz)";"30";"2";"0";"6";"5";"0";"0";"9";"1380";"0"
"Vegetarian";"Designed for those who do not consume red meat, pork or poultry.";"2750";"Lunch";"13:00:00";"Romaine Lettuce";"2.0000";"leaf, inner (0.2 oz)";"2";"0";"0";"0";"0";"0";"0";"4";"1";"0"
"Vegetarian";"Designed for those who do not consume red meat, pork or poultry.";"2750";"Lunch";"13:00:00";"Peach";"1.0000";"small, 2" dia, approx 5 per lb (2.8 oz)";"31";"1";"0";"8";"7";"0";"1";"5";"0";"0"
"Vegetarian";"Designed for those who do not consume red meat, pork or poultry.";"2750";"Afternoon Snack";"17:00:00";"Baby Carrots";"10.0000";"medium (0.4 oz)";"35";"1";"0";"8";"5";"0";"2";"32";"78";"0"
"Vegetarian";"Designed for those who do not consume red meat, pork or poultry.";"2750";"Afternoon Snack";"17:00:00";"Peas, snow or sugar snap, raw";"2.0000";"serving, 10 pea pods (1.2 oz)";"29";"2";"0";"5";"3";"0";"2";"29";"3";"0"
"Vegetarian";"Designed for those who do not consume red meat, pork or poultry.";"2750";"Afternoon Snack";"17:00:00";"Low-Fat Yogurt, Fruit Flavored";"1.0000";"container (6.0 oz)";"173";"7";"2";"32";"32";"7";"0";"258";"99";"1"
"Vegetarian";"Designed for those who do not consume red meat, pork or poultry.";"2750";"Dinner";"19:00:00";"Whole Wheat Pasta, cooked";"2.0000";"cup, elbow shaped (4.9 oz)";"347";"15";"2";"74";"2";"0";"8";"42";"8";"0"
"Vegetarian";"Designed for those who do not consume red meat, pork or poultry.";"2750";"Dinner";"19:00:00";"Vanilla Soymilk";"1.0000";"cup (8.0 fl.oz)";"100";"6";"4";"10";"7";"0";"1";"300";"95";"1"
"Vegetarian";"Designed for those who do not consume red meat, pork or poultry.";"2750";"Dinner";"19:00:00";"Tofu, firm, nigari";"2.0000";"serving, 1/4 block (2.9 oz)";"113";"13";"7";"3";"1";"0";"1";"326";"19";"1"
"Vegetarian";"Designed for those who do not consume red meat, pork or poultry.";"2750";"Dinner";"19:00:00";"Olive Oil & Garlic Pasta Sauce (Bertolli)";"1.0000";"serving, 1/2 cup (4.5 oz)";"90";"3";"3";"14";"9";"0";"3";"40";"500";"0"
"Vegetarian";"Designed for those who do not consume red meat, pork or poultry.";"2750";"Dinner";"19:00:00";"Sun-dried Tomatoes";".3300";"cup (1.9 oz)";"46";"3";"1";"10";"7";"0";"2";"20";"373";"0"
"Vegetarian";"Designed for those who do not consume red meat, pork or poultry.";"2750";"Dinner";"19:00:00";"Summer squash/zucchini";"1.0000";"1 cup , sliced";"18";"1";"0";"4";"2";"0";"1";"17";"11";"0"
"Vegetarian";"Designed for those who do not consume red meat, pork or poultry.";"3000";"Breakfast";"07:00:00";"Whole Wheat Bagel (Thomas)";"1.0000";"bagel (3.7 oz)";"270";"12";"2";"55";"8";"0";"8";"100";"440";"1"
"Vegetarian";"Designed for those who do not consume red meat, pork or poultry.";"3000";"Breakfast";"07:00:00";"Almond Butter, plain w. salt";"2.0000";"tablespoon (0.6 oz)";"203";"5";"19";"7";"2";"0";"1";"86";"144";"2"
"Vegetarian";"Designed for those who do not consume red meat, pork or poultry.";"3000";"Breakfast";"07:00:00";"Banana";"1.0000";"large, 8" to 8-7/8" long (4.8 oz)";"121";"1";"0";"31";"17";"0";"4";"7";"1";"0"
"Vegetarian";"Designed for those who do not consume red meat, pork or poultry.";"3000";"Breakfast";"07:00:00";"Vanilla Soymilk";"1.5000";"cup (8.0 fl.oz)";"150";"9";"5";"15";"11";"0";"2";"450";"143";"1"
"Vegetarian";"Designed for those who do not consume red meat, pork or poultry.";"3000";"Breakfast";"07:00:00";"Strawberries, fresh";"1.0000";"cup, whole (5.1 oz)";"46";"1";"0";"11";"7";"0";"3";"23";"1";"0"
"Vegetarian";"Designed for those who do not consume red meat, pork or poultry.";"3000";"Morning Snack";"10:00:00";"Almonds, dry roasted, no salt added";"1.0000";"serving, 24-28 medium kernels (1.0 oz)";"169";"6";"15";"5";"1";"0";"3";"75";"0";"1"
"Vegetarian";"Designed for those who do not consume red meat, pork or poultry.";"3000";"Morning Snack";"10:00:00";"Apple";"1.0000";"large, 3-1/4" dia, approx 2 per lb (7.5 oz)";"110";"1";"0";"29";"22";"0";"5";"13";"2";"0"
"Vegetarian";"Designed for those who do not consume red meat, pork or poultry.";"3000";"Lunch";"13:00:00";"Broccoli, raw";".5000";"cup, chopped (3.2 oz)";"15";"1";"0";"3";"1";"0";"1";"21";"15";"0"
"Vegetarian";"Designed for those who do not consume red meat, pork or poultry.";"3000";"Lunch";"13:00:00";"Low-Fat Cheddar Cheese";".3300";"cup, shredded (4.0 oz)";"65";"9";"3";"1";"0";"8";"0";"155";"228";"2"
"Vegetarian";"Designed for those who do not consume red meat, pork or poultry.";"3000";"Lunch";"13:00:00";"Crackers, fat-free, low sodium (Saltines)";"1.0000";"serving, 6 saltines (1.1 oz)";"118";"3";"0";"25";"0";"0";"1";"7";"191";"0"
"Vegetarian";"Designed for those who do not consume red meat, pork or poultry.";"3000";"Lunch";"13:00:00";"Vanilla Soymilk";"1.5000";"cup (8.0 fl.oz)";"150";"9";"5";"15";"11";"0";"2";"450";"143";"1"
"Vegetarian";"Designed for those who do not consume red meat, pork or poultry.";"3000";"Lunch";"13:00:00";"Vegetarian Meals: Meatless Products, Chili w. Ground Burger";"1.0000";"container (9.5 oz)";"150";"20";"1";"25";"6";"0";"12";"100";"650";"0"
"Vegetarian";"Designed for those who do not consume red meat, pork or poultry.";"3000";"Lunch";"13:00:00";"Baked Potato";"1.0000";"potato, large, 3" to 4-1/4" dia (10.5 oz)";"278";"7";"0";"63";"4";"0";"7";"45";"730";"0"
"Vegetarian";"Designed for those who do not consume red meat, pork or poultry.";"3000";"Afternoon Snack";"17:00:00";"Low Fat Cottage Cheese (1%)";"1.0000";"cup, not packed (8.0 oz)";"163";"28";"2";"6";"6";"9";"0";"138";"918";"1"
"Vegetarian";"Designed for those who do not consume red meat, pork or poultry.";"3000";"Afternoon Snack";"17:00:00";"Peaches in light syrup";"1.0000";"serving, 1/2 cup (4.4 oz)";"68";"1";"0";"18";"17";"0";"2";"4";"6";"0"
"Vegetarian";"Designed for those who do not consume red meat, pork or poultry.";"3000";"Dinner";"19:00:00";"Whole Wheat Penne Pasta";"2.0000";"serving, 3/4 cup (2.0 oz)";"420";"14";"3";"84";"4";"0";"10";"40";"20";"0"
"Vegetarian";"Designed for those who do not consume red meat, pork or poultry.";"3000";"Dinner";"19:00:00";"Eggplant, boiled, drained, no salt added";"1.0000";"cup, 1" cubes (3.5 oz)";"35";"1";"0";"9";"3";"0";"2";"6";"1";"0"
"Vegetarian";"Designed for those who do not consume red meat, pork or poultry.";"3000";"Dinner";"19:00:00";"Olive Oil & Garlic Pasta Sauce (Bertolli)";"2.0000";"serving, 1/2 cup (4.5 oz)";"180";"6";"6";"28";"18";"0";"6";"80";"1000";"0"
"Vegetarian";"Designed for those who do not consume red meat, pork or poultry.";"3000";"Dinner";"19:00:00";"Polly-O: Cheese: Parmesean & Romano, Grated";"3.0000";"teaspoon (0.2 oz)";"60";"6";"5";"0";"0";"15";"0";"0";"255";"3"
"Vegetarian";"Designed for those who do not consume red meat, pork or poultry.";"3000";"Dinner";"19:00:00";"Pineapple, fresh";"1.0000";"cup, diced (5.5 oz)";"74";"1";"0";"20";"14";"0";"2";"20";"2";"0"
"Vegetarian";"Designed for those who do not consume red meat, pork or poultry.";"3000";"Dinner";"19:00:00";"Tofu Products: Extra firm, nigari";"5.0000";"oz";"129";"14";"8";"3";"1";"0";"1";"248";"11";"1"
"Vegetarian";"Designed for those who do not consume red meat, pork or poultry.";"3000";"Dinner";"19:00:00";"Cooked Zucchini,  no salt added";"1.0000";"cup, sliced (6.3 oz)";"29";"1";"0";"7";"3";"0";"3";"23";"5";"0"
"Vegetarian";"Designed for those who do not consume red meat, pork or poultry.";"3000";"Dinner";"19:00:00";"Peppers, bell or sweet, raw";".5000";"cup, sliced (3.2 oz)";"12";"0";"0";"3";"2";"0";"1";"3";"1";"0"
"Vegetarian";"Designed for those who do not consume red meat, pork or poultry.";"3250";"Breakfast";"07:00:00";"Blueberries, fresh";"1.0000";"cup (5.1 oz)";"83";"1";"0";"21";"14";"0";"3";"9";"1";"0"
"Vegetarian";"Designed for those who do not consume red meat, pork or poultry.";"3250";"Breakfast";"07:00:00";"Oats/oatmeal, cooked (all types)";"2.0000";"serving, 3/4 cup (6.2 oz)";"220";"9";"3";"38";"1";"0";"6";"28";"3";"1"
"Vegetarian";"Designed for those who do not consume red meat, pork or poultry.";"3250";"Breakfast";"07:00:00";"Almonds, raw";"1.0000";"serving, 23 whole kernels (1.0 oz)";"164";"6";"14";"6";"1";"0";"3";"70";"0";"1"
"Vegetarian";"Designed for those who do not consume red meat, pork or poultry.";"3250";"Breakfast";"07:00:00";"Brown Sugar";"2.0000";"teaspoon, packed (0.2 oz)";"35";"0";"0";"9";"9";"0";"0";"8";"4";"0"
"Vegetarian";"Designed for those who do not consume red meat, pork or poultry.";"3250";"Breakfast";"07:00:00";"Orange Juice ";"1.0000";"cup (8.1 fl.oz)";"110";"2";"0";"26";"22";"0";"0";"350";"0";"0"
"Vegetarian";"Designed for those who do not consume red meat, pork or poultry.";"3250";"Breakfast";"07:00:00";"Vanilla Soymilk";"1.5000";"cup (8.0 fl.oz)";"150";"9";"5";"15";"11";"0";"2";"450";"143";"1"
"Vegetarian";"Designed for those who do not consume red meat, pork or poultry.";"3250";"Morning Snack";"10:00:00";"Soymilk, Plain";"1.0000";"cup (8.0 fl.oz)";"100";"7";"4";"8";"6";"0";"1";"300";"120";"1"
"Vegetarian";"Designed for those who do not consume red meat, pork or poultry.";"3250";"Morning Snack";"10:00:00";"Vanilla Yogurt, All Natural";"1.0000";"container (6.0 oz)";"150";"7";"3";"25";"25";"10";"0";"250";"100";"2"
"Vegetarian";"Designed for those who do not consume red meat, pork or poultry.";"3250";"Morning Snack";"10:00:00";"Banana";"1.0000";"small, 6" to 6-7/8" long (3.6 oz)";"90";"1";"0";"23";"12";"0";"3";"5";"1";"0"
"Vegetarian";"Designed for those who do not consume red meat, pork or poultry.";"3250";"Morning Snack";"10:00:00";"Strawberries, fresh";".5000";"cup, halves (5.4 oz)";"24";"1";"0";"6";"4";"0";"2";"12";"1";"0"
"Vegetarian";"Designed for those who do not consume red meat, pork or poultry.";"3250";"Lunch";"13:00:00";"Whole Grain Pasta";"1.5000";"serving, 1/7 box (2.0 oz)";"300";"11";"2";"62";"3";"0";"9";"0";"0";"0"
"Vegetarian";"Designed for those who do not consume red meat, pork or poultry.";"3250";"Lunch";"13:00:00";"Cooked Vegetables, Broccoli, Cauliflower & Carrots";"1.0000";"serving, 3/4 cup (3.0 oz)";"30";"1";"0";"5";"2";"0";"2";"20";"30";"0"
"Vegetarian";"Designed for those who do not consume red meat, pork or poultry.";"3250";"Lunch";"13:00:00";"Sweet Italian Vegetarian Sausage";"4.0000";"oz";"318";"33";"15";"14";"3";"0";"9";"45";"703";"2"
"Vegetarian";"Designed for those who do not consume red meat, pork or poultry.";"3250";"Lunch";"13:00:00";"Margarine, Premium Non-Hydrogenated w. Flaxseed Oil (Canola Harvest)";"1.0000";"tablespoon (0.5 oz)";"100";"0";"11";"0";"0";"0";"0";"0";"100";"2"
"Vegetarian";"Designed for those who do not consume red meat, pork or poultry.";"3250";"Lunch";"13:00:00";"Marinara Sauce ";"1.5000";"serving, 1/2 cup (4.4 oz)";"105";"3";"3";"18";"17";"0";"1";"60";"765";"0"
"Vegetarian";"Designed for those who do not consume red meat, pork or poultry.";"3250";"Dinner";"19:00:00";"Grapes, Red or Green ";"1.0000";"cup, with seeds, yields (5.3 oz)";"104";"1";"0";"27";"23";"0";"1";"15";"3";"0"
"Vegetarian";"Designed for those who do not consume red meat, pork or poultry.";"3250";"Dinner";"19:00:00";"Frozen Asparagus Stir-Fry";"1.0000";"serving, 2 cups (5.0 oz)";"80";"3";"0";"15";"0";"0";"2";"40";"35";"0"
"Vegetarian";"Designed for those who do not consume red meat, pork or poultry.";"3250";"Dinner";"19:00:00";"Teriyaki Sauce";"2.0000";"tablespoon (0.5 fl.oz)";"30";"2";"0";"4";"4";"0";"0";"0";"1220";"0"
"Vegetarian";"Designed for those who do not consume red meat, pork or poultry.";"3250";"Dinner";"19:00:00";"Brown rice, long-grain, cooked";"3.0000";"serving, 1/2 cup (3.4 oz)";"325";"8";"3";"67";"1";"0";"5";"29";"15";"1"
"Vegetarian";"Designed for those who do not consume red meat, pork or poultry.";"3250";"Dinner";"19:00:00";"Soy Products: Tempeh, cooked";"5.0000";"oz";"278";"26";"16";"13";"0";"0";"6";"136";"20";"5"
"Vegetarian";"Designed for those who do not consume red meat, pork or poultry.";"3500";"Breakfast";"07:00:00";"Wheat Bread, toasted (includes wheat berry)";"2.0000";"slice (0.8 oz)";"130";"5";"2";"24";"3";"0";"2";"52";"265";"0"
"Vegetarian";"Designed for those who do not consume red meat, pork or poultry.";"3500";"Breakfast";"07:00:00";"Yogurt, Plain, Low-Fat (Dannon)";"1.0000";"container (6.0 oz)";"100";"8";"3";"12";"12";"10";"0";"300";"115";"2"
"Vegetarian";"Designed for those who do not consume red meat, pork or poultry.";"3500";"Breakfast";"07:00:00";"Banana";"1.0000";"large, 8" to 8-7/8" long (4.8 oz)";"121";"1";"0";"31";"17";"0";"4";"7";"1";"0"
"Vegetarian";"Designed for those who do not consume red meat, pork or poultry.";"3500";"Breakfast";"07:00:00";"Vegetarian Breakfast Links";"2.0000";"serving, 1/5 package (1.6 oz)";"260";"22";"12";"12";"2";"0";"8";"40";"660";"0"
"Vegetarian";"Designed for those who do not consume red meat, pork or poultry.";"3500";"Breakfast";"07:00:00";"Blueberries, fresh";".5000";"cup (5.1 oz)";"41";"1";"0";"11";"7";"0";"2";"4";"1";"0"
"Vegetarian";"Designed for those who do not consume red meat, pork or poultry.";"3500";"Breakfast";"07:00:00";"Margarine, Premium Non-Hydrogenated w. Flaxseed Oil (Canola Harvest)";"1.0000";"tablespoon (0.5 oz)";"100";"0";"11";"0";"0";"0";"0";"0";"100";"2"
"Vegetarian";"Designed for those who do not consume red meat, pork or poultry.";"3500";"Morning Snack";"10:00:00";"Vanilla Soymilk";"2.0000";"cup (8.0 fl.oz)";"200";"12";"7";"20";"14";"0";"2";"600";"190";"1"
"Vegetarian";"Designed for those who do not consume red meat, pork or poultry.";"3500";"Lunch";"13:00:00";"Barbecue Sauce";"1.5000";"serving, 2 tablespoons (1.2 oz)";"60";"0";"0";"17";"14";"0";"0";"0";"630";"0"
"Vegetarian";"Designed for those who do not consume red meat, pork or poultry.";"3500";"Lunch";"13:00:00";"French Herb Quinoa Blend, dry (Seeds of Change)";"1.0000";"serving, 1/2 container (2.8 oz)";"290";"8";"4";"56";"7";"0";"3";"40";"860";"1"
"Vegetarian";"Designed for those who do not consume red meat, pork or poultry.";"3500";"Lunch";"13:00:00";"Vegetarian Chik'n Nuggets";"2.0000";"serving, 4 nuggets (3.0 oz)";"380";"24";"18";"38";"4";"0";"8";"120";"1200";"3"
"Vegetarian";"Designed for those who do not consume red meat, pork or poultry.";"3500";"Lunch";"13:00:00";"Apple";"1.0000";"large, 3-1/4" dia, approx 2 per lb (7.5 oz)";"110";"1";"0";"29";"22";"0";"5";"13";"2";"0"
"Vegetarian";"Designed for those who do not consume red meat, pork or poultry.";"3500";"Afternoon Snack";"17:00:00";"Cooked Edamame, no salt added";"1.0000";"cup (6.3 oz)";"254";"22";"12";"20";"0";"0";"8";"261";"25";"1"
"Vegetarian";"Designed for those who do not consume red meat, pork or poultry.";"3500";"Afternoon Snack";"17:00:00";"Pears, all varieties, raw";"1.0000";"pear, medium, approx 2-1/2 per lb (5.9 oz)";"96";"1";"0";"26";"16";"0";"5";"15";"2";"0"
"Vegetarian";"Designed for those who do not consume red meat, pork or poultry.";"3500";"Dinner";"19:00:00";"Italian Blend Vegetables";"2.0000";"serving, 3/4 cup (2.6 oz)";"60";"2";"0";"10";"0";"0";"4";"40";"70";"0"
"Vegetarian";"Designed for those who do not consume red meat, pork or poultry.";"3500";"Dinner";"19:00:00";"Vegetarian Meatless Lasagna w. Chunky Tomato & Herb Sauce";"1.0000";"container (10.5 oz)";"290";"21";"5";"42";"8";"15";"5";"300";"880";"2"
"Vegetarian";"Designed for those who do not consume red meat, pork or poultry.";"3500";"Dinner";"19:00:00";"Garlic Bread (Pepperidge Farm)";"2.0000";"slice, 2 1/2 inch (1.4 oz)";"340";"8";"14";"48";"4";"0";"4";"0";"500";"4"
"Vegetarian";"Designed for those who do not consume red meat, pork or poultry.";"3500";"Dinner";"19:00:00";"Margarine, Premium Non-Hydrogenated w. Flaxseed Oil (Canola Harvest)";"1.0000";"tablespoon (0.5 oz)";"100";"0";"11";"0";"0";"0";"0";"0";"100";"2"
"Vegetarian";"Designed for those who do not consume red meat, pork or poultry.";"3500";"Dinner";"19:00:00";"Vanilla Soymilk";"2.0000";"cup (8.0 fl.oz)";"200";"12";"7";"20";"14";"0";"2";"600";"190";"1"
"Vegetarian";"Designed for those who do not consume red meat, pork or poultry.";"3500";"Evening Snack";"21:00:00";"Almonds, raw";"1.0000";"serving, 23 whole kernels (1.0 oz)";"164";"6";"14";"6";"1";"0";"3";"70";"0";"1"
"Vegetarian";"Designed for those who do not consume red meat, pork or poultry.";"3750";"Breakfast";"07:00:00";"Natural Almond Butter w. Honey (MaraNatha)";"1.0000";"serving, 2 tablespoons (1.1 oz)";"180";"6";"14";"9";"5";"0";"3";"80";"70";"1"
"Vegetarian";"Designed for those who do not consume red meat, pork or poultry.";"3750";"Breakfast";"07:00:00";"Whole Wheat Bagel (Thomas)";"1.0000";"bagel (3.7 oz)";"270";"12";"2";"55";"8";"0";"8";"100";"440";"1"
"Vegetarian";"Designed for those who do not consume red meat, pork or poultry.";"3750";"Breakfast";"07:00:00";"Vanilla Yogurt, All Natural";"8.0000";"oz";"200";"9";"3";"33";"33";"13";"0";"334";"133";"2"
"Vegetarian";"Designed for those who do not consume red meat, pork or poultry.";"3750";"Breakfast";"07:00:00";"Strawberries, fresh";".5000";"cup, sliced (5.9 oz)";"27";"1";"0";"6";"4";"0";"2";"13";"1";"0"
"Vegetarian";"Designed for those who do not consume red meat, pork or poultry.";"3750";"Breakfast";"07:00:00";"Orange Juice, (Original Minute Maid)";"12.0000";"fl.oz";"165";"3";"0";"40";"36";"0";"0";"30";"22";"0"
"Vegetarian";"Designed for those who do not consume red meat, pork or poultry.";"3750";"Breakfast";"07:00:00";"Blueberries, fresh";".5000";"cup (5.1 oz)";"41";"1";"0";"11";"7";"0";"2";"4";"1";"0"
"Vegetarian";"Designed for those who do not consume red meat, pork or poultry.";"3750";"Morning Snack";"10:00:00";"Banana";"1.0000";"medium, 7" to 7-7/8" long (4.2 oz)";"105";"1";"0";"27";"14";"0";"3";"6";"1";"0"
"Vegetarian";"Designed for those who do not consume red meat, pork or poultry.";"3750";"Lunch";"13:00:00";"Cantaloupe Melon";"1.0000";"cup, diced (5.5 oz)";"53";"1";"0";"13";"12";"0";"1";"14";"25";"0"
"Vegetarian";"Designed for those who do not consume red meat, pork or poultry.";"3750";"Lunch";"13:00:00";"Honeydew Melon";"1.0000";"cup, diced, approx 20 pieces per cup (6.0 oz)";"61";"1";"0";"15";"14";"0";"1";"10";"31";"0"
"Vegetarian";"Designed for those who do not consume red meat, pork or poultry.";"3750";"Lunch";"13:00:00";"Extra Virgin Olive Oil";"1.5000";"tablespoon (0.5 fl.oz)";"180";"0";"21";"0";"0";"0";"0";"0";"0";"3"
"Vegetarian";"Designed for those who do not consume red meat, pork or poultry.";"3750";"Lunch";"13:00:00";"Vegetables, Fresh: Mushrooms, portabella, grilled";"1.0000";"cup, sliced (4.3 oz)";"42";"5";"1";"6";"0";"0";"3";"5";"12";"0"
"Vegetarian";"Designed for those who do not consume red meat, pork or poultry.";"3750";"Lunch";"13:00:00";"Onions, spring or scallions";"1.0000";"small, 3" long (0.2 oz)";"2";"0";"0";"0";"0";"0";"0";"4";"1";"0"
"Vegetarian";"Designed for those who do not consume red meat, pork or poultry.";"3750";"Lunch";"13:00:00";"Brown rice, long-grain, cooked";"4.0000";"serving, 1/2 cup (3.4 oz)";"433";"10";"4";"90";"1";"0";"7";"39";"20";"1"
"Vegetarian";"Designed for those who do not consume red meat, pork or poultry.";"3750";"Lunch";"13:00:00";"Herbs & Spices: Chili, powder";"1.0000";"teaspoon (0.1 oz)";"8";"0";"0";"1";"0";"0";"1";"7";"26";"0"
"Vegetarian";"Designed for those who do not consume red meat, pork or poultry.";"3750";"Lunch";"13:00:00";"Asparagus, boiled, drained";"1.0000";"serving, 1/2 cup (3.2 oz)";"20";"2";"0";"4";"1";"0";"2";"21";"13";"0"
"Vegetarian";"Designed for those who do not consume red meat, pork or poultry.";"3750";"Afternoon Snack";"17:00:00";"Graham crackers, plain";"6.0000";"cracker, 2-1/2" square (0.2 oz)";"178";"3";"4";"32";"13";"0";"1";"10";"254";"1"
"Vegetarian";"Designed for those who do not consume red meat, pork or poultry.";"3750";"Afternoon Snack";"17:00:00";"Vanilla Soymilk";"1.0000";"cup (8.0 fl.oz)";"100";"6";"4";"10";"7";"0";"1";"300";"95";"1"
"Vegetarian";"Designed for those who do not consume red meat, pork or poultry.";"3750";"Afternoon Snack";"17:00:00";"Peanut Butter, Creamy, Reduced-Fat (Skippy)";"1.0000";"serving, 2 tablespoons (1.3 oz)";"190";"7";"12";"15";"5";"0";"2";"0";"190";"3"
"Vegetarian";"Designed for those who do not consume red meat, pork or poultry.";"3750";"Dinner";"19:00:00";"Vanilla Soymilk";"2.0000";"cup (8.0 fl.oz)";"200";"12";"7";"20";"14";"0";"2";"600";"190";"1"
"Vegetarian";"Designed for those who do not consume red meat, pork or poultry.";"3750";"Dinner";"19:00:00";"Mushrooms, white, raw";"10.0000";"slice (0.2 oz)";"13";"2";"0";"2";"1";"0";"1";"2";"3";"0"
"Vegetarian";"Designed for those who do not consume red meat, pork or poultry.";"3750";"Dinner";"19:00:00";"Onions, all types, raw/cooked";"2.0000";"tablespoon, chopped (0.4 oz)";"8";"0";"0";"2";"1";"0";"0";"4";"1";"0"
"Vegetarian";"Designed for those who do not consume red meat, pork or poultry.";"3750";"Dinner";"19:00:00";"Bell Pepper, raw";"4.0000";"serving, 10 strips (1.0 oz)";"22";"1";"0";"5";"3";"0";"2";"11";"3";"0"
"Vegetarian";"Designed for those who do not consume red meat, pork or poultry.";"3750";"Dinner";"19:00:00";"Olives, Greek Black, ripe (Castella)";"1.0000";"serving (0.5 oz)";"35";"0";"3";"2";"0";"0";"0";"0";"320";"0"
"Vegetarian";"Designed for those who do not consume red meat, pork or poultry.";"3750";"Dinner";"19:00:00";"Reduced-Fat Mozzarella Cheese (Kraft)";"2.0000";"serving (1.0 oz)";"140";"16";"8";"1";"0";"30";"0";"800";"400";"5"
"Vegetarian";"Designed for those who do not consume red meat, pork or poultry.";"3750";"Dinner";"19:00:00";"Vegetarian Pepperoni, (Vegi-Deli Original)";"1.5000";"serving (2.0 oz)";"215";"27";"5";"17";"0";"0";"0";"0";"474";"0"
"Vegetarian";"Designed for those who do not consume red meat, pork or poultry.";"3750";"Dinner";"19:00:00";"Pizza Crust, 8" Mini (Boboli)";"2.0000";"serving, 1/2 crust (2.5 oz)";"400";"14";"10";"64";"2";"0";"2";"200";"820";"4"
"Vegetarian";"Designed for those who do not consume red meat, pork or poultry.";"3750";"Dinner";"19:00:00";"Pizza Sauce";"2.0000";"serving, 1/2 pouch (2.5 oz)";"100";"4";"0";"22";"8";"0";"1";"0";"720";"0"
"Vegetarian";"Designed for those who do not consume red meat, pork or poultry.";"3750";"Evening Snack";"21:00:00";"Smart Pop Popcorn, Mini Bags, Butter (Orville Redenbacher's)";"1.0000";"bag, popped (1.0 oz)";"100";"3";"2";"21";"0";"0";"3";"0";"170";"0"
"Vegetarian";"Designed for those who do not consume red meat, pork or poultry.";"3750";"Evening Snack";"21:00:00";"Apple";"1.0000";"medium, 2-3/4" dia, approx 3 per lb (4.9 oz)";"72";"0";"0";"19";"14";"0";"3";"8";"1";"0"
"Vegetarian";"Designed for those who do not consume red meat, pork or poultry.";"4000";"Early Morning Snack";"00:00:00";"Pears, all varieties, raw";"1.0000";"pear, medium, approx 2-1/2 per lb (5.9 oz)";"96";"1";"0";"26";"16";"0";"5";"15";"2";"0"
"Vegetarian";"Designed for those who do not consume red meat, pork or poultry.";"4000";"Breakfast";"07:00:00";"Vegetarian Breakfast Sausage Links";"2.0000";"serving, 2 links (1.6 oz)";"160";"18";"6";"6";"0";"0";"4";"0";"600";"1"
"Vegetarian";"Designed for those who do not consume red meat, pork or poultry.";"4000";"Breakfast";"07:00:00";"Egg white, cooked";"4.0000";"large (1.2 oz)";"69";"14";"0";"1";"1";"0";"0";"9";"219";"0"
"Vegetarian";"Designed for those who do not consume red meat, pork or poultry.";"4000";"Breakfast";"07:00:00";"Cranberry Juice Cocktail";"1.0000";"bottle (12.0 fl.oz)";"195";"0";"0";"49";"49";"0";"0";"0";"52";"0"
"Vegetarian";"Designed for those who do not consume red meat, pork or poultry.";"4000";"Breakfast";"07:00:00";"12 Grain Bread (Orowheat)";"2.0000";"slice (1.3 oz)";"220";"8";"3";"40";"8";"0";"2";"80";"380";"0"
"Vegetarian";"Designed for those who do not consume red meat, pork or poultry.";"4000";"Breakfast";"07:00:00";"Strawberry Jelly";"1.0000";"tablespoon (0.7 oz)";"50";"0";"0";"13";"12";"0";"0";"0";"0";"0"
"Vegetarian";"Designed for those who do not consume red meat, pork or poultry.";"4000";"Breakfast";"07:00:00";"Scrambled Eggs: 2 large eggs w. 1 tbsp non-fat milk, no added fat";"1.0000";"meal";"154";"14";"10";"2";"2";"424";"0";"0";"148";"3"
"Vegetarian";"Designed for those who do not consume red meat, pork or poultry.";"4000";"Breakfast";"07:00:00";"Margarine, Premium Non-Hydrogenated w. Flaxseed Oil (Canola Harvest)";"1.0000";"tablespoon (0.5 oz)";"100";"0";"11";"0";"0";"0";"0";"0";"100";"2"
"Vegetarian";"Designed for those who do not consume red meat, pork or poultry.";"4000";"Morning Snack";"10:00:00";"Vanilla Soymilk";"2.0000";"cup (8.0 fl.oz)";"200";"12";"7";"20";"14";"0";"2";"600";"190";"1"
"Vegetarian";"Designed for those who do not consume red meat, pork or poultry.";"4000";"Morning Snack";"10:00:00";"Banana";"1.0000";"medium, 7" to 7-7/8" long (4.2 oz)";"105";"1";"0";"27";"14";"0";"3";"6";"1";"0"
"Vegetarian";"Designed for those who do not consume red meat, pork or poultry.";"4000";"Lunch";"13:00:00";"Mexican Taco Seasoning";"1.0000";"serving, 2 teaspoons (0.2 oz)";"20";"0";"0";"3";"0";"0";"0";"0";"430";"0"
"Vegetarian";"Designed for those who do not consume red meat, pork or poultry.";"4000";"Lunch";"13:00:00";"Vegetarian Meal Starters, Grillers, Recipe Crumbles";"6.0000";"oz";"247";"31";"8";"15";"2";"0";"6";"62";"742";"0"
"Vegetarian";"Designed for those who do not consume red meat, pork or poultry.";"4000";"Lunch";"13:00:00";"Cheddar Jack Cheese, shredded ";"1.0000";"serving, 1/4 cup (1.0 oz)";"110";"7";"9";"1";"0";"30";"0";"200";"180";"5"
"Vegetarian";"Designed for those who do not consume red meat, pork or poultry.";"4000";"Lunch";"13:00:00";"Salsa,  Chunky (Pace)";"2.0000";"serving, 2 tablespoons";"20";"0";"0";"4";"4";"0";"1";"0";"460";"0"
"Vegetarian";"Designed for those who do not consume red meat, pork or poultry.";"4000";"Lunch";"13:00:00";"Iceberg Lettuce";".5000";"cup, shredded or chopped (1.9 oz)";"4";"0";"0";"1";"0";"0";"0";"5";"3";"0"
"Vegetarian";"Designed for those who do not consume red meat, pork or poultry.";"4000";"Lunch";"13:00:00";"Flour Tortillas, (8") Soft Taco";"3.0000";"tortilla (1.1 oz)";"300";"9";"8";"48";"3";"0";"3";"120";"870";"3"
"Vegetarian";"Designed for those who do not consume red meat, pork or poultry.";"4000";"Afternoon Snack";"17:00:00";"Apple";"1.0000";"large, 3-1/4" dia, approx 2 per lb (7.5 oz)";"110";"1";"0";"29";"22";"0";"5";"13";"2";"0"
"Vegetarian";"Designed for those who do not consume red meat, pork or poultry.";"4000";"Afternoon Snack";"17:00:00";"Almonds, raw";"1.0000";"serving, 23 whole kernels (1.0 oz)";"164";"6";"14";"6";"1";"0";"3";"70";"0";"1"
"Vegetarian";"Designed for those who do not consume red meat, pork or poultry.";"4000";"Dinner";"19:00:00";"Tofu Products: Firm, raw";"6.0000";"oz";"247";"27";"15";"7";"0";"0";"4";"1162";"24";"2"
"Vegetarian";"Designed for those who do not consume red meat, pork or poultry.";"4000";"Dinner";"19:00:00";"Broccoli, cooked";"1.0000";"serving, 1/2 cup, chopped (2.8 oz)";"27";"2";"0";"6";"1";"0";"3";"31";"32";"0"
"Vegetarian";"Designed for those who do not consume red meat, pork or poultry.";"4000";"Dinner";"19:00:00";"Onions, all types, raw/cooked";"3.0000";"tablespoon, chopped (0.4 oz)";"13";"0";"0";"3";"1";"0";"0";"7";"1";"0"
"Vegetarian";"Designed for those who do not consume red meat, pork or poultry.";"4000";"Dinner";"19:00:00";"Peas, snow or sugar snap, boiled, drained";"1.0000";"cup (5.6 oz)";"67";"5";"0";"11";"6";"0";"4";"67";"6";"0"
"Vegetarian";"Designed for those who do not consume red meat, pork or poultry.";"4000";"Dinner";"19:00:00";"Peppers, bell or sweet, raw";".5000";"cup, sliced (3.2 oz)";"12";"0";"0";"3";"2";"0";"1";"3";"1";"0"
"Vegetarian";"Designed for those who do not consume red meat, pork or poultry.";"4000";"Dinner";"19:00:00";"Water Chestnuts";".5000";"serving, 4 waterchestnuts (1.3 oz)";"17";"0";"0";"4";"1";"0";"1";"2";"3";"0"
"Vegetarian";"Designed for those who do not consume red meat, pork or poultry.";"4000";"Dinner";"19:00:00";"Brown rice, medium-grain, cooked";"2.0000";"cup (6.9 oz)";"437";"9";"3";"92";"0";"0";"7";"39";"4";"1"
"Vegetarian";"Designed for those who do not consume red meat, pork or poultry.";"4000";"Dinner";"19:00:00";"Vanilla Soymilk";"2.0000";"cup (8.0 fl.oz)";"200";"12";"7";"20";"14";"0";"2";"600";"190";"1"
"Vegetarian";"Designed for those who do not consume red meat, pork or poultry.";"4000";"Dinner";"19:00:00";"Teriyaki Sauce";"2.0000";"tablespoon (0.5 fl.oz)";"30";"2";"0";"4";"4";"0";"0";"0";"1220";"0"
"Vegetarian";"Designed for those who do not consume red meat, pork or poultry.";"4000";"Dinner";"19:00:00";"Pineapple, canned in juice";".5000";"cup, crushed, sliced, or chunks (8.8 oz)";"75";"1";"0";"20";"18";"0";"1";"17";"1";"0"
"Vegetarian";"Designed for those who do not consume red meat, pork or poultry.";"4000";"Dinner";"19:00:00";"Baby Corn, Whole";".5000";"serving (3.0 oz)";"23";"2";"0";"4";"0";"0";"3";"0";"170";"0"
"Vegetarian";"Designed for those who do not consume red meat, pork or poultry.";"4000";"Dinner";"19:00:00";"Pure Canola Oil";"1.0000";"tablespoon (0.5 oz)";"120";"0";"14";"0";"0";"0";"0";"0";"0";"1"
"Vegetarian";"Designed for those who do not consume red meat, pork or poultry.";"4250";"Early Morning Snack";"00:00:00";"Vanilla Yogurt, All Natural";"1.0000";"container (6.0 oz)";"150";"7";"3";"25";"25";"10";"0";"250";"100";"2"
"Vegetarian";"Designed for those who do not consume red meat, pork or poultry.";"4250";"Early Morning Snack";"00:00:00";"Raspberries, fresh";".5000";"cup (4.3 oz)";"32";"1";"0";"7";"3";"0";"4";"15";"1";"0"
"Vegetarian";"Designed for those who do not consume red meat, pork or poultry.";"4250";"Early Morning Snack";"00:00:00";"Strawberries, fresh";".5000";"cup, halves (5.4 oz)";"24";"1";"0";"6";"4";"0";"2";"12";"1";"0"
"Vegetarian";"Designed for those who do not consume red meat, pork or poultry.";"4250";"Early Morning Snack";"00:00:00";"Milk: Reduced-Fat (2% fat)";"1.0000";"cup (8.6 oz)";"122";"8";"5";"11";"12";"20";"0";"285";"100";"3"
"Vegetarian";"Designed for those who do not consume red meat, pork or poultry.";"4250";"Early Morning Snack";"00:00:00";"Banana";"1.0000";"small, 6" to 6-7/8" long (3.6 oz)";"90";"1";"0";"23";"12";"0";"3";"5";"1";"0"
"Vegetarian";"Designed for those who do not consume red meat, pork or poultry.";"4250";"Early Morning Snack";"00:00:00";"Whey Smooth Vanilla Creme";"2.0000";"1 scoop ";"240";"40";"4";"12";"4";"86";"2";"250";"86";"3"
"Vegetarian";"Designed for those who do not consume red meat, pork or poultry.";"4250";"Early Morning Snack";"00:00:00";"Blueberries, fresh";"1.0000";"serving, 50 berries (2.4 oz)";"39";"1";"0";"10";"7";"0";"2";"4";"1";"0"
"Vegetarian";"Designed for those who do not consume red meat, pork or poultry.";"4250";"Breakfast";"07:00:00";"Blueberries, fresh";"1.0000";"serving, 50 berries (2.4 oz)";"39";"1";"0";"10";"7";"0";"2";"4";"1";"0"
"Vegetarian";"Designed for those who do not consume red meat, pork or poultry.";"4250";"Breakfast";"07:00:00";"Peach";"1.0000";"cup, slices (6.0 oz)";"66";"2";"0";"16";"14";"0";"3";"10";"0";"0"
"Vegetarian";"Designed for those who do not consume red meat, pork or poultry.";"4250";"Breakfast";"07:00:00";"Minute Maid: Fruit Juices: Orange, Pulp Free";"1.5000";"cup (8.1 fl.oz)";"165";"0";"0";"41";"36";"0";"0";"30";"23";"0"
"Vegetarian";"Designed for those who do not consume red meat, pork or poultry.";"4250";"Breakfast";"07:00:00";"Vegetarian Breakfast Sausage Links";"2.0000";"serving, 2 links (1.6 oz)";"160";"18";"6";"6";"0";"0";"4";"0";"600";"1"
"Vegetarian";"Designed for those who do not consume red meat, pork or poultry.";"4250";"Breakfast";"07:00:00";"Honey";"1.0000";"tablespoon (0.7 oz)";"64";"0";"0";"17";"17";"0";"0";"1";"1";"0"
"Vegetarian";"Designed for those who do not consume red meat, pork or poultry.";"4250";"Breakfast";"07:00:00";"Margarine";"1.0000";"tablespoon (0.5 oz)";"100";"0";"11";"0";"0";"0";"0";"0";"120";"4"
"Vegetarian";"Designed for those who do not consume red meat, pork or poultry.";"4250";"Breakfast";"07:00:00";"Oats/oatmeal, cooked (all types)";"1.5000";"cup (8.3 oz)";"221";"9";"4";"38";"1";"0";"6";"28";"4";"1"
"Vegetarian";"Designed for those who do not consume red meat, pork or poultry.";"4250";"Morning Snack";"10:00:00";"Soymilk, Chocolate (SIlk)";"1.0000";"cup (8.0 fl.oz)";"138";"5";"3";"23";"19";"0";"2";"296";"99";"0"
"Vegetarian";"Designed for those who do not consume red meat, pork or poultry.";"4250";"Lunch";"13:00:00";"Soy Products: Tempeh, cooked";"1.0000";"quantity (3.5 oz)";"196";"18";"11";"9";"0";"0";"4";"96";"14";"3"
"Vegetarian";"Designed for those who do not consume red meat, pork or poultry.";"4250";"Lunch";"13:00:00";"Onions, all types, raw/cooked";"2.0000";"tablespoon, chopped (0.4 oz)";"8";"0";"0";"2";"1";"0";"0";"4";"1";"0"
"Vegetarian";"Designed for those who do not consume red meat, pork or poultry.";"4250";"Lunch";"13:00:00";"Peppers, bell or sweet, raw";".2500";"cup, chopped (5.3 oz)";"10";"0";"0";"2";"2";"0";"1";"3";"1";"0"
"Vegetarian";"Designed for those who do not consume red meat, pork or poultry.";"4250";"Lunch";"13:00:00";"Fruit Juices: Lemon, fresh";"4.0000";"wedge yields (0.2 fl.oz)";"6";"0";"0";"2";"1";"0";"0";"2";"0";"0"
"Vegetarian";"Designed for those who do not consume red meat, pork or poultry.";"4250";"Lunch";"13:00:00";"Pumpkin seeds";".7500";"quantity (1.0 oz)";"111";"7";"9";"3";"0";"0";"1";"9";"4";"2"
"Vegetarian";"Designed for those who do not consume red meat, pork or poultry.";"4250";"Lunch";"13:00:00";"Tomato, fresh";".5000";"cup, chopped or sliced (6.3 oz)";"16";"1";"0";"4";"2";"0";"1";"9";"5";"0"
"Vegetarian";"Designed for those who do not consume red meat, pork or poultry.";"4250";"Lunch";"13:00:00";"Sweet white corn, boiled/steamed";"1.0000";"serving, 1/2 cup kernels (2.9 oz)";"77";"3";"1";"18";"0";"0";"2";"2";"3";"0"
"Vegetarian";"Designed for those who do not consume red meat, pork or poultry.";"4250";"Lunch";"13:00:00";"Couscous: uncooked";"2.0000";"serving, 1/4 cup (1.6 oz)";"340";"14";"10";"74";"2";"0";"12";"40";"0";"1"
"Vegetarian";"Designed for those who do not consume red meat, pork or poultry.";"4250";"Lunch";"13:00:00";"Extra Virgin Olive Oil";"1.0000";"tablespoon (0.5 fl.oz)";"120";"0";"14";"0";"0";"0";"0";"0";"0";"2"
"Vegetarian";"Designed for those who do not consume red meat, pork or poultry.";"4250";"Dinner";"19:00:00";"Barilla: Pasta, Spaghetti, Macaroni: Manicotti, dry";"2.0000";"serving, 2/9 box (1.8 oz)";"360";"12";"2";"76";"4";"0";"4";"0";"0";"0"
"Vegetarian";"Designed for those who do not consume red meat, pork or poultry.";"4250";"Dinner";"19:00:00";"Cheese: Mozzarella, whole milk";"1.0000";"cup, shredded (4.0 oz)";"336";"25";"25";"2";"1";"88";"0";"566";"702";"15"
"Vegetarian";"Designed for those who do not consume red meat, pork or poultry.";"4250";"Dinner";"19:00:00";"Cheese: Ricotta, whole milk";"1.0000";"cup (8.7 oz)";"428";"28";"32";"7";"1";"125";"0";"509";"207";"20"
"Vegetarian";"Designed for those who do not consume red meat, pork or poultry.";"4250";"Dinner";"19:00:00";"Marinara Sauce ";"2.0000";"serving, 1/2 cup (4.4 oz)";"140";"4";"4";"24";"22";"0";"1";"80";"1020";"0"
"Vegetarian";"Designed for those who do not consume red meat, pork or poultry.";"4250";"Dinner";"19:00:00";"Green Giant: Vegetables, Frozen /  Refrigerated: Spinach, no Sauce";"1.0000";"serving, 1/2 cup (3.5 oz)";"25";"2";"0";"3";"1";"0";"1";"60";"200";"0"
"Vegetarian";"Designed for those who do not consume red meat, pork or poultry.";"4500";"Early Morning Snack";"00:00:00";"Milk: Reduced-Fat (2% fat)";"1.0000";"cup (8.6 oz)";"122";"8";"5";"11";"12";"20";"0";"285";"100";"3"
"Vegetarian";"Designed for those who do not consume red meat, pork or poultry.";"4500";"Early Morning Snack";"00:00:00";"Banana";"1.0000";"banana";"72";"1";"0";"19";"10";"0";"0";"4";"1";"0"
"Vegetarian";"Designed for those who do not consume red meat, pork or poultry.";"4500";"Breakfast";"07:00:00";"dotFIT LeanMR Nutrition Shake - Vanilla";"1.0000";"2 scoops";"180";"20";"2";"23";"0";"10";"6";"108";"170";"0"
"Vegetarian";"Designed for those who do not consume red meat, pork or poultry.";"4500";"Breakfast";"07:00:00";"Coconut Milk, canned";"1.0000";"tablespoon (0.5 oz)";"30";"0";"3";"0";"0";"0";"0";"3";"2";"3"
"Vegetarian";"Designed for those who do not consume red meat, pork or poultry.";"4500";"Breakfast";"07:00:00";"12 Grain Bread (Orowheat)";"2.0000";"slice (1.3 oz)";"220";"8";"3";"40";"8";"0";"2";"80";"380";"0"
"Vegetarian";"Designed for those who do not consume red meat, pork or poultry.";"4500";"Breakfast";"07:00:00";"Vegetarian Breakfast, Sausage Patties";"3.0000";"pattie (1.3 oz)";"240";"30";"9";"9";"2";"0";"3";"0";"780";"2"
"Vegetarian";"Designed for those who do not consume red meat, pork or poultry.";"4500";"Breakfast";"07:00:00";"Margarine: Regular, unsalted";"1.0000";"tablespoon (0.5 oz)";"102";"0";"11";"0";"0";"0";"0";"4";"4";"2"
"Vegetarian";"Designed for those who do not consume red meat, pork or poultry.";"4500";"Breakfast";"07:00:00";"Strawberries, fresh";".5000";"cup, whole (5.1 oz)";"23";"0";"0";"6";"3";"0";"1";"12";"1";"0"
"Vegetarian";"Designed for those who do not consume red meat, pork or poultry.";"4500";"Breakfast";"07:00:00";"Dannon: Yogurts: All Natural, Plain";"1.0000";"serving (8.0 oz)";"160";"9";"8";"12";"12";"20";"0";"300";"120";"5"
"Vegetarian";"Designed for those who do not consume red meat, pork or poultry.";"4500";"Breakfast";"07:00:00";"Pineapple Orange Banana Juice (Dole)";"1.0000";"cup (8.1 fl.oz)";"130";"1";"0";"30";"26";"0";"0";"40";"10";"0"
"Vegetarian";"Designed for those who do not consume red meat, pork or poultry.";"4500";"Morning Snack";"10:00:00";"Tropicana: Fruit Juices: Pure Premium, Grapefruit, Ruby Red";"1.5000";"cup (8.1 fl.oz)";"135";"2";"0";"33";"26";"0";"0";"30";"0";"0"
"Vegetarian";"Designed for those who do not consume red meat, pork or poultry.";"4500";"Lunch";"13:00:00";"Taco Shells & Tortillas: Tortillas, Corn, ready to bake or fry";"10.0000";"tortilla (0.8 oz)";"523";"14";"7";"107";"2";"0";"15";"194";"108";"1"
"Vegetarian";"Designed for those who do not consume red meat, pork or poultry.";"4500";"Lunch";"13:00:00";"Vegetarian Meals: Chik'n Strips (Morningstar Farms)";"2.0000";"serving, 12 strips (3.0 oz)";"280";"46";"7";"12";"2";"0";"2";"80";"1020";"1"
"Vegetarian";"Designed for those who do not consume red meat, pork or poultry.";"4500";"Lunch";"13:00:00";"Sargento: Cheese: Fancy, Sharp Cheddar, shredded";"2.0000";"serving, 1/4 cup (1.0 oz)";"220";"14";"18";"2";"0";"60";"0";"400";"380";"10"
"Vegetarian";"Designed for those who do not consume red meat, pork or poultry.";"4500";"Lunch";"13:00:00";"Onions, all types, raw/cooked";"2.0000";"tablespoon, chopped (0.4 oz)";"8";"0";"0";"2";"1";"0";"0";"4";"1";"0"
"Vegetarian";"Designed for those who do not consume red meat, pork or poultry.";"4500";"Lunch";"13:00:00";"Black Olives, Sliced (Castella)";"1.0000";"serving (0.5 oz)";"25";"0";"2";"1";"0";"0";"0";"0";"110";"2"
"Vegetarian";"Designed for those who do not consume red meat, pork or poultry.";"4500";"Lunch";"13:00:00";"Milk: Reduced-Fat (2% fat)";"1.0000";"cup (8.6 oz)";"122";"8";"5";"11";"12";"20";"0";"285";"100";"3"
"Vegetarian";"Designed for those who do not consume red meat, pork or poultry.";"4500";"Lunch";"13:00:00";"Enchilada Sauce, Medium (Las Palmas)";"3.0000";"serving, 1/4 cup (2.1 oz)";"45";"0";"2";"6";"0";"0";"3";"0";"930";"0"
"Vegetarian";"Designed for those who do not consume red meat, pork or poultry.";"4500";"Afternoon Snack";"17:00:00";"Pears, all varieties, raw";"1.0000";"pear, large, approx 2 per lb (7.4 oz)";"121";"1";"0";"32";"20";"0";"6";"19";"2";"0"
"Vegetarian";"Designed for those who do not consume red meat, pork or poultry.";"4500";"Afternoon Snack";"17:00:00";"Egg (hard-boiled/scrambled/poached)";"1.0000";"large (1.8 oz)";"78";"6";"5";"1";"1";"212";"0";"25";"62";"2"
"Vegetarian";"Designed for those who do not consume red meat, pork or poultry.";"4500";"Afternoon Snack";"17:00:00";"Frigo: Cheese: Snacks, Cheese Heads, String Original";"1.0000";"piece (1.0 oz)";"80";"7";"6";"1";"0";"15";"0";"200";"210";"4"
"Vegetarian";"Designed for those who do not consume red meat, pork or poultry.";"4500";"Dinner";"19:00:00";"Milk: Reduced-Fat (2% fat)";"1.0000";"cup (8.6 oz)";"122";"8";"5";"11";"12";"20";"0";"285";"100";"3"
"Vegetarian";"Designed for those who do not consume red meat, pork or poultry.";"4500";"Dinner";"19:00:00";"Noodles: Japanese Udon (Eden)";"2.0000";"serving, 1/4 package (1.9 oz)";"380";"16";"3";"74";"10";"0";"6";"0";"1320";"0"
"Vegetarian";"Designed for those who do not consume red meat, pork or poultry.";"4500";"Dinner";"19:00:00";"Broccoli, cooked";"1.0000";"serving, 1/2 cup, chopped (2.8 oz)";"27";"2";"0";"6";"1";"0";"3";"31";"32";"0"
"Vegetarian";"Designed for those who do not consume red meat, pork or poultry.";"4500";"Dinner";"19:00:00";"Carrots, boiled or steamed";"1.0000";"serving, 1/2 cup slices (2.8 oz)";"27";"1";"0";"6";"3";"0";"2";"23";"45";"0"
"Vegetarian";"Designed for those who do not consume red meat, pork or poultry.";"4500";"Dinner";"19:00:00";"Chinese Cabbage (bok-choy, pak-choi), boiled, drained";"1.0000";"quantity (3.0 oz)";"10";"1";"0";"2";"1";"0";"1";"79";"29";"0"
"Vegetarian";"Designed for those who do not consume red meat, pork or poultry.";"4500";"Dinner";"19:00:00";"Mushrooms, white, raw";".5000";"cup, pieces or slices (2.5 oz)";"8";"1";"0";"1";"1";"0";"0";"1";"2";"0"
"Vegetarian";"Designed for those who do not consume red meat, pork or poultry.";"4500";"Dinner";"19:00:00";"Swanson Broth: Soups: Vegetable Broth";"3.0000";"cup";"45";"0";"0";"9";"6";"0";"0";"0";"2820";"0"
"Vegetarian";"Designed for those who do not consume red meat, pork or poultry.";"4500";"Dinner";"19:00:00";"Tofu Products: Firm, raw";"1.5000";"serving, 1/2 cup (4.4 oz)";"274";"30";"16";"8";"0";"0";"4";"1291";"26";"2"
"Vegetarian";"Designed for those who do not consume red meat, pork or poultry.";"4750";"Early Morning Snack";"00:00:00";"Fruit, Dried: Banana Chips";"1.0000";"serving, 1/2 cup (1.5 oz)";"218";"1";"14";"25";"15";"0";"3";"8";"3";"12"
"Vegetarian";"Designed for those who do not consume red meat, pork or poultry.";"4750";"Early Morning Snack";"00:00:00";"Sun-Maid: Fruit, Dried: Apricots, California";"1.0000";"serving, 1/4 cup (1.4 oz)";"100";"1";"0";"26";"22";"0";"3";"20";"0";"0"
"Vegetarian";"Designed for those who do not consume red meat, pork or poultry.";"4750";"Breakfast";"07:00:00";"Vanilla Soymilk, Light";"2.0000";"cup (8.0 fl.oz)";"160";"12";"4";"20";"14";"0";"2";"600";"190";"0"
"Vegetarian";"Designed for those who do not consume red meat, pork or poultry.";"4750";"Breakfast";"07:00:00";"Raisins, seedless";"1.0000";"miniature box (0.5 oz)";"42";"0";"0";"11";"8";"0";"1";"7";"2";"0"
"Vegetarian";"Designed for those who do not consume red meat, pork or poultry.";"4750";"Breakfast";"07:00:00";"Egg (hard-boiled/scrambled/poached)";"2.0000";"large (1.8 oz)";"155";"13";"11";"1";"1";"424";"0";"50";"124";"3"
"Vegetarian";"Designed for those who do not consume red meat, pork or poultry.";"4750";"Breakfast";"07:00:00";"Kashi: Breakfast Cereals, Cooked: Heart to Heart, Instant Oatmeal Golden Brown Maple";"1.0000";"packet (1.5 oz)";"160";"4";"2";"33";"12";"0";"5";"100";"100";"0"
"Vegetarian";"Designed for those who do not consume red meat, pork or poultry.";"4750";"Breakfast";"07:00:00";"Veggie Burger, Breakfast Patties (Boca Burger)";"3.0000";"patty (1.3 oz)";"180";"21";"8";"15";"3";"0";"6";"60";"840";"0"
"Vegetarian";"Designed for those who do not consume red meat, pork or poultry.";"4750";"Morning Snack";"10:00:00";"Apple";"1.0000";"large, 3-1/4" dia, approx 2 per lb (7.5 oz)";"110";"1";"0";"29";"22";"0";"5";"13";"2";"0"
"Vegetarian";"Designed for those who do not consume red meat, pork or poultry.";"4750";"Morning Snack";"10:00:00";"Horizon Organic: Milk, Flavored: Chocolate, Low-Fat";"1.0000";"cup (8.1 fl.oz)";"170";"8";"3";"27";"27";"15";"1";"20";"140";"2"
"Vegetarian";"Designed for those who do not consume red meat, pork or poultry.";"4750";"Morning Snack";"10:00:00";"Peanut Butter, Reduced-Fat Creamy";"2.0000";"tablespoon (0.6 oz)";"190";"8";"12";"15";"4";"0";"1";"0";"250";"3"
"Vegetarian";"Designed for those who do not consume red meat, pork or poultry.";"4750";"Lunch";"13:00:00";"Crackers: Saltines (incl. oyster, soda, soup)";"6.0000";"cracker, rectangle (0.2 oz)";"154";"3";"4";"26";"0";"0";"1";"24";"386";"1"
"Vegetarian";"Designed for those who do not consume red meat, pork or poultry.";"4750";"Lunch";"13:00:00";"SoBe (South Beach Beverage): Energy Drinks: Lizard, Tsunami, Orange Cream";"1.0000";"serving (8.1 fl.oz)";"110";"0";"0";"29";"22";"0";"0";"0";"20";"0"
"Vegetarian";"Designed for those who do not consume red meat, pork or poultry.";"4750";"Lunch";"13:00:00";"Kraft: Packaged Meals: Dinners, Deluxe Macaroni & Cheese, Original";"2.0000";"serving, 1/8 package (3.5 oz)";"640";"26";"20";"88";"8";"70";"4";"0";"1740";"12"
"Vegetarian";"Designed for those who do not consume red meat, pork or poultry.";"4750";"Lunch";"13:00:00";"Broccoli, cooked";"1.0000";"serving, 1/2 cup, chopped (2.8 oz)";"27";"2";"0";"6";"1";"0";"3";"31";"32";"0"
"Vegetarian";"Designed for those who do not consume red meat, pork or poultry.";"4750";"Lunch";"13:00:00";"Lentil Soup (Progresso)";"1.5000";"cup (8.5 oz)";"225";"14";"3";"42";"2";"0";"8";"60";"1305";"1"
"Vegetarian";"Designed for those who do not consume red meat, pork or poultry.";"4750";"Afternoon Snack";"17:00:00";"dotFIT LeanMR Nutrition Shake - Chocolate";"1.0000";"2 scoops";"180";"21";"2";"24";"0";"10";"7";"115";"140";"1"
"Vegetarian";"Designed for those who do not consume red meat, pork or poultry.";"4750";"Afternoon Snack";"17:00:00";"Horizon Organic: Yogurts: Low-Fat,Vanilla";"1.0000";"serving (8.0 oz)";"190";"9";"3";"33";"32";"15";"1";"350";"150";"2"
"Vegetarian";"Designed for those who do not consume red meat, pork or poultry.";"4750";"Afternoon Snack";"17:00:00";"Banana";"1.0000";"small, 6" to 6-7/8" long (3.6 oz)";"90";"1";"0";"23";"12";"0";"3";"5";"1";"0"
"Vegetarian";"Designed for those who do not consume red meat, pork or poultry.";"4750";"Afternoon Snack";"17:00:00";"Strawberries, fresh";"1.0000";"cup, whole (5.1 oz)";"46";"1";"0";"11";"7";"0";"3";"23";"1";"0"
"Vegetarian";"Designed for those who do not consume red meat, pork or poultry.";"4750";"Afternoon Snack";"17:00:00";"Milk: Reduced-Fat (2% fat)";"1.0000";"cup (8.6 oz)";"122";"8";"5";"11";"12";"20";"0";"285";"100";"3"
"Vegetarian";"Designed for those who do not consume red meat, pork or poultry.";"4750";"Dinner";"19:00:00";"Ketchup";"1.0000";"tablespoon (0.6 oz)";"15";"0";"0";"4";"4";"0";"0";"0";"190";"0"
"Vegetarian";"Designed for those who do not consume red meat, pork or poultry.";"4750";"Dinner";"19:00:00";"Morningstar Farms: Vegetarian Meals: Burgers, Spicy Black Bean";"2.0000";"burger (2.8 oz)";"280";"24";"8";"30";"4";"0";"6";"80";"940";"1"
"Vegetarian";"Designed for those who do not consume red meat, pork or poultry.";"4750";"Dinner";"19:00:00";"Hidden Valley: Salad Dressings: Original Ranch, Light";"1.5000";"serving, 2 tablespoons (1.1 oz)";"120";"2";"11";"5";"3";"8";"0";"30";"420";"2"
"Vegetarian";"Designed for those who do not consume red meat, pork or poultry.";"4750";"Dinner";"19:00:00";"Mayonnaise: Reduced-Fat Light";"1.0000";"tablespoon (0.5 oz)";"49";"0";"5";"1";"1";"5";"0";"1";"101";"1"
"Vegetarian";"Designed for those who do not consume red meat, pork or poultry.";"4750";"Dinner";"19:00:00";"Fanci Food: Vegetables, Canned: Artichoke Hearts, small";"2.0000";"serving, 3 pieces (4.6 oz)";"40";"4";"0";"6";"0";"0";"4";"40";"960";"0"
"Vegetarian";"Designed for those who do not consume red meat, pork or poultry.";"4750";"Dinner";"19:00:00";"Cranberry Juice Cocktail";"1.0000";"cup (8.0 fl.oz)";"130";"0";"0";"33";"33";"0";"0";"0";"35";"0"
"Vegetarian";"Designed for those who do not consume red meat, pork or poultry.";"4750";"Dinner";"19:00:00";"Tomato, fresh";"6.0000";"cherry (0.6 oz)";"18";"1";"0";"4";"3";"0";"1";"10";"5";"0"
"Vegetarian";"Designed for those who do not consume red meat, pork or poultry.";"4750";"Dinner";"19:00:00";"Tomato, fresh";"2.0000";"slice, thick/large, 1/2" thick (1.0 oz)";"10";"0";"0";"2";"1";"0";"1";"5";"3";"0"
"Vegetarian";"Designed for those who do not consume red meat, pork or poultry.";"4750";"Dinner";"19:00:00";"Hamburger Bun, 100% Whole Wheat (Pepperidge Farm)";"1.0000";"bun";"120";"6";"2";"18";"3";"0";"2";"40";"190";"0"
"Vegetarian";"Designed for those who do not consume red meat, pork or poultry.";"4750";"Dinner";"19:00:00";"Popcorn: Air-popped";"1.5000";"cup (0.3 oz)";"46";"2";"1";"9";"0";"0";"2";"1";"1";"0"
"Vegetarian";"Designed for those who do not consume red meat, pork or poultry.";"4750";"Dinner";"19:00:00";"Croutons, Seasoned";"1.0000";"serving (0.5 oz)";"66";"2";"3";"9";"1";"1";"1";"14";"176";"1"
"Vegetarian";"Designed for those who do not consume red meat, pork or poultry.";"4750";"Dinner";"19:00:00";"California Girl: Vegetables, Canned: Whole Hearts of Palm";"1.0000";"serving, 2 sticks (4.5 oz)";"20";"2";"0";"3";"1";"0";"2";"40";"450";"0"
"Vegetarian";"Designed for those who do not consume red meat, pork or poultry.";"4750";"Dinner";"19:00:00";"Medium Cheddar Cheese, sliced (Sargento)";"1.0000";"slice, thin (1.0 oz)";"80";"5";"6";"0";"0";"20";"0";"150";"140";"4"
"Vegetarian";"Designed for those who do not consume red meat, pork or poultry.";"4750";"Dinner";"19:00:00";"Carrots, boiled or steamed";".2500";"oz";"2";"0";"0";"1";"0";"0";"0";"2";"4";"0"
"Vegetarian";"Designed for those who do not consume red meat, pork or poultry.";"4750";"Dinner";"19:00:00";"Cucumber, peeled, raw";"8.0000";"slice (0.2 oz)";"7";"0";"0";"1";"1";"0";"0";"8";"1";"0"
"Vegetarian";"Designed for those who do not consume red meat, pork or poultry.";"4750";"Dinner";"19:00:00";"Romaine Lettuce";"2.0000";"cup, shredded (1.7 oz)";"16";"1";"0";"3";"1";"0";"2";"31";"8";"0"
"Vegetarian";"Designed for those who do not consume red meat, pork or poultry.";"4750";"Dinner";"19:00:00";"Iceberg Lettuce";"1.0000";"leaf, medium (0.3 oz)";"1";"0";"0";"0";"0";"0";"0";"1";"1";"0"
"Vegetarian";"Designed for those who do not consume red meat, pork or poultry.";"5000";"Early Morning Snack";"00:00:00";"Orange Strawberry Banana Juice (Tropicana)";"1.5000";"cup (8.1 fl.oz)";"195";"3";"0";"45";"39";"0";"0";"0";"0";"0"
"Vegetarian";"Designed for those who do not consume red meat, pork or poultry.";"5000";"Breakfast";"07:00:00";"Vanilla Soymilk, Light";"2.0000";"cup (8.0 fl.oz)";"160";"12";"4";"20";"14";"0";"2";"600";"190";"0"
"Vegetarian";"Designed for those who do not consume red meat, pork or poultry.";"5000";"Breakfast";"07:00:00";"Granola w. Oats & Honey (Quaker)";"2.0000";"serving, 1/2 cup (1.7 oz)";"420";"10";"12";"70";"24";"0";"6";"80";"50";"8"
"Vegetarian";"Designed for those who do not consume red meat, pork or poultry.";"5000";"Breakfast";"07:00:00";"Banana";"1.0000";"medium, 7" to 7-7/8" long (4.2 oz)";"105";"1";"0";"27";"14";"0";"3";"6";"1";"0"
"Vegetarian";"Designed for those who do not consume red meat, pork or poultry.";"5000";"Breakfast";"07:00:00";"Grapefruit Juice, Ruby Red (Minute Maid)";"1.5000";"cup (8.1 fl.oz)";"195";"0";"0";"51";"48";"0";"0";"0";"30";"0"
"Vegetarian";"Designed for those who do not consume red meat, pork or poultry.";"5000";"Breakfast";"07:00:00";"Vegetarian Breakfast Sausage Links";"2.0000";"serving, 2 links (1.6 oz)";"160";"18";"6";"6";"0";"0";"4";"0";"600";"1"
"Vegetarian";"Designed for those who do not consume red meat, pork or poultry.";"5000";"Morning Snack";"10:00:00";"Almonds, raw";"1.0000";"serving, 23 whole kernels (1.0 oz)";"164";"6";"14";"6";"1";"0";"3";"70";"0";"1"
"Vegetarian";"Designed for those who do not consume red meat, pork or poultry.";"5000";"Morning Snack";"10:00:00";"Snacks: Chips, Banana";"1.0000";"quantity (1.0 oz)";"147";"1";"10";"17";"10";"0";"2";"5";"2";"8"
"Vegetarian";"Designed for those who do not consume red meat, pork or poultry.";"5000";"Morning Snack";"10:00:00";"Sun-Maid: Fruit, Dried: Apricots, California";"1.0000";"serving, 1/4 cup (1.4 oz)";"100";"1";"0";"26";"22";"0";"3";"20";"0";"0"
"Vegetarian";"Designed for those who do not consume red meat, pork or poultry.";"5000";"Morning Snack";"10:00:00";"Sun-Maid: Fruit, Dried: Apples";"1.0000";"serving, 1/4 cup (1.4 oz)";"120";"1";"0";"29";"22";"0";"2";"0";"135";"0"
"Vegetarian";"Designed for those who do not consume red meat, pork or poultry.";"5000";"Morning Snack";"10:00:00";"Sun-Maid: Fruit, Dried: Cape Cod Cranberries";"1.0000";"serving, 1/3 cup (1.4 oz)";"130";"0";"0";"33";"27";"0";"2";"0";"0";"0"
"Vegetarian";"Designed for those who do not consume red meat, pork or poultry.";"5000";"Lunch";"13:00:00";"Foot Long Veggie Dog";"2.0000";"serving, 1/4 package (3.5 oz)";"320";"44";"8";"22";"4";"0";"8";"80";"1500";"0"
"Vegetarian";"Designed for those who do not consume red meat, pork or poultry.";"5000";"Lunch";"13:00:00";"Relishes: Pickle, Hot dog";"2.0000";"tablespoon (0.5 oz)";"27";"0";"0";"7";"0";"0";"0";"2";"327";"0"
"Vegetarian";"Designed for those who do not consume red meat, pork or poultry.";"5000";"Lunch";"13:00:00";"Hamburger or Hot Dog Bun, plain";"2.0000";"roll, hamburger, frankfurter, onion roll, bun, large roll (1.5 oz)";"258";"7";"6";"43";"2";"1";"3";"102";"448";"2"
"Vegetarian";"Designed for those who do not consume red meat, pork or poultry.";"5000";"Lunch";"13:00:00";"Ore-Ida: Vegetables, Frozen /  Refrigerated: Tater Tots, Original";"2.0000";"serving, 9 pieces (3.0 oz)";"300";"4";"14";"40";"2";"0";"4";"0";"840";"3"
"Vegetarian";"Designed for those who do not consume red meat, pork or poultry.";"5000";"Lunch";"13:00:00";"Mustard";"2.0000";"teaspoon (0.2 oz)";"7";"0";"0";"1";"0";"0";"0";"8";"112";"0"
"Vegetarian";"Designed for those who do not consume red meat, pork or poultry.";"5000";"Lunch";"13:00:00";"Morningstar Farms: Vegetarian Meals: Veggie Bites, Spinach Artichoke";"2.0000";"serving, 3 pieces (3.0 oz)";"380";"18";"18";"36";"6";"20";"4";"120";"1360";"5"
"Vegetarian";"Designed for those who do not consume red meat, pork or poultry.";"5000";"Lunch";"13:00:00";"Vanilla Soymilk, Light";"2.0000";"cup (8.0 fl.oz)";"160";"12";"4";"20";"14";"0";"2";"600";"190";"0"
"Vegetarian";"Designed for those who do not consume red meat, pork or poultry.";"5000";"Lunch";"13:00:00";"Hunt's: Sauces: Tomato Ketchup, Original";"2.0000";"tablespoon (0.6 oz)";"30";"0";"0";"8";"8";"0";"0";"0";"360";"0"
"Vegetarian";"Designed for those who do not consume red meat, pork or poultry.";"5000";"Afternoon Snack";"17:00:00";"Vanilla Soymilk, Light";"1.0000";"cup (8.0 fl.oz)";"80";"6";"2";"10";"7";"0";"1";"300";"95";"0"
"Vegetarian";"Designed for those who do not consume red meat, pork or poultry.";"5000";"Dinner";"19:00:00";"Trader Joe's: Soups: Hearty Red Bean Vegetarian Stew";"3.5000";"cup (8.8 oz)";"665";"25";"12";"119";"14";"0";"18";"210";"2975";"0"
"Vegetarian";"Designed for those who do not consume red meat, pork or poultry.";"5000";"Dinner";"19:00:00";"Margarine";"1.0000";"tablespoon (0.5 oz)";"100";"0";"11";"0";"0";"0";"0";"0";"120";"4"
"Vegetarian";"Designed for those who do not consume red meat, pork or poultry.";"5000";"Dinner";"19:00:00";"Betty Crocker: Bread Products: Mixes, Cornbread & Muffin, prepared";"1.0000";"serving, 1/6 package";"160";"3";"6";"25";"7";"45";"1";"20";"280";"3"
"Healthy Fast Food";"For those who are constantly on-the-go. Contains healthy items from restaurants and fast food.";"1000";"Lunch";"13:00:00";"Subway: Turkey Breast on Wheat Bread (6")";"1.0000";"sandwich (7.9 oz)";"280";"18";"5";"46";"7";"20";"4";"60";"1000";"2"
"Healthy Fast Food";"For those who are constantly on-the-go. Contains healthy items from restaurants and fast food.";"1000";"Lunch";"13:00:00";"Subway: Turkey Breast (added for double meat)";"1.0000";"serving, per 6" sub or salad (2.0 oz)";"50";"9";"1";"2";"1";"20";"0";"0";"500";"0"
"Healthy Fast Food";"For those who are constantly on-the-go. Contains healthy items from restaurants and fast food.";"1000";"Dinner";"19:00:00";"McDonald's: Southwest Grilled Chicken Salad, without dressing";"1.0000";"salad (12.3 oz)";"320";"30";"9";"30";"11";"70";"6";"150";"960";"3"
"Healthy Fast Food";"For those who are constantly on-the-go. Contains healthy items from restaurants and fast food.";"1000";"Dinner";"19:00:00";"McDonald's: 1% Low-Fat Milk ";"1.0000";"carton (8.0 fl.oz)";"100";"8";"3";"12";"12";"10";"0";"300";"125";"2"
"Healthy Fast Food";"For those who are constantly on-the-go. Contains healthy items from restaurants and fast food.";"1000";"Dinner";"19:00:00";"McDonald's: Apple Dippers";"1.0000";"package (2.4 oz)";"35";"0";"0";"8";"6";"0";"0";"40";"0";"0"
"Healthy Fast Food";"For those who are constantly on-the-go. Contains healthy items from restaurants and fast food.";"1250";"Lunch";"13:00:00";"McDonald's: Grilled Chicken Classic";"1.0000";"sandwich (8.0 oz)";"420";"32";"10";"51";"11";"70";"3";"80";"1190";"2"
"Healthy Fast Food";"For those who are constantly on-the-go. Contains healthy items from restaurants and fast food.";"1250";"Lunch";"13:00:00";"McDonald's: Apple Dippers";"2.0000";"package (2.4 oz)";"70";"0";"0";"16";"12";"0";"0";"80";"0";"0"
"Healthy Fast Food";"For those who are constantly on-the-go. Contains healthy items from restaurants and fast food.";"1250";"Dinner";"19:00:00";"Banana";"1.0000";"small, 6" to 6-7/8" long (3.6 oz)";"90";"1";"0";"23";"12";"0";"3";"5";"1";"0"
"Healthy Fast Food";"For those who are constantly on-the-go. Contains healthy items from restaurants and fast food.";"1250";"Dinner";"19:00:00";"Subway:  Italian BMT Sub (6") on Wheat Bread, ";"1.0000";"sandwich (8.6 oz)";"450";"23";"21";"47";"8";"55";"5";"150";"1770";"8"
"Healthy Fast Food";"For those who are constantly on-the-go. Contains healthy items from restaurants and fast food.";"1500";"Breakfast";"07:00:00";"Granola w. Oats & Honey (Quaker)";"1.0000";"serving, 1/2 cup (1.7 oz)";"210";"5";"6";"35";"12";"0";"3";"40";"25";"4"
"Healthy Fast Food";"For those who are constantly on-the-go. Contains healthy items from restaurants and fast food.";"1500";"Breakfast";"07:00:00";"Yogurt: Plain, Non-Fat (Dannon)";"1.0000";"container (6.0 oz)";"80";"9";"0";"12";"12";"5";"0";"300";"120";"0"
"Healthy Fast Food";"For those who are constantly on-the-go. Contains healthy items from restaurants and fast food.";"1500";"Breakfast";"07:00:00";"Strawberries, fresh";".5000";"cup, sliced (5.9 oz)";"27";"1";"0";"6";"4";"0";"2";"13";"1";"0"
"Healthy Fast Food";"For those who are constantly on-the-go. Contains healthy items from restaurants and fast food.";"1500";"Breakfast";"07:00:00";"Milk (1% fat)";"1.0000";"cup (8.6 oz)";"105";"9";"2";"12";"0";"10";"0";"314";"127";"1"
"Healthy Fast Food";"For those who are constantly on-the-go. Contains healthy items from restaurants and fast food.";"1500";"Lunch";"13:00:00";"Subway: Fat-Free Italian Salad Dressing";"2.0000";"serving (2.0 oz)";"70";"2";"0";"14";"8";"0";"0";"40";"1440";"0"
"Healthy Fast Food";"For those who are constantly on-the-go. Contains healthy items from restaurants and fast food.";"1500";"Lunch";"13:00:00";"Subway: Oven Roasted Chicken Breast Salad, without dressing or croutons";"1.0000";"salad (13.6 oz)";"140";"19";"3";"11";"5";"50";"4";"80";"390";"1"
"Healthy Fast Food";"For those who are constantly on-the-go. Contains healthy items from restaurants and fast food.";"1500";"Lunch";"13:00:00";"dotSTICK Iced Lemon Vanilla Cream";"1.0000";"1 stick";"190";"12";"6";"26";"8";"10";"3";"95";"170";"2"
"Healthy Fast Food";"For those who are constantly on-the-go. Contains healthy items from restaurants and fast food.";"1500";"Dinner";"19:00:00";"McDonald's: Fruit 'n Yogurt Parfait, with Granola";"1.0000";"container (5.3 oz)";"160";"4";"2";"31";"21";"5";"1";"150";"85";"1"
"Healthy Fast Food";"For those who are constantly on-the-go. Contains healthy items from restaurants and fast food.";"1500";"Dinner";"19:00:00";"McDonald's: Snack Wraps, Honey Mustard, with Grilled Chicken";"2.0000";"wrap (4.4 oz)";"520";"36";"18";"54";"8";"90";"2";"200";"1600";"7"
"Healthy Fast Food";"For those who are constantly on-the-go. Contains healthy items from restaurants and fast food.";"1750";"Breakfast";"07:00:00";"Banana";"1.0000";"large, 8" to 8-7/8" long (4.8 oz)";"121";"1";"0";"31";"17";"0";"4";"7";"1";"0"
"Healthy Fast Food";"For those who are constantly on-the-go. Contains healthy items from restaurants and fast food.";"1750";"Lunch";"13:00:00";"McDonald's: Grilled Chicken Classic";"1.0000";"sandwich (8.0 oz)";"420";"32";"10";"51";"11";"70";"3";"80";"1190";"2"
"Healthy Fast Food";"For those who are constantly on-the-go. Contains healthy items from restaurants and fast food.";"1750";"Lunch";"13:00:00";"McDonald's: Fruit 'n Yogurt Parfait, without Granola";"1.0000";"container (5.0 oz)";"130";"4";"2";"25";"19";"5";"0";"100";"55";"1"
"Healthy Fast Food";"For those who are constantly on-the-go. Contains healthy items from restaurants and fast food.";"1750";"Afternoon Snack";"17:00:00";"dotSTICK Iced Lemon Vanilla Cream";"1.0000";"1 stick";"190";"12";"6";"26";"8";"10";"3";"95";"170";"2"
"Healthy Fast Food";"For those who are constantly on-the-go. Contains healthy items from restaurants and fast food.";"1750";"Dinner";"19:00:00";"Subway: Turkey Breast on Wheat Bread (6")";"2.0000";"sandwich (7.9 oz)";"560";"36";"9";"92";"14";"40";"8";"120";"2000";"3"
"Healthy Fast Food";"For those who are constantly on-the-go. Contains healthy items from restaurants and fast food.";"1750";"Dinner";"19:00:00";"Apple";"1.0000";"large, 3-1/4" dia, approx 2 per lb (7.5 oz)";"110";"1";"0";"29";"22";"0";"5";"13";"2";"0"
"Healthy Fast Food";"For those who are constantly on-the-go. Contains healthy items from restaurants and fast food.";"2000";"Breakfast";"07:00:00";"Orange Juice ";".5000";"cup (8.1 fl.oz)";"55";"1";"0";"13";"11";"0";"0";"175";"0";"0"
"Healthy Fast Food";"For those who are constantly on-the-go. Contains healthy items from restaurants and fast food.";"2000";"Lunch";"13:00:00";"Subway: Turkey Breast on Wheat Bread (6")";"2.0000";"sandwich (7.9 oz)";"560";"36";"9";"92";"14";"40";"8";"120";"2000";"3"
"Healthy Fast Food";"For those who are constantly on-the-go. Contains healthy items from restaurants and fast food.";"2000";"Lunch";"13:00:00";"Apple";"1.0000";"medium, 2-3/4" dia, approx 3 per lb (4.9 oz)";"72";"0";"0";"19";"14";"0";"3";"8";"1";"0"
"Healthy Fast Food";"For those who are constantly on-the-go. Contains healthy items from restaurants and fast food.";"2000";"Dinner";"19:00:00";"McDonald's: Low-Fat Sesame Ginger salad dressing";"1.0000";"package (1.5 fl.oz)";"90";"1";"3";"15";"10";"0";"0";"0";"740";"0"
"Healthy Fast Food";"For those who are constantly on-the-go. Contains healthy items from restaurants and fast food.";"2000";"Dinner";"19:00:00";"McDonald's: Asian Salad with Grilled Chicken, without dressing";"1.0000";"salad (12.8 oz)";"300";"32";"10";"23";"12";"65";"5";"150";"890";"1"
"Healthy Fast Food";"For those who are constantly on-the-go. Contains healthy items from restaurants and fast food.";"2000";"Dinner";"19:00:00";"McDonald's: Snack Wraps, Honey Mustard, with Grilled Chicken";"2.0000";"wrap (4.4 oz)";"520";"36";"18";"54";"8";"90";"2";"200";"1600";"7"
"Healthy Fast Food";"For those who are constantly on-the-go. Contains healthy items from restaurants and fast food.";"2250";"Breakfast";"07:00:00";"Banana";"1.0000";"large, 8" to 8-7/8" long (4.8 oz)";"121";"1";"0";"31";"17";"0";"4";"7";"1";"0"
"Healthy Fast Food";"For those who are constantly on-the-go. Contains healthy items from restaurants and fast food.";"2250";"Breakfast";"07:00:00";"Skim Milk";"1.5000";"cup (8.6 oz)";"136";"13";"1";"18";"18";"7";"0";"474";"195";"1"
"Healthy Fast Food";"For those who are constantly on-the-go. Contains healthy items from restaurants and fast food.";"2250";"Lunch";"13:00:00";"McDonald's: Asian Salad with Grilled Chicken, without dressing";"1.0000";"salad (12.8 oz)";"300";"32";"10";"23";"12";"65";"5";"150";"890";"1"
"Healthy Fast Food";"For those who are constantly on-the-go. Contains healthy items from restaurants and fast food.";"2250";"Lunch";"13:00:00";"McDonald's: Low-Fat Sesame Ginger salad dressing";"2.0000";"package (1.5 fl.oz)";"180";"2";"5";"30";"20";"0";"0";"0";"1480";"0"
"Healthy Fast Food";"For those who are constantly on-the-go. Contains healthy items from restaurants and fast food.";"2250";"Lunch";"13:00:00";"McDonald's: Snack Wraps, Honey Mustard, with Grilled Chicken";"2.0000";"wrap (4.4 oz)";"520";"36";"18";"54";"8";"90";"2";"200";"1600";"7"
"Healthy Fast Food";"For those who are constantly on-the-go. Contains healthy items from restaurants and fast food.";"2250";"Dinner";"19:00:00";"Subway: Turkey Breast & Ham Sub on Wheat Bread";"2.0000";"sandwich (6") (8.3 oz)";"581";"40";"10";"93";"15";"50";"11";"150";"2425";"3"
"Healthy Fast Food";"For those who are constantly on-the-go. Contains healthy items from restaurants and fast food.";"2500";"Breakfast";"07:00:00";"Skim Milk";"1.0000";"cup (8.6 oz)";"91";"9";"1";"12";"12";"5";"0";"316";"130";"0"
"Healthy Fast Food";"For those who are constantly on-the-go. Contains healthy items from restaurants and fast food.";"2500";"Lunch";"13:00:00";"McDonald's: Snack Wraps, Honey Mustard, with Grilled Chicken";"2.0000";"wrap (4.4 oz)";"520";"36";"18";"54";"8";"90";"2";"200";"1600";"7"
"Healthy Fast Food";"For those who are constantly on-the-go. Contains healthy items from restaurants and fast food.";"2500";"Lunch";"13:00:00";"McDonald's: Fruit 'n Yogurt Parfait, with Granola";"1.0000";"container (5.3 oz)";"160";"4";"2";"31";"21";"5";"1";"150";"85";"1"
"Healthy Fast Food";"For those who are constantly on-the-go. Contains healthy items from restaurants and fast food.";"2500";"Afternoon Snack";"17:00:00";"dotTREAT Triple Chocolate";"1.0000";"1 Bar";"230";"15";"8";"26";"13";"20";"1";"100";"220";"3"
"Healthy Fast Food";"For those who are constantly on-the-go. Contains healthy items from restaurants and fast food.";"2500";"Dinner";"19:00:00";"Subway: Wild Rice w. Chicken Soup";"1.0000";"bowl (10.9 oz)";"210";"6";"11";"21";"3";"25";"2";"200";"1250";"4"
"Healthy Fast Food";"For those who are constantly on-the-go. Contains healthy items from restaurants and fast food.";"2500";"Dinner";"19:00:00";"Subway:  Cold Cut Combo Double Meat  Sub, with Cheese (6") on Wheat Bread, ";"2.0000";"sandwich (11.3 oz)";"1100";"62";"56";"98";"16";"220";"10";"500";"4720";"20"
"Healthy Fast Food";"For those who are constantly on-the-go. Contains healthy items from restaurants and fast food.";"2750";"Breakfast";"07:00:00";"Banana";"1.0000";"large, 8" to 8-7/8" long (4.8 oz)";"121";"1";"0";"31";"17";"0";"4";"7";"1";"0"
"Healthy Fast Food";"For those who are constantly on-the-go. Contains healthy items from restaurants and fast food.";"2750";"Breakfast";"07:00:00";"Skim Milk";"1.0000";"cup (8.6 oz)";"91";"9";"1";"12";"12";"5";"0";"316";"130";"0"
"Healthy Fast Food";"For those who are constantly on-the-go. Contains healthy items from restaurants and fast food.";"2750";"Lunch";"13:00:00";"Subway: Cream of Broccoli Soup";"1.0000";"bowl (10.9 oz)";"160";"6";"7";"18";"6";"10";"5";"150";"1010";"3"
"Healthy Fast Food";"For those who are constantly on-the-go. Contains healthy items from restaurants and fast food.";"2750";"Lunch";"13:00:00";"Subway: Turkey Breast & Ham Sub on Wheat Bread";"2.0000";"sandwich (6") (8.3 oz)";"581";"40";"10";"93";"15";"50";"11";"150";"2425";"3"
"Healthy Fast Food";"For those who are constantly on-the-go. Contains healthy items from restaurants and fast food.";"2750";"Lunch";"13:00:00";"Apple";"1.0000";"large, 3-1/4" dia, approx 2 per lb (7.5 oz)";"110";"1";"0";"29";"22";"0";"5";"13";"2";"0"
"Healthy Fast Food";"For those who are constantly on-the-go. Contains healthy items from restaurants and fast food.";"2750";"Afternoon Snack";"17:00:00";"dotSTICK Iced Lemon Vanilla Cream";"1.0000";"1 stick";"190";"12";"6";"26";"8";"10";"3";"95";"170";"2"
"Healthy Fast Food";"For those who are constantly on-the-go. Contains healthy items from restaurants and fast food.";"2750";"Afternoon Snack";"17:00:00";"Almonds, raw";"1.0000";"serving, 23 whole kernels (1.0 oz)";"164";"6";"14";"6";"1";"0";"3";"70";"0";"1"
"Healthy Fast Food";"For those who are constantly on-the-go. Contains healthy items from restaurants and fast food.";"2750";"Dinner";"19:00:00";"McDonald's: Grilled Chicken Classic";"1.0000";"sandwich (8.0 oz)";"420";"32";"10";"51";"11";"70";"3";"80";"1190";"2"
"Healthy Fast Food";"For those who are constantly on-the-go. Contains healthy items from restaurants and fast food.";"2750";"Dinner";"19:00:00";"McDonald's: Fruit 'n Yogurt Parfait, with Granola";"1.0000";"container (5.3 oz)";"160";"4";"2";"31";"21";"5";"1";"150";"85";"1"
"Healthy Fast Food";"For those who are constantly on-the-go. Contains healthy items from restaurants and fast food.";"2750";"Dinner";"19:00:00";"McDonald's:  Caesar Salad with Grilled Chicken, without dressing";"1.0000";"salad (11.0 oz)";"220";"30";"6";"12";"5";"75";"3";"200";"890";"3"
"Healthy Fast Food";"For those who are constantly on-the-go. Contains healthy items from restaurants and fast food.";"2750";"Dinner";"19:00:00";"McDonald's: Butter Garlic Croutons";"2.0000";"package (0.5 oz)";"120";"4";"3";"20";"0";"0";"2";"40";"280";"0"
"Healthy Fast Food";"For those who are constantly on-the-go. Contains healthy items from restaurants and fast food.";"2750";"Dinner";"19:00:00";"McDonald's: Creamy Caesar Salad Dressing";"1.0000";"package (2.0 fl.oz)";"190";"2";"18";"4";"2";"20";"0";"60";"500";"4"
"Healthy Fast Food";"For those who are constantly on-the-go. Contains healthy items from restaurants and fast food.";"3000";"Breakfast";"07:00:00";"Oats/oatmeal, cooked (all types)";"2.0000";"serving, 3/4 cup (6.2 oz)";"220";"9";"3";"38";"1";"0";"6";"28";"3";"1"
"Healthy Fast Food";"For those who are constantly on-the-go. Contains healthy items from restaurants and fast food.";"3000";"Breakfast";"07:00:00";"Skim Milk";"1.0000";"cup (8.6 oz)";"91";"9";"1";"12";"12";"5";"0";"316";"130";"0"
"Healthy Fast Food";"For those who are constantly on-the-go. Contains healthy items from restaurants and fast food.";"3000";"Breakfast";"07:00:00";"Banana";"1.0000";"medium, 7" to 7-7/8" long (4.2 oz)";"105";"1";"0";"27";"14";"0";"3";"6";"1";"0"
"Healthy Fast Food";"For those who are constantly on-the-go. Contains healthy items from restaurants and fast food.";"3000";"Breakfast";"07:00:00";"Brown Sugar";"2.0000";"teaspoon, unpacked (0.1 oz)";"23";"0";"0";"6";"6";"0";"0";"5";"2";"0"
"Healthy Fast Food";"For those who are constantly on-the-go. Contains healthy items from restaurants and fast food.";"3000";"Morning Snack";"10:00:00";"Plums, average all varieties";"2.0000";"fruit, 2-1/8" dia (2.3 oz)";"61";"1";"0";"15";"13";"0";"2";"8";"0";"0"
"Healthy Fast Food";"For those who are constantly on-the-go. Contains healthy items from restaurants and fast food.";"3000";"Lunch";"13:00:00";"McDonald's: Grilled Chicken Classic";"2.0000";"sandwich (8.0 oz)";"840";"64";"20";"102";"22";"140";"6";"160";"2380";"4"
"Healthy Fast Food";"For those who are constantly on-the-go. Contains healthy items from restaurants and fast food.";"3000";"Lunch";"13:00:00";"McDonald's: Apple Dippers";"2.0000";"package (2.4 oz)";"70";"0";"0";"16";"12";"0";"0";"80";"0";"0"
"Healthy Fast Food";"For those who are constantly on-the-go. Contains healthy items from restaurants and fast food.";"3000";"Afternoon Snack";"17:00:00";"Orange";"1.0000";"small, 2-3/8" dia (3.4 oz)";"45";"1";"0";"11";"9";"0";"2";"38";"0";"0"
"Healthy Fast Food";"For those who are constantly on-the-go. Contains healthy items from restaurants and fast food.";"3000";"Dinner";"19:00:00";"Subway:  Italian BMT Sub (6") on Wheat Bread, ";"2.0000";"sandwich (8.6 oz)";"900";"46";"42";"94";"16";"110";"10";"300";"3540";"16"
"Healthy Fast Food";"For those who are constantly on-the-go. Contains healthy items from restaurants and fast food.";"3000";"Dinner";"19:00:00";"Lay's: Baked! Sour Cream & Onion Potato Chips";"2.0000";"serving, 12 crisps (1.0 oz)";"240";"4";"6";"42";"6";"0";"4";"120";"420";"0"
"Healthy Fast Food";"For those who are constantly on-the-go. Contains healthy items from restaurants and fast food.";"3250";"Early Morning Snack";"00:00:00";"dotFIT Pre & Post Workout Formula - Chocolate";"1.0000";"2 scoops (64g)";"250";"20";"3";"35";"3";"55";"2";"150";"170";"1"
"Healthy Fast Food";"For those who are constantly on-the-go. Contains healthy items from restaurants and fast food.";"3250";"Early Morning Snack";"00:00:00";"Peanut Butter, Smooth Style, Salted";"1.0000";"tablespoon (0.6 oz)";"94";"4";"8";"3";"1";"0";"1";"7";"73";"2"
"Healthy Fast Food";"For those who are constantly on-the-go. Contains healthy items from restaurants and fast food.";"3250";"Early Morning Snack";"00:00:00";"Banana";"1.0000";"medium, 7" to 7-7/8" long (4.2 oz)";"105";"1";"0";"27";"14";"0";"3";"6";"1";"0"
"Healthy Fast Food";"For those who are constantly on-the-go. Contains healthy items from restaurants and fast food.";"3250";"Early Morning Snack";"00:00:00";"Milk (1% fat)";"1.0000";"cup (8.6 oz)";"105";"9";"2";"12";"0";"10";"0";"314";"127";"1"
"Healthy Fast Food";"For those who are constantly on-the-go. Contains healthy items from restaurants and fast food.";"3250";"Breakfast";"07:00:00";"McMuffins, Egg, without cheese";"1.0000";"muffin (4.4 oz)";"250";"15";"9";"29";"3";"245";"2";"200";"580";"3"
"Healthy Fast Food";"For those who are constantly on-the-go. Contains healthy items from restaurants and fast food.";"3250";"Breakfast";"07:00:00";"Low-Fat Caramel Dip";"1.0000";"serving (0.7 oz)";"70";"0";"1";"15";"9";"5";"0";"20";"35";"0"
"Healthy Fast Food";"For those who are constantly on-the-go. Contains healthy items from restaurants and fast food.";"3250";"Lunch";"13:00:00";"McDonald's: Fruit 'n Yogurt Parfait, with Granola";"1.0000";"container (5.3 oz)";"160";"4";"2";"31";"21";"5";"1";"150";"85";"1"
"Healthy Fast Food";"For those who are constantly on-the-go. Contains healthy items from restaurants and fast food.";"3250";"Lunch";"13:00:00";"McDonald's: Grilled Chicken Classic";"2.0000";"sandwich (8.0 oz)";"840";"64";"20";"102";"22";"140";"6";"160";"2380";"4"
"Healthy Fast Food";"For those who are constantly on-the-go. Contains healthy items from restaurants and fast food.";"3250";"Afternoon Snack";"17:00:00";"Apple";"1.0000";"medium, 2-3/4" dia, approx 3 per lb (4.9 oz)";"72";"0";"0";"19";"14";"0";"3";"8";"1";"0"
"Healthy Fast Food";"For those who are constantly on-the-go. Contains healthy items from restaurants and fast food.";"3250";"Dinner";"19:00:00";"Orange";"1.0000";"large, 3-1/16" dia (6.5 oz)";"86";"2";"0";"22";"17";"0";"4";"74";"0";"0"
"Healthy Fast Food";"For those who are constantly on-the-go. Contains healthy items from restaurants and fast food.";"3250";"Dinner";"19:00:00";"Subway: Tuna Sub (6") on Wheat Bread";"2.0000";"sandwich (8.8 oz)";"1060";"44";"62";"88";"14";"90";"8";"300";"2020";"14"
"Healthy Fast Food";"For those who are constantly on-the-go. Contains healthy items from restaurants and fast food.";"3500";"Breakfast";"07:00:00";"Yogurt, Plain, Low-Fat (Dannon)";"8.0000";"oz";"133";"11";"3";"16";"16";"13";"0";"400";"153";"2"
"Healthy Fast Food";"For those who are constantly on-the-go. Contains healthy items from restaurants and fast food.";"3500";"Breakfast";"07:00:00";"Peach Nectar, canned";".5000";"cup (8.8 oz)";"67";"0";"0";"17";"17";"0";"1";"6";"9";"0"
"Healthy Fast Food";"For those who are constantly on-the-go. Contains healthy items from restaurants and fast food.";"3500";"Breakfast";"07:00:00";"Banana";"1.0000";"medium, 7" to 7-7/8" long (4.2 oz)";"105";"1";"0";"27";"14";"0";"3";"6";"1";"0"
"Healthy Fast Food";"For those who are constantly on-the-go. Contains healthy items from restaurants and fast food.";"3500";"Breakfast";"07:00:00";"dotFIT WheySmooth – Vanilla Crème";"1.0000";"1 scoop (37.5g)";"150";"25";"2";"7";"2";"75";"0";"0";"105";"1"
"Healthy Fast Food";"For those who are constantly on-the-go. Contains healthy items from restaurants and fast food.";"3500";"Lunch";"13:00:00";"Subway: Cold Cut Combo salad, without Dressing or Croutons";"1.0000";"salad (14.3 oz)";"250";"15";"15";"14";"6";"55";"4";"150";"1140";"6"
"Healthy Fast Food";"For those who are constantly on-the-go. Contains healthy items from restaurants and fast food.";"3500";"Lunch";"13:00:00";"Subway: Chicken & Bacon Ranch Sub (6") on Wheat Bread, ";"1.0000";"sandwich (10.5 oz)";"580";"36";"30";"47";"7";"99";"6";"300";"1390";"11"
"Healthy Fast Food";"For those who are constantly on-the-go. Contains healthy items from restaurants and fast food.";"3500";"Lunch";"13:00:00";"Subway: Fat-Free Italian Salad Dressing";"4.0000";"serving (2.0 oz)";"140";"4";"0";"28";"16";"0";"0";"80";"2880";"0"
"Healthy Fast Food";"For those who are constantly on-the-go. Contains healthy items from restaurants and fast food.";"3500";"Lunch";"13:00:00";"Subway: Wild Rice w. Chicken Soup";"1.0000";"bowl (10.9 oz)";"210";"6";"11";"21";"3";"25";"2";"200";"1250";"4"
"Healthy Fast Food";"For those who are constantly on-the-go. Contains healthy items from restaurants and fast food.";"3500";"Afternoon Snack";"17:00:00";"Plums, average all varieties";"1.0000";"fruit, 2-1/8" dia (2.3 oz)";"30";"0";"0";"8";"7";"0";"1";"4";"0";"0"
"Healthy Fast Food";"For those who are constantly on-the-go. Contains healthy items from restaurants and fast food.";"3500";"Dinner";"19:00:00";"McDonald's: Asian Salad with Grilled Chicken, without dressing";"1.0000";"salad (12.8 oz)";"300";"32";"10";"23";"12";"65";"5";"150";"890";"1"
"Healthy Fast Food";"For those who are constantly on-the-go. Contains healthy items from restaurants and fast food.";"3500";"Dinner";"19:00:00";"McDonald's: Low-Fat Sesame Ginger salad dressing";"1.0000";"package (1.5 fl.oz)";"90";"1";"3";"15";"10";"0";"0";"0";"740";"0"
"Healthy Fast Food";"For those who are constantly on-the-go. Contains healthy items from restaurants and fast food.";"3500";"Dinner";"19:00:00";"McDonald's: Grilled Chicken Classic";"1.0000";"sandwich (8.0 oz)";"420";"32";"10";"51";"11";"70";"3";"80";"1190";"2"
"Healthy Fast Food";"For those who are constantly on-the-go. Contains healthy items from restaurants and fast food.";"3500";"Dinner";"19:00:00";"McDonald's: Wrap, Chipotle BBQ w. Grilled Chicken";"2.0000";"wrap (4.4 oz)";"520";"36";"16";"56";"10";"90";"2";"200";"1640";"7"
"Healthy Fast Food";"For those who are constantly on-the-go. Contains healthy items from restaurants and fast food.";"3750";"Breakfast";"07:00:00";"dotFIT First String - Chocolate";"1.0000";"2 Scoops (75.1 grams)";"295";"21";"3";"46";"2";"60";"3";"150";"225";"1"
"Healthy Fast Food";"For those who are constantly on-the-go. Contains healthy items from restaurants and fast food.";"3750";"Breakfast";"07:00:00";"Strawberries, fresh";"1.0000";"cup, whole (5.1 oz)";"46";"1";"0";"11";"7";"0";"3";"23";"1";"0"
"Healthy Fast Food";"For those who are constantly on-the-go. Contains healthy items from restaurants and fast food.";"3750";"Breakfast";"07:00:00";"Banana";"1.0000";"medium, 7" to 7-7/8" long (4.2 oz)";"105";"1";"0";"27";"14";"0";"3";"6";"1";"0"
"Healthy Fast Food";"For those who are constantly on-the-go. Contains healthy items from restaurants and fast food.";"3750";"Breakfast";"07:00:00";"Graham crackers, plain";"2.0000";"large rectangular piece (0.5 oz)";"118";"2";"3";"22";"9";"0";"1";"7";"169";"0"
"Healthy Fast Food";"For those who are constantly on-the-go. Contains healthy items from restaurants and fast food.";"3750";"Breakfast";"07:00:00";"Milk (1% fat)";"8.0000";"fl.oz (1.1 oz)";"105";"9";"2";"12";"0";"10";"0";"313";"127";"1"
"Healthy Fast Food";"For those who are constantly on-the-go. Contains healthy items from restaurants and fast food.";"3750";"Morning Snack";"10:00:00";"Orange Juice";"1.5000";"regular glass (8.0 oz)";"153";"2";"1";"35";"29";"0";"1";"37";"3";"0"
"Healthy Fast Food";"For those who are constantly on-the-go. Contains healthy items from restaurants and fast food.";"3750";"Lunch";"13:00:00";"Subway: Wrap, Sweet Onion Chicken Teriyaki";"1.0000";"wrap (10.7 oz)";"480";"26";"10";"70";"14";"50";"2";"150";"1450";"4"
"Healthy Fast Food";"For those who are constantly on-the-go. Contains healthy items from restaurants and fast food.";"3750";"Lunch";"13:00:00";"Subway: Wrap, Subway Club";"1.0000";"wrap (9.9 oz)";"430";"24";"11";"58";"3";"35";"2";"100";"1540";"4"
"Healthy Fast Food";"For those who are constantly on-the-go. Contains healthy items from restaurants and fast food.";"3750";"Lunch";"13:00:00";"Baked Potato Chips (Lay's)";"1.0000";"serving, 11 crisps (1.0 oz)";"110";"2";"2";"23";"2";"0";"2";"40";"180";"0"
"Healthy Fast Food";"For those who are constantly on-the-go. Contains healthy items from restaurants and fast food.";"3750";"Afternoon Snack";"17:00:00";"dotTREAT Triple Chocolate";"1.0000";"1 Bar";"230";"15";"8";"26";"13";"20";"1";"100";"220";"3"
"Healthy Fast Food";"For those who are constantly on-the-go. Contains healthy items from restaurants and fast food.";"3750";"Dinner";"19:00:00";"McDonald's: Premium Grilled Chicken Club";"1.0000";"sandwich (8.8 oz)";"530";"40";"17";"52";"12";"90";"4";"200";"1470";"6"
"Healthy Fast Food";"For those who are constantly on-the-go. Contains healthy items from restaurants and fast food.";"3750";"Dinner";"19:00:00";"McDonald's: Hamburger";"1.0000";"sandwich (3.5 oz)";"250";"12";"9";"31";"6";"25";"2";"100";"520";"4"
"Healthy Fast Food";"For those who are constantly on-the-go. Contains healthy items from restaurants and fast food.";"3750";"Dinner";"19:00:00";"McDonald's: Bacon Ranch w. Grilled Chicken salad, no dressing";"1.0000";"salad (11.3 oz)";"260";"33";"9";"12";"5";"90";"3";"150";"1010";"4"
"Healthy Fast Food";"For those who are constantly on-the-go. Contains healthy items from restaurants and fast food.";"3750";"Dinner";"19:00:00";"McDonald's: Salad Dressing, Ranch";"1.0000";"package (2.0 fl.oz)";"170";"1";"15";"9";"4";"20";"0";"40";"530";"3"
"Healthy Fast Food";"For those who are constantly on-the-go. Contains healthy items from restaurants and fast food.";"4000";"Breakfast";"07:00:00";"Skim Milk";"16.0000";"fl.oz (1.1 oz)";"181";"17";"1";"25";"25";"10";"0";"632";"259";"1"
"Healthy Fast Food";"For those who are constantly on-the-go. Contains healthy items from restaurants and fast food.";"4000";"Breakfast";"07:00:00";"Strawberries, fresh";"1.0000";"small, 1" dia (0.2 oz)";"2";"0";"0";"1";"0";"0";"0";"1";"0";"0"
"Healthy Fast Food";"For those who are constantly on-the-go. Contains healthy items from restaurants and fast food.";"4000";"Breakfast";"07:00:00";"dotFIT First String - Chocolate";"1.0000";"2 Scoops (75.1 grams)";"295";"21";"3";"46";"2";"60";"3";"150";"225";"1"
"Healthy Fast Food";"For those who are constantly on-the-go. Contains healthy items from restaurants and fast food.";"4000";"Lunch";"13:00:00";"McDonald's: Asian Salad with Grilled Chicken, without dressing";"1.0000";"salad (12.8 oz)";"300";"32";"10";"23";"12";"65";"5";"150";"890";"1"
"Healthy Fast Food";"For those who are constantly on-the-go. Contains healthy items from restaurants and fast food.";"4000";"Lunch";"13:00:00";"McDonald's: Low-Fat Sesame Ginger salad dressing";"2.0000";"package (1.5 fl.oz)";"180";"2";"5";"30";"20";"0";"0";"0";"1480";"0"
"Healthy Fast Food";"For those who are constantly on-the-go. Contains healthy items from restaurants and fast food.";"4000";"Lunch";"13:00:00";"McDonald's: Grilled Chicken Classic";"2.0000";"sandwich (8.0 oz)";"840";"64";"20";"102";"22";"140";"6";"160";"2380";"4"
"Healthy Fast Food";"For those who are constantly on-the-go. Contains healthy items from restaurants and fast food.";"4000";"Afternoon Snack";"17:00:00";"Banana";"1.0000";"medium, 7" to 7-7/8" long (4.2 oz)";"105";"1";"0";"27";"14";"0";"3";"6";"1";"0"
"Healthy Fast Food";"For those who are constantly on-the-go. Contains healthy items from restaurants and fast food.";"4000";"Dinner";"19:00:00";"Subway: Cream of Broccoli Soup";"1.0000";"bowl (10.9 oz)";"160";"6";"7";"18";"6";"10";"5";"150";"1010";"3"
"Healthy Fast Food";"For those who are constantly on-the-go. Contains healthy items from restaurants and fast food.";"4000";"Dinner";"19:00:00";"Subway: Tuna Sub (6") on Wheat Bread";"2.0000";"sandwich (8.8 oz)";"1060";"44";"62";"88";"14";"90";"8";"300";"2020";"14"
"Healthy Fast Food";"For those who are constantly on-the-go. Contains healthy items from restaurants and fast food.";"4000";"Dinner";"19:00:00";"Baked Potato Chips (Lay's)";"1.0000";"serving, 11 crisps (1.0 oz)";"110";"2";"2";"23";"2";"0";"2";"40";"180";"0"
"Healthy Fast Food";"For those who are constantly on-the-go. Contains healthy items from restaurants and fast food.";"4000";"Evening Snack";"21:00:00";"Strawberries, fresh";".5000";"cup, sliced (5.9 oz)";"27";"1";"0";"6";"4";"0";"2";"13";"1";"0"
"Healthy Fast Food";"For those who are constantly on-the-go. Contains healthy items from restaurants and fast food.";"4000";"Evening Snack";"21:00:00";"Frozen Yogurt, Low-Fat (TCBY)";"2.0000";"serving, 1/2 cup (3.4 oz)";"280";"8";"6";"46";"40";"30";"0";"160";"120";"4"
"Healthy Fast Food";"For those who are constantly on-the-go. Contains healthy items from restaurants and fast food.";"4250";"Breakfast";"07:00:00";"Strawberries, fresh";"1.0000";"cup, halves (5.4 oz)";"49";"1";"0";"12";"7";"0";"3";"24";"2";"0"
"Healthy Fast Food";"For those who are constantly on-the-go. Contains healthy items from restaurants and fast food.";"4250";"Breakfast";"07:00:00";"Milk (1% fat)";"1.5000";"cup (8.6 oz)";"158";"13";"4";"18";"0";"15";"0";"470";"191";"2"
"Healthy Fast Food";"For those who are constantly on-the-go. Contains healthy items from restaurants and fast food.";"4250";"Breakfast";"07:00:00";"Yogurt, Average All Flavors (Dannon)";"1.0000";"container (6.0 oz)";"170";"7";"2";"32";"29";"10";"1";"200";"125";"1"
"Healthy Fast Food";"For those who are constantly on-the-go. Contains healthy items from restaurants and fast food.";"4250";"Breakfast";"07:00:00";"dotFIT First String - Chocolate";"1.0000";"2 Scoops (75.1 grams)";"295";"21";"3";"46";"2";"60";"3";"150";"225";"1"
"Healthy Fast Food";"For those who are constantly on-the-go. Contains healthy items from restaurants and fast food.";"4250";"Morning Snack";"10:00:00";"Banana";"1.0000";"large, 8" to 8-7/8" long (4.8 oz)";"121";"1";"0";"31";"17";"0";"4";"7";"1";"0"
"Healthy Fast Food";"For those who are constantly on-the-go. Contains healthy items from restaurants and fast food.";"4250";"Lunch";"13:00:00";"McDonald's: Fruit 'n Yogurt Parfait, with Granola";"1.0000";"container (5.3 oz)";"160";"4";"2";"31";"21";"5";"1";"150";"85";"1"
"Healthy Fast Food";"For those who are constantly on-the-go. Contains healthy items from restaurants and fast food.";"4250";"Lunch";"13:00:00";"McDonald's: Grilled Chicken Classic";"2.0000";"sandwich (8.0 oz)";"840";"64";"20";"102";"22";"140";"6";"160";"2380";"4"
"Healthy Fast Food";"For those who are constantly on-the-go. Contains healthy items from restaurants and fast food.";"4250";"Afternoon Snack";"17:00:00";"Almonds, raw";"1.0000";"serving, 23 whole kernels (1.0 oz)";"164";"6";"14";"6";"1";"0";"3";"70";"0";"1"
"Healthy Fast Food";"For those who are constantly on-the-go. Contains healthy items from restaurants and fast food.";"4250";"Dinner";"19:00:00";"Subway: Tuna Sub (6") on Wheat Bread";"2.0000";"sandwich (8.8 oz)";"1060";"44";"62";"88";"14";"90";"8";"300";"2020";"14"
"Healthy Fast Food";"For those who are constantly on-the-go. Contains healthy items from restaurants and fast food.";"4250";"Dinner";"19:00:00";"Subway: Chocolate Chip Cookies";"2.0000";"cookie (1.6 oz)";"420";"4";"20";"60";"36";"30";"2";"0";"300";"12"
"Healthy Fast Food";"For those who are constantly on-the-go. Contains healthy items from restaurants and fast food.";"4250";"Dinner";"19:00:00";"Subway: Fat-Free Italian Salad Dressing";"2.0000";"serving (2.0 oz)";"70";"2";"0";"14";"8";"0";"0";"40";"1440";"0"
"Healthy Fast Food";"For those who are constantly on-the-go. Contains healthy items from restaurants and fast food.";"4250";"Dinner";"19:00:00";"Subway: Cold Cut Combo salad, without Dressing or Croutons";"1.0000";"salad (14.3 oz)";"250";"15";"15";"14";"6";"55";"4";"150";"1140";"6"
"Healthy Fast Food";"For those who are constantly on-the-go. Contains healthy items from restaurants and fast food.";"4500";"Breakfast";"07:00:00";"Peach";"1.0000";"cup, slices (6.0 oz)";"66";"2";"0";"16";"14";"0";"3";"10";"0";"0"
"Healthy Fast Food";"For those who are constantly on-the-go. Contains healthy items from restaurants and fast food.";"4500";"Breakfast";"07:00:00";"Cinnamon, ground";".2500";"teaspoon (0.1 oz)";"2";"0";"0";"0";"0";"0";"0";"7";"0";"0"
"Healthy Fast Food";"For those who are constantly on-the-go. Contains healthy items from restaurants and fast food.";"4500";"Breakfast";"07:00:00";"Golden Vanilla Wafers (Keebler)";"1.0000";"serving, 8 cookies (1.1 oz)";"140";"1";"6";"21";"9";"0";"1";"0";"120";"1"
"Healthy Fast Food";"For those who are constantly on-the-go. Contains healthy items from restaurants and fast food.";"4500";"Breakfast";"07:00:00";"dotFIT First String - Vanilla";"1.0000";"2 Scoops (73.5 grams)";"290";"21";"3";"45";"2";"60";"1";"175";"170";"1"
"Healthy Fast Food";"For those who are constantly on-the-go. Contains healthy items from restaurants and fast food.";"4500";"Breakfast";"07:00:00";"Nonfat";"2.0000";"cup (8 fl.oz)";"181";"17";"1";"25";"25";"10";"0";"632";"260";"1"
"Healthy Fast Food";"For those who are constantly on-the-go. Contains healthy items from restaurants and fast food.";"4500";"Morning Snack";"10:00:00";"Almonds, raw";"1.0000";"serving, 23 whole kernels (1 oz)";"164";"6";"14";"6";"1";"0";"3";"70";"0";"1"
"Healthy Fast Food";"For those who are constantly on-the-go. Contains healthy items from restaurants and fast food.";"4500";"Morning Snack";"10:00:00";"Apple";"1.0000";"large, 3-1/4" dia, approx 2 per lb (7.5 oz)";"110";"1";"0";"29";"22";"0";"5";"13";"2";"0"
"Healthy Fast Food";"For those who are constantly on-the-go. Contains healthy items from restaurants and fast food.";"4500";"Lunch";"13:00:00";"Flatbread (3"), Breakfast B.M.T. Melt, with Egg & Cheese";"2.0000";"sandwich (4.6 oz)";"500";"28";"24";"44";"6";"260";"2";"400";"1660";"8"
"Healthy Fast Food";"For those who are constantly on-the-go. Contains healthy items from restaurants and fast food.";"4500";"Lunch";"13:00:00";"Milk, Low-Fat";"1.0000";"serving (12.9 oz)";"165";"12";"4";"20";"18";"21";"0";"464";"186";"3"
"Healthy Fast Food";"For those who are constantly on-the-go. Contains healthy items from restaurants and fast food.";"4500";"Lunch";"13:00:00";"Chipotle Chicken Corn Chowder";"1.0000";"bowl (10 fl.oz)";"130";"5";"3";"22";"4";"15";"2";"0";"870";"1"
"Healthy Fast Food";"For those who are constantly on-the-go. Contains healthy items from restaurants and fast food.";"4500";"Afternoon Snack";"17:00:00";"Bananas, raw";"1.0000";"large, 8" to 8-7/8" long (4.8 oz)";"121";"1";"0";"31";"17";"0";"4";"7";"1";"0"
"Healthy Fast Food";"For those who are constantly on-the-go. Contains healthy items from restaurants and fast food.";"4500";"Afternoon Snack";"17:00:00";"dotTREAT Creamy Peanut Butter";"1.0000";"1 Bar";"230";"15";"8";"26";"13";"20";"1";"95";"220";"3"
"Healthy Fast Food";"For those who are constantly on-the-go. Contains healthy items from restaurants and fast food.";"4500";"Dinner";"19:00:00";"Low-Fat Balsamic Vinaigrette";"1.0000";"packet (1.5 fl.oz)";"35";"0";"3";"3";"3";"0";"0";"0";"420";"0"
"Healthy Fast Food";"For those who are constantly on-the-go. Contains healthy items from restaurants and fast food.";"4500";"Dinner";"19:00:00";"McDonald's:  Caesar Salad with Grilled Chicken, without dressing";"1.0000";"salad (11.0 oz)";"220";"30";"6";"12";"5";"75";"3";"200";"890";"3"
"Healthy Fast Food";"For those who are constantly on-the-go. Contains healthy items from restaurants and fast food.";"4500";"Dinner";"19:00:00";"McDonald's: Fruit 'n Yogurt Parfait, with Granola";"1.0000";"container (5.3 oz)";"160";"4";"2";"31";"21";"5";"1";"150";"85";"1"
"Healthy Fast Food";"For those who are constantly on-the-go. Contains healthy items from restaurants and fast food.";"4500";"Dinner";"19:00:00";"McDonald's: Grilled Chicken Classic";"2.0000";"sandwich (8.0 oz)";"840";"64";"20";"102";"22";"140";"6";"160";"2380";"4"
"Healthy Fast Food";"For those who are constantly on-the-go. Contains healthy items from restaurants and fast food.";"4750";"Early Morning Snack";"00:00:00";"Banana";"1.0000";"large, 8" to 8-7/8" long (4.8 oz)";"121";"1";"0";"31";"17";"0";"4";"7";"1";"0"
"Healthy Fast Food";"For those who are constantly on-the-go. Contains healthy items from restaurants and fast food.";"4750";"Early Morning Snack";"00:00:00";"Milk: Cow, Protein-Fortified, Low-Fat (1% fat)";"1.5000";"cup (8.7 oz)";"177";"15";"4";"20";"0";"15";"0";"524";"214";"3"
"Healthy Fast Food";"For those who are constantly on-the-go. Contains healthy items from restaurants and fast food.";"4750";"Early Morning Snack";"00:00:00";"dotFIT First String - Chocolate";"1.0000";"2 Scoops (75.1 grams)";"295";"21";"3";"46";"2";"60";"3";"150";"225";"1"
"Healthy Fast Food";"For those who are constantly on-the-go. Contains healthy items from restaurants and fast food.";"4750";"Breakfast";"07:00:00";"Milk: Cow, Protein-Fortified, Low-Fat (1% fat)";"1.0000";"cup (8.7 oz)";"118";"10";"3";"14";"0";"10";"0";"349";"143";"2"
"Healthy Fast Food";"For those who are constantly on-the-go. Contains healthy items from restaurants and fast food.";"4750";"Morning Snack";"10:00:00";"Pears, all varieties, raw";"1.0000";"pear, medium, approx 2-1/2 per lb (5.9 oz)";"96";"1";"0";"26";"16";"0";"5";"15";"2";"0"
"Healthy Fast Food";"For those who are constantly on-the-go. Contains healthy items from restaurants and fast food.";"4750";"Lunch";"13:00:00";"McDonald's: Creamy Caesar Salad Dressing";"2.0000";"package (2.0 fl.oz)";"380";"4";"36";"8";"4";"40";"0";"120";"1000";"7"
"Healthy Fast Food";"For those who are constantly on-the-go. Contains healthy items from restaurants and fast food.";"4750";"Lunch";"13:00:00";"McDonald's: Cheeseburger";"2.0000";"sandwich (4.0 oz)";"600";"30";"24";"66";"12";"80";"4";"400";"1500";"12"
"Healthy Fast Food";"For those who are constantly on-the-go. Contains healthy items from restaurants and fast food.";"4750";"Lunch";"13:00:00";"McDonald's:  Caesar Salad with Grilled Chicken, without dressing";"1.0000";"salad (11.0 oz)";"220";"30";"6";"12";"5";"75";"3";"200";"890";"3"
"Healthy Fast Food";"For those who are constantly on-the-go. Contains healthy items from restaurants and fast food.";"4750";"Lunch";"13:00:00";"McDonald's: Apple Dippers";"2.0000";"package (2.4 oz)";"70";"0";"0";"16";"12";"0";"0";"80";"0";"0"
"Healthy Fast Food";"For those who are constantly on-the-go. Contains healthy items from restaurants and fast food.";"4750";"Dinner";"19:00:00";"Subway: Cookies, White Chip Macadamia Nut";"1.0000";"cookie (1.6 oz)";"220";"2";"11";"29";"18";"15";"1";"20";"160";"5"
"Healthy Fast Food";"For those who are constantly on-the-go. Contains healthy items from restaurants and fast food.";"4750";"Dinner";"19:00:00";"Subway: Fat-Free Italian Salad Dressing";"2.0000";"serving (2.0 oz)";"70";"2";"0";"14";"8";"0";"0";"40";"1440";"0"
"Healthy Fast Food";"For those who are constantly on-the-go. Contains healthy items from restaurants and fast food.";"4750";"Dinner";"19:00:00";"Subway:  Ham Salad, without dressing or croutons";"1.0000";"salad (13.1 oz)";"120";"12";"3";"14";"6";"25";"4";"60";"840";"1"
"Healthy Fast Food";"For those who are constantly on-the-go. Contains healthy items from restaurants and fast food.";"4750";"Dinner";"19:00:00";"Subway: Meatball Marinara Sub (6") on Wheat Bread";"2.0000";"sandwich (13.3 oz)";"1120";"48";"48";"126";"26";"90";"16";"400";"3180";"22"
"Healthy Fast Food";"For those who are constantly on-the-go. Contains healthy items from restaurants and fast food.";"4750";"Evening Snack";"21:00:00";"Honey Nut Cheerios";"1.0000";"serving, 3/4 cup (1.0 oz)";"110";"3";"2";"22";"9";"0";"2";"100";"190";"0"
"Healthy Fast Food";"For those who are constantly on-the-go. Contains healthy items from restaurants and fast food.";"4750";"Evening Snack";"21:00:00";"Milk: Cow, Protein-Fortified, Low-Fat (1% fat)";"1.0000";"cup (8.7 oz)";"118";"10";"3";"14";"0";"10";"0";"349";"143";"2"
"Healthy Fast Food";"For those who are constantly on-the-go. Contains healthy items from restaurants and fast food.";"5000";"Breakfast";"07:00:00";"Yogurt, Plain, Low-Fat (Dannon)";"8.0000";"oz";"133";"11";"3";"16";"16";"13";"0";"400";"153";"2"
"Healthy Fast Food";"For those who are constantly on-the-go. Contains healthy items from restaurants and fast food.";"5000";"Breakfast";"07:00:00";"Pineapple Juice (Dole)";"1.0000";"cup (8.1 fl.oz)";"130";"1";"0";"30";"26";"0";"0";"40";"10";"0"
"Healthy Fast Food";"For those who are constantly on-the-go. Contains healthy items from restaurants and fast food.";"5000";"Breakfast";"07:00:00";"Banana";"1.0000";"large, 8" to 8-7/8" long (4.8 oz)";"121";"1";"0";"31";"17";"0";"4";"7";"1";"0"
"Healthy Fast Food";"For those who are constantly on-the-go. Contains healthy items from restaurants and fast food.";"5000";"Breakfast";"07:00:00";"Fresh Mango";"1.0000";"cup, sliced (5.8 oz)";"107";"1";"0";"28";"24";"0";"3";"17";"3";"0"
"Healthy Fast Food";"For those who are constantly on-the-go. Contains healthy items from restaurants and fast food.";"5000";"Breakfast";"07:00:00";"Strawberries, fresh";"1.0000";"cup, whole (5.1 oz)";"46";"1";"0";"11";"7";"0";"3";"23";"1";"0"
"Healthy Fast Food";"For those who are constantly on-the-go. Contains healthy items from restaurants and fast food.";"5000";"Breakfast";"07:00:00";"dotFIT First String - Chocolate";"1.0000";"2 Scoops (75.1 grams)";"295";"21";"3";"46";"2";"60";"3";"150";"225";"1"
"Healthy Fast Food";"For those who are constantly on-the-go. Contains healthy items from restaurants and fast food.";"5000";"Morning Snack";"10:00:00";"Apple";"1.0000";"large, 3-1/4" dia, approx 2 per lb (7.5 oz)";"110";"1";"0";"29";"22";"0";"5";"13";"2";"0"
"Healthy Fast Food";"For those who are constantly on-the-go. Contains healthy items from restaurants and fast food.";"5000";"Morning Snack";"10:00:00";"Snacks, Natural, String";"2.0000";"piece (1 oz)";"160";"16";"12";"2";"0";"30";"0";"400";"420";"7"
"Healthy Fast Food";"For those who are constantly on-the-go. Contains healthy items from restaurants and fast food.";"5000";"Morning Snack";"10:00:00";"Almonds, raw";"1.0000";"serving, 23 whole kernels (1 oz)";"164";"6";"14";"6";"1";"0";"3";"70";"0";"1"
"Healthy Fast Food";"For those who are constantly on-the-go. Contains healthy items from restaurants and fast food.";"5000";"Lunch";"13:00:00";"Double Meat Subs (6") on Wheat Bread, Sweet Onion Chicken Teriyaki";"2.0000";"sandwich (13.2 oz)";"960";"86";"14";"130";"46";"200";"12";"200";"3640";"4"
"Healthy Fast Food";"For those who are constantly on-the-go. Contains healthy items from restaurants and fast food.";"5000";"Lunch";"13:00:00";"Milk, Low-Fat";"1.0000";"serving (12.9 oz)";"165";"12";"4";"20";"18";"21";"0";"464";"186";"3"
"Healthy Fast Food";"For those who are constantly on-the-go. Contains healthy items from restaurants and fast food.";"5000";"Lunch";"13:00:00";"Subway: Cookies, Oatmeal Raisin";"2.0000";"cookie (1.6 oz)";"400";"6";"16";"60";"34";"30";"2";"40";"340";"8"
"Healthy Fast Food";"For those who are constantly on-the-go. Contains healthy items from restaurants and fast food.";"5000";"Lunch";"13:00:00";"Wild Rice, with Chicken";"1.0000";"bowl (10 fl.oz)";"220";"5";"12";"22";"4";"25";"2";"200";"810";"4"
"Healthy Fast Food";"For those who are constantly on-the-go. Contains healthy items from restaurants and fast food.";"5000";"Afternoon Snack";"17:00:00";"Bananas, raw";"1.0000";"large, 8" to 8-7/8" long (4.8 oz)";"121";"1";"0";"31";"17";"0";"4";"7";"1";"0"
"Healthy Fast Food";"For those who are constantly on-the-go. Contains healthy items from restaurants and fast food.";"5000";"Afternoon Snack";"17:00:00";"dotTREAT Triple Chocolate";"1.0000";"1 Bar";"230";"15";"8";"26";"13";"20";"1";"100";"220";"3"
"Healthy Fast Food";"For those who are constantly on-the-go. Contains healthy items from restaurants and fast food.";"5000";"Dinner";"19:00:00";"Premium Chicken Breast Filet, Grilled";"2.0000";"filet (3.5 oz)";"240";"48";"4";"4";"2";"130";"0";"";"1420";"1"
"Healthy Fast Food";"For those who are constantly on-the-go. Contains healthy items from restaurants and fast food.";"5000";"Dinner";"19:00:00";"Snack Wrap, Grilled Chicken, Chipotle BBQ";"2.0000";"wrap (4.1 oz)";"500";"32";"16";"54";"10";"80";"2";"200";"1340";"7"
"Healthy Fast Food";"For those who are constantly on-the-go. Contains healthy items from restaurants and fast food.";"5000";"Dinner";"19:00:00";"McDonald's: Fruit 'n Yogurt Parfait, with Granola";"1.0000";"container (5.3 oz)";"160";"4";"2";"31";"21";"5";"1";"150";"85";"1"
"Healthy Fast Food";"For those who are constantly on-the-go. Contains healthy items from restaurants and fast food.";"5000";"Evening Snack";"21:00:00";"Honey Nut Cheerios";"2.0000";"serving, 3/4 cup (1.0 oz)";"220";"6";"3";"44";"18";"0";"4";"200";"380";"0"
"Healthy Fast Food";"For those who are constantly on-the-go. Contains healthy items from restaurants and fast food.";"5000";"Evening Snack";"21:00:00";"Milk (1% fat)";"1.5000";"cup (8.6 oz)";"158";"13";"4";"18";"0";"15";"0";"470";"191";"2"
"Healthy Fast Food";"For those who are constantly on-the-go. Contains healthy items from restaurants and fast food.";"5000";"Evening Snack";"21:00:00";"Blueberries, fresh";".5000";"cup (5.1 oz)";"41";"1";"0";"11";"7";"0";"2";"4";"1";"0"
"Vegan";"Free of animal products.";"1000";"Breakfast";"07:00:00";"Soymilk, Original, Light";"1.0000";"cup (8.1 fl.oz)";"50";"6";"2";"2";"2";"0";"0";"";"115";"0"
"Vegan";"Free of animal products.";"1000";"Breakfast";"07:00:00";"dotFIT Best Plant Protein Unflavored";"1.0000";"1 scoop (28g)";"110";"21";"2";"2";"0";"0";"0";"0";"340";"0"
"Vegan";"Free of animal products.";"1000";"Breakfast";"07:00:00";"Strawberries, raw";".5000";"cup, sliced (5.9 oz)";"27";"1";"0";"6";"4";"0";"2";"13";"1";"0"
"Vegan";"Free of animal products.";"1000";"Breakfast";"07:00:00";"dotFIT VeganMV";"1.0000";"1 Tablet";"0";"0";"0";"0";"0";"0";"0";"0";"0";"0"
"Vegan";"Free of animal products.";"1000";"Breakfast";"07:00:00";"Blueberries, raw";".5000";"cup (5.1 oz)";"41";"1";"0";"11";"7";"0";"2";"4";"1";"0"
"Vegan";"Free of animal products.";"1000";"Lunch";"13:00:00";"Multi-Grain Bread (Whole-Grain)";"2.0000";"slice, regular (0.9 oz)";"138";"7";"2";"23";"3";"0";"4";"54";"218";"0"
"Vegan";"Free of animal products.";"1000";"Lunch";"13:00:00";"Peanut Butter, Smooth Style, Salted";"2.0000";"tablespoon (0.6 oz)";"188";"8";"16";"6";"3";"0";"2";"14";"147";"3"
"Vegan";"Free of animal products.";"1000";"Lunch";"13:00:00";"Bananas, raw";"1.0000";"extra small, less than 6" long (2.9 oz)";"72";"1";"0";"19";"10";"0";"2";"4";"1";"0"
"Vegan";"Free of animal products.";"1000";"Dinner";"19:00:00";"Brown, Medium Grain, cooked";"1.0000";"serving, 1/2 cup (3.4 oz)";"109";"2";"1";"23";"";"0";"2";"10";"1";"0"
"Vegan";"Free of animal products.";"1000";"Dinner";"19:00:00";"Black, boiled";".5000";"cup (6.1 oz)";"114";"8";"0";"20";"";"0";"7";"23";"1";"0"
"Vegan";"Free of animal products.";"1000";"Dinner";"19:00:00";"Zero Trans Fat, with Flaxseed Oil";"1.0000";"serving, 2 teaspoons (0.4 oz)";"70";"0";"8";"0";"0";"0";"0";"0";"70";"1"
"Vegan";"Free of animal products.";"1000";"Dinner";"19:00:00";"Spinach, boiled";"1.0000";"serving, 1/2 cup (3.2 oz)";"21";"3";"0";"3";"0";"0";"2";"122";"63";"0"
"Vegan";"Free of animal products.";"1000";"Dinner";"19:00:00";"Tofu, Firm";"1.0000";"serving (3 oz)";"70";"7";"4";"2";"0";"0";"1";"150";"20";"0"
"Vegan";"Free of animal products.";"1250";"Breakfast";"07:00:00";"dotFIT Best Plant Protein Unflavored";".5000";"1 scoop (28g)";"55";"11";"1";"1";"0";"0";"0";"0";"170";"0"
"Vegan";"Free of animal products.";"1250";"Breakfast";"07:00:00";"Soymilk, Original, Light";"1.0000";"cup (8.1 fl.oz)";"50";"6";"2";"2";"2";"0";"0";"";"115";"0"
"Vegan";"Free of animal products.";"1250";"Breakfast";"07:00:00";"Blueberries, raw";".5000";"cup (5.1 oz)";"41";"1";"0";"11";"7";"0";"2";"4";"1";"0"
"Vegan";"Free of animal products.";"1250";"Breakfast";"07:00:00";"Walnuts, English";".5000";"oz (1 oz)";"93";"2";"9";"2";"0";"0";"1";"14";"0";"1"
"Vegan";"Free of animal products.";"1250";"Breakfast";"07:00:00";"dotFIT VeganMV";"1.0000";"1 Tablet";"0";"0";"0";"0";"0";"0";"0";"0";"0";"0"
"Vegan";"Free of animal products.";"1250";"Breakfast";"07:00:00";"Oats, Steel Cut";"1.0000";"serving, 1/4 cup (1.4 oz)";"170";"7";"3";"29";"0";"0";"5";"20";"0";"1"
"Vegan";"Free of animal products.";"1250";"Lunch";"13:00:00";"Spinach, raw";"2.0000";"cup (1.1 oz)";"14";"2";"0";"2";"0";"0";"1";"59";"47";"0"
"Vegan";"Free of animal products.";"1250";"Lunch";"13:00:00";"Lite, Herb Balsamic";"1.0000";"serving, 2 tablespoons (1.1 oz)";"50";"0";"5";"2";"2";"";"0";"";"230";""
"Vegan";"Free of animal products.";"1250";"Lunch";"13:00:00";"Kale, raw";"1.0000";"cup, chopped (2.4 oz)";"34";"2";"0";"7";"";"0";"1";"90";"29";"0"
"Vegan";"Free of animal products.";"1250";"Lunch";"13:00:00";"Tangerines (Mandarin Oranges), raw";"1.0000";"small, 2-1/4" dia (2.5 oz)";"37";"1";"0";"9";"7";"0";"1";"26";"1";"0"
"Vegan";"Free of animal products.";"1250";"Lunch";"13:00:00";"Kidney Beans, Dark Red";"1.0000";"serving, 1/2 cup (4.6 oz)";"100";"7";"0";"22";"3";"0";"8";"80";"260";"0"
"Vegan";"Free of animal products.";"1250";"Lunch";"13:00:00";"Edamame (Green Soybeans), boiled";".5000";"cup (6.3 oz)";"127";"11";"6";"10";"";"0";"4";"131";"13";"1"
"Vegan";"Free of animal products.";"1250";"Dinner";"19:00:00";"Tofu, Firm";"3.0000";"oz";"70";"7";"4";"2";"0";"0";"1";"150";"20";"0"
"Vegan";"Free of animal products.";"1250";"Dinner";"19:00:00";"Brown, Medium Grain, cooked";".5000";"cup (6.9 oz)";"109";"2";"1";"23";"";"0";"2";"10";"1";"0"
"Vegan";"Free of animal products.";"1250";"Dinner";"19:00:00";"Black, boiled";"1.0000";"cup (6.1 oz)";"227";"15";"1";"41";"";"0";"15";"46";"2";"0"
"Vegan";"Free of animal products.";"1250";"Dinner";"19:00:00";"Onions, boiled";".2500";"cup (7.4 oz)";"23";"1";"0";"5";"2";"0";"1";"12";"2";"0"
"Vegan";"Free of animal products.";"1250";"Dinner";"19:00:00";"Peppers, Sweet, Red, boiled";".2500";"cup, strips or chopped (4.8 oz)";"9";"0";"0";"2";"1";"0";"0";"3";"1";"0"
"Vegan";"Free of animal products.";"1250";"Dinner";"19:00:00";"Flaxseed";".5000";"tablespoon (0.5 oz)";"60";"0";"7";"0";"0";"0";"0";"0";"0";"1"
"Vegan";"Free of animal products.";"1500";"Breakfast";"07:00:00";"Oats, Steel Cut";"1.0000";"serving, 1/4 cup (1.4 oz)";"170";"7";"3";"29";"0";"0";"5";"20";"0";"1"
"Vegan";"Free of animal products.";"1500";"Breakfast";"07:00:00";"Soymilk, Original";"1.0000";"cup (8.1 fl.oz)";"80";"8";"3";"7";"7";"0";"0";"";"95";"0"
"Vegan";"Free of animal products.";"1500";"Breakfast";"07:00:00";"dotFIT Best Plant Protein - Vanilla";".5000";"1 scoop (34g)";"65";"11";"1";"4";"1";"0";"1";"25";"140";"0"
"Vegan";"Free of animal products.";"1500";"Breakfast";"07:00:00";"Blueberries, raw";".5000";"cup (5.1 oz)";"41";"1";"0";"11";"7";"0";"2";"4";"1";"0"
"Vegan";"Free of animal products.";"1500";"Breakfast";"07:00:00";"dotFIT VeganMV";"1.0000";"1 Tablet";"0";"0";"0";"0";"0";"0";"0";"0";"0";"0"
"Vegan";"Free of animal products.";"1500";"Lunch";"13:00:00";"Tangerines (Mandarin Oranges), raw";"1.0000";"small, 2-1/4" dia (2.5 oz)";"37";"1";"0";"9";"7";"0";"1";"26";"1";"0"
"Vegan";"Free of animal products.";"1500";"Lunch";"13:00:00";"Avocados, average all varieties, raw";"1.0000";"oz (1 oz)";"45";"1";"4";"2";"0";"0";"2";"3";"2";"1"
"Vegan";"Free of animal products.";"1500";"Lunch";"13:00:00";"Natural, Balsamic Vinaigrette";"1.0000";"serving, 2 tablespoons (1.1 oz)";"100";"0";"10";"2";"2";"";"";"";"55";"1"
"Vegan";"Free of animal products.";"1500";"Lunch";"13:00:00";"Kidney Beans, Dark Red";"1.0000";"serving, 1/2 cup (4.6 oz)";"100";"7";"0";"22";"3";"0";"8";"80";"260";"0"
"Vegan";"Free of animal products.";"1500";"Lunch";"13:00:00";"Kale, raw";"2.0000";"cup, chopped (2.4 oz)";"67";"4";"1";"13";"";"0";"3";"181";"58";"0"
"Vegan";"Free of animal products.";"1500";"Lunch";"13:00:00";"Spinach, raw";"2.0000";"cup (1.1 oz)";"14";"2";"0";"2";"0";"0";"1";"59";"47";"0"
"Vegan";"Free of animal products.";"1500";"Afternoon Snack";"17:00:00";"Almonds, raw";".5000";"serving, 23 whole kernels (1 oz)";"82";"3";"7";"3";"1";"0";"2";"35";"0";"1"
"Vegan";"Free of animal products.";"1500";"Afternoon Snack";"17:00:00";"dotFIT Best Plant Protein - Vanilla";"1.0000";"1 scoop (34g)";"130";"21";"3";"8";"1";"0";"1";"50";"280";"0"
"Vegan";"Free of animal products.";"1500";"Afternoon Snack";"17:00:00";"Apples, raw, with Skin";"1.0000";"small, 2-1/2" dia, approx 4 per lb (3.7 oz)";"55";"0";"0";"15";"11";"0";"3";"6";"1";"0"
"Vegan";"Free of animal products.";"1500";"Dinner";"19:00:00";"Brown, Medium Grain, cooked";".5000";"cup (6.9 oz)";"109";"2";"1";"23";"";"0";"2";"10";"1";"0"
"Vegan";"Free of animal products.";"1500";"Dinner";"19:00:00";"Black, boiled";"1.0000";"cup (6.1 oz)";"227";"15";"1";"41";"";"0";"15";"46";"2";"0"
"Vegan";"Free of animal products.";"1500";"Dinner";"19:00:00";"Onions, boiled";".2500";"cup (7.4 oz)";"23";"1";"0";"5";"2";"0";"1";"12";"2";"0"
"Vegan";"Free of animal products.";"1500";"Dinner";"19:00:00";"Peppers, Sweet, Red, boiled";".3300";"cup, strips or chopped (4.8 oz)";"12";"0";"0";"3";"2";"0";"1";"4";"1";"0"
"Vegan";"Free of animal products.";"1500";"Dinner";"19:00:00";"Flaxseed";".5000";"tablespoon (0.5 oz)";"60";"0";"7";"0";"0";"0";"0";"0";"0";"1"
"Vegan";"Free of animal products.";"1500";"Dinner";"19:00:00";"Tofu, Firm";"4.0000";"oz";"93";"9";"5";"3";"0";"0";"1";"200";"27";"0"
"Vegan";"Free of animal products.";"1500";"Dinner";"19:00:00";"Lime, fresh";"1.0000";"wedge yields (0.2 fl.oz)";"1";"0";"0";"0";"0";"0";"0";"1";"0";"0"
"Vegan";"Free of animal products.";"1750";"Breakfast";"07:00:00";"Walnuts, English";".5000";"oz";"93";"2";"9";"2";"0";"0";"1";"14";"0";"1"
"Vegan";"Free of animal products.";"1750";"Breakfast";"07:00:00";"Oats, Steel Cut";"1.0000";"serving, 1/4 cup (1.4 oz)";"170";"7";"3";"29";"0";"0";"5";"20";"0";"1"
"Vegan";"Free of animal products.";"1750";"Breakfast";"07:00:00";"Blueberries, raw";".5000";"cup (5.1 oz)";"41";"1";"0";"11";"7";"0";"2";"4";"1";"0"
"Vegan";"Free of animal products.";"1750";"Breakfast";"07:00:00";"Soymilk, Original";"1.0000";"cup (8.1 fl.oz)";"80";"8";"3";"7";"7";"0";"0";"";"95";"0"
"Vegan";"Free of animal products.";"1750";"Breakfast";"07:00:00";"dotFIT VeganMV";"1.0000";"1 Tablet";"0";"0";"0";"0";"0";"0";"0";"0";"0";"0"
"Vegan";"Free of animal products.";"1750";"Breakfast";"07:00:00";"dotFIT Best Plant Protein - Vanilla";".5000";"1 scoop (34g)";"65";"11";"1";"4";"1";"0";"1";"25";"140";"0"
"Vegan";"Free of animal products.";"1750";"Breakfast";"07:00:00";"Strawberries, raw";".5000";"cup, sliced (5.9 oz)";"27";"1";"0";"6";"4";"0";"2";"13";"1";"0"
"Vegan";"Free of animal products.";"1750";"Lunch";"13:00:00";"Kidney Beans, Light Red";"1.0000";"serving, 1/2 cup (4.6 oz)";"100";"7";"0";"22";"3";"0";"7";"80";"260";"0"
"Vegan";"Free of animal products.";"1750";"Lunch";"13:00:00";"Lite, Herb Balsamic";"1.0000";"serving, 2 tablespoons (1.1 oz)";"50";"0";"5";"2";"2";"";"0";"";"230";""
"Vegan";"Free of animal products.";"1750";"Lunch";"13:00:00";"Tangerines (Mandarin Oranges), raw";"1.0000";"small, 2-1/4" dia (2.5 oz)";"37";"1";"0";"9";"7";"0";"1";"26";"1";"0"
"Vegan";"Free of animal products.";"1750";"Lunch";"13:00:00";"Edamame (Green Soybeans), boiled without salt added & drained";".5000";"cup (6.3 oz)";"127";"11";"6";"10";"";"0";"4";"131";"13";"1"
"Vegan";"Free of animal products.";"1750";"Lunch";"13:00:00";"Kale, raw";"2.0000";"cup, chopped (2.4 oz)";"67";"4";"1";"13";"";"0";"3";"181";"58";"0"
"Vegan";"Free of animal products.";"1750";"Lunch";"13:00:00";"Spinach, raw";"2.0000";"cup (1.1 oz)";"14";"2";"0";"2";"0";"0";"1";"59";"47";"0"
"Vegan";"Free of animal products.";"1750";"Afternoon Snack";"17:00:00";"dotFIT Best Plant Protein - Chocolate";"1.0000";"1 scoop (34g)";"130";"21";"3";"7";"1";"0";"1";"65";"270";"0"
"Vegan";"Free of animal products.";"1750";"Afternoon Snack";"17:00:00";"Apples, raw, with Skin";"1.0000";"medium, 2-3/4" dia, approx 3 per lb (4.9 oz)";"72";"0";"0";"19";"14";"0";"3";"8";"1";"0"
"Vegan";"Free of animal products.";"1750";"Afternoon Snack";"17:00:00";"Almonds, raw";"1.0000";"serving, 23 whole kernels (1 oz)";"164";"6";"14";"6";"1";"0";"3";"70";"0";"1"
"Vegan";"Free of animal products.";"1750";"Dinner";"19:00:00";"Tofu, Firm";"4.0000";"oz";"93";"9";"5";"3";"0";"0";"1";"200";"27";"0"
"Vegan";"Free of animal products.";"1750";"Dinner";"19:00:00";"Brown, Medium Grain, cooked";".5000";"cup (6.9 oz)";"109";"2";"1";"23";"";"0";"2";"10";"1";"0"
"Vegan";"Free of animal products.";"1750";"Dinner";"19:00:00";"Black, boiled";"1.0000";"cup (6.1 oz)";"227";"15";"1";"41";"";"0";"15";"46";"2";"0"
"Vegan";"Free of animal products.";"1750";"Dinner";"19:00:00";"Onions, boiled";".2500";"cup (7.4 oz)";"23";"1";"0";"5";"2";"0";"1";"12";"2";"0"
"Vegan";"Free of animal products.";"1750";"Dinner";"19:00:00";"Peppers, Sweet, Red, boiled";".2500";"cup, strips or chopped (4.8 oz)";"9";"0";"0";"2";"1";"0";"0";"3";"1";"0"
"Vegan";"Free of animal products.";"1750";"Dinner";"19:00:00";"Flaxseed";".5000";"tablespoon (0.5 oz)";"60";"0";"7";"0";"0";"0";"0";"0";"0";"1"
"Vegan";"Free of animal products.";"1750";"Dinner";"19:00:00";"Lime, fresh";"1.0000";"wedge yields (0.2 fl.oz)";"1";"0";"0";"0";"0";"0";"0";"1";"0";"0"
"Vegan";"Free of animal products.";"2000";"Breakfast";"07:00:00";"Oats, Steel Cut";"1.0000";"serving, 1/4 cup (1.4 oz)";"170";"7";"3";"29";"0";"0";"5";"20";"0";"1"
"Vegan";"Free of animal products.";"2000";"Breakfast";"07:00:00";"dotFIT VeganMV";"1.0000";"1 tablet";"0";"0";"0";"0";"0";"0";"0";"0";"0";"0"
"Vegan";"Free of animal products.";"2000";"Breakfast";"07:00:00";"Soymilk, Original";"1.0000";"cup (8.1 fl.oz)";"80";"8";"3";"7";"7";"0";"0";"";"95";"0"
"Vegan";"Free of animal products.";"2000";"Breakfast";"07:00:00";"Walnuts, English";".5000";"oz";"93";"2";"9";"2";"0";"0";"1";"14";"0";"1"
"Vegan";"Free of animal products.";"2000";"Breakfast";"07:00:00";"Blueberries, raw";".5000";"cup (5.1 oz)";"41";"1";"0";"11";"7";"0";"2";"4";"1";"0"
"Vegan";"Free of animal products.";"2000";"Morning Snack";"10:00:00";"dotFIT Vegan Chocolate-Chocolate Chip dotSTICK";"1.0000";"1 stick";"260";"12";"0";"24";"10";"0";"4";"30";"350";"4"
"Vegan";"Free of animal products.";"2000";"Lunch";"13:00:00";"Kale, raw";"1.0000";"cup, chopped (2.4 oz)";"34";"2";"0";"7";"";"0";"1";"90";"29";"0"
"Vegan";"Free of animal products.";"2000";"Lunch";"13:00:00";"Spinach, raw";"2.0000";"cup (1.1 oz)";"14";"2";"0";"2";"0";"0";"1";"59";"47";"0"
"Vegan";"Free of animal products.";"2000";"Lunch";"13:00:00";"Edamame (Green Soybeans), boiled";".5000";"cup (6.3 oz)";"127";"11";"6";"10";"";"0";"4";"131";"13";"1"
"Vegan";"Free of animal products.";"2000";"Lunch";"13:00:00";"Kidney, boiled";".5000";"cup (6.2 oz)";"112";"8";"0";"20";"0";"0";"6";"31";"1";"0"
"Vegan";"Free of animal products.";"2000";"Lunch";"13:00:00";"Natural, Balsamic Vinaigrette";"1.0000";"serving, 2 tablespoons (1.1 oz)";"100";"0";"10";"2";"2";"";"";"";"55";"1"
"Vegan";"Free of animal products.";"2000";"Lunch";"13:00:00";"Quinoa, cooked";"1.0000";"serving, 1/2 cup (3.7 oz)";"126";"5";"2";"22";"";"0";"3";"18";"7";""
"Vegan";"Free of animal products.";"2000";"Lunch";"13:00:00";"Tangerines (Mandarin Oranges), raw";"1.0000";"small, 2-1/4" dia (2.5 oz)";"37";"1";"0";"9";"7";"0";"1";"26";"1";"0"
"Vegan";"Free of animal products.";"2000";"Afternoon Snack";"17:00:00";"dotFIT Best Plant Protein - Vanilla";"1.5000";"1 scoop (34g)";"195";"32";"4";"12";"2";"0";"2";"75";"420";"0"
"Vegan";"Free of animal products.";"2000";"Afternoon Snack";"17:00:00";"Apples, raw, with Skin";"1.0000";"small, 2-1/2" dia, approx 4 per lb (3.7 oz)";"55";"0";"0";"15";"11";"0";"3";"6";"1";"0"
"Vegan";"Free of animal products.";"2000";"Dinner";"19:00:00";"Tempeh, cooked";"2.0000";"oz";"111";"10";"6";"5";"0";"0";"2";"54";"8";"2"
"Vegan";"Free of animal products.";"2000";"Dinner";"19:00:00";"Brown, Medium Grain, cooked";".5000";"cup (6.9 oz)";"109";"2";"1";"23";"";"0";"2";"10";"1";"0"
"Vegan";"Free of animal products.";"2000";"Dinner";"19:00:00";"Peppers, Sweet, Red, boiled";".3000";"cup, strips or chopped (4.8 oz)";"11";"0";"0";"3";"2";"0";"0";"4";"1";"0"
"Vegan";"Free of animal products.";"2000";"Dinner";"19:00:00";"Black, boiled";"1.0000";"cup (6.1 oz)";"227";"15";"1";"41";"";"0";"15";"46";"2";"0"
"Vegan";"Free of animal products.";"2000";"Dinner";"19:00:00";"Flaxseed";".5000";"tablespoon (0.5 oz)";"60";"0";"7";"0";"0";"0";"0";"0";"0";"1"
"Vegan";"Free of animal products.";"2000";"Dinner";"19:00:00";"Onions, boiled";".3000";"cup (7.4 oz)";"28";"1";"0";"6";"3";"0";"1";"14";"2";"0"
"Vegan";"Free of animal products.";"2000";"Dinner";"19:00:00";"Yeast, Nutritional ";"1.0000";"serving, 1/4 cup (0.4 oz)";"45";"6";"1";"5";"0";"0";"3";"0";"0";"0"
"Vegan";"Free of animal products.";"2250";"Breakfast";"07:00:00";"dotFIT VeganMV";"1.0000";"1 tablet";"0";"0";"0";"0";"0";"0";"0";"0";"0";"0"
"Vegan";"Free of animal products.";"2250";"Breakfast";"07:00:00";"Walnuts, English";".5000";"serving, 14 halves (1 oz)";"93";"2";"9";"2";"0";"0";"1";"14";"0";"1"
"Vegan";"Free of animal products.";"2250";"Breakfast";"07:00:00";"Soymilk, Original";"1.0000";"cup (8.1 fl.oz)";"80";"8";"3";"7";"7";"0";"0";"";"95";"0"
"Vegan";"Free of animal products.";"2250";"Breakfast";"07:00:00";"Oats, Steel Cut";"1.0000";"serving, 1/4 cup (1.4 oz)";"170";"7";"3";"29";"0";"0";"5";"20";"0";"1"
"Vegan";"Free of animal products.";"2250";"Breakfast";"07:00:00";"Blueberries, raw";".5000";"cup (5.2 oz)";"42";"1";"0";"11";"7";"0";"2";"4";"1";"0"
"Vegan";"Free of animal products.";"2250";"Morning Snack";"10:00:00";"dotFIT Vegan Chocolate-Chocolate Chip dotSTICK";"1.0000";"1 stick";"260";"12";"0";"24";"10";"0";"4";"30";"350";"4"
"Vegan";"Free of animal products.";"2250";"Morning Snack";"10:00:00";"Bananas, raw";"1.0000";"small, 6" to 6-7/8" long (3.6 oz)";"90";"1";"0";"23";"12";"0";"3";"5";"1";"0"
"Vegan";"Free of animal products.";"2250";"Lunch";"13:00:00";"Kale, raw";"2.0000";"cup, chopped (2.4 oz)";"67";"4";"1";"13";"";"0";"3";"181";"58";"0"
"Vegan";"Free of animal products.";"2250";"Lunch";"13:00:00";"Spinach, raw";"2.0000";"cup (1.1 oz)";"14";"2";"0";"2";"0";"0";"1";"59";"47";"0"
"Vegan";"Free of animal products.";"2250";"Lunch";"13:00:00";"Edamame (Green Soybeans), boiled";".5000";"cup (6.3 oz)";"127";"11";"6";"10";"";"0";"4";"131";"13";"1"
"Vegan";"Free of animal products.";"2250";"Lunch";"13:00:00";"Kidney Beans, Dark Red";"1.0000";"serving, 1/2 cup (4.6 oz)";"100";"7";"0";"22";"3";"0";"8";"80";"260";"0"
"Vegan";"Free of animal products.";"2250";"Lunch";"13:00:00";"Quinoa, cooked";"1.0000";"serving, 1/2 cup (3.7 oz)";"126";"5";"2";"22";"";"0";"3";"18";"7";""
"Vegan";"Free of animal products.";"2250";"Lunch";"13:00:00";"Tangerines (Mandarin Oranges), raw";"1.0000";"small, 2-1/4" dia (2.5 oz)";"37";"1";"0";"9";"7";"0";"1";"26";"1";"0"
"Vegan";"Free of animal products.";"2250";"Lunch";"13:00:00";"Lite, Herb Balsamic";"1.0000";"serving, 2 tablespoons (1.1 oz)";"50";"0";"5";"2";"2";"";"0";"";"230";""
"Vegan";"Free of animal products.";"2250";"Afternoon Snack";"17:00:00";"dotFIT Best Plant Protein Unflavored";"1.5000";"1 scoop (28g)";"165";"32";"3";"3";"0";"0";"0";"0";"510";"0"
"Vegan";"Free of animal products.";"2250";"Afternoon Snack";"17:00:00";"Almonds, raw";"1.0000";"serving, 23 whole kernels (1 oz)";"164";"6";"14";"6";"1";"0";"3";"70";"0";"1"
"Vegan";"Free of animal products.";"2250";"Afternoon Snack";"17:00:00";"Apples, raw, with Skin";"1.0000";"medium, 2-3/4" dia, approx 3 per lb (4.9 oz)";"72";"0";"0";"19";"14";"0";"3";"8";"1";"0"
"Vegan";"Free of animal products.";"2250";"Dinner";"19:00:00";"Brown, Medium Grain, cooked";".3000";"cup (6.9 oz)";"66";"1";"0";"14";"";"0";"1";"6";"1";"0"
"Vegan";"Free of animal products.";"2250";"Dinner";"19:00:00";"Black, boiled";"1.0000";"cup (6.1 oz)";"227";"15";"1";"41";"";"0";"15";"46";"2";"0"
"Vegan";"Free of animal products.";"2250";"Dinner";"19:00:00";"Onions, raw";".3000";"cup, chopped (5.6 oz)";"20";"0";"0";"5";"2";"0";"1";"11";"1";"0"
"Vegan";"Free of animal products.";"2250";"Dinner";"19:00:00";"Peppers, Sweet, Red, raw";".3000";"cup, chopped (5.3 oz)";"12";"0";"0";"3";"2";"0";"1";"3";"1";"0"
"Vegan";"Free of animal products.";"2250";"Dinner";"19:00:00";"Flaxseed";".5000";"tablespoon (0.5 oz)";"60";"0";"7";"0";"0";"0";"0";"0";"0";"1"
"Vegan";"Free of animal products.";"2250";"Dinner";"19:00:00";"Yeast, Nutritional ";"1.0000";"serving, 1/4 cup (0.4 oz)";"45";"6";"1";"5";"0";"0";"3";"0";"0";"0"
"Vegan";"Free of animal products.";"2250";"Dinner";"19:00:00";"Tempeh, cooked";"3.0000";"oz";"167";"15";"10";"8";"0";"0";"3";"82";"12";"3"
"Vegan";"Free of animal products.";"2500";"Breakfast";"07:00:00";"Soymilk, Original";"1.0000";"cup (8.1 fl.oz)";"80";"8";"3";"7";"7";"0";"0";"";"95";"0"
"Vegan";"Free of animal products.";"2500";"Breakfast";"07:00:00";"dotFIT VeganMV";"1.0000";"1 tablet";"0";"0";"0";"0";"0";"0";"0";"0";"0";"0"
"Vegan";"Free of animal products.";"2500";"Breakfast";"07:00:00";"Oats, Premium Steel Cut, dry";".3300";"cup (5.6 oz)";"198";"7";"3";"36";"1";"0";"5";"0";"0";"1"
"Vegan";"Free of animal products.";"2500";"Breakfast";"07:00:00";"Walnuts, English";".5000";"oz (1 oz)";"93";"2";"9";"2";"0";"0";"1";"14";"0";"1"
"Vegan";"Free of animal products.";"2500";"Breakfast";"07:00:00";"Blueberries, raw";".5000";"cup (5.1 oz)";"41";"1";"0";"11";"7";"0";"2";"4";"1";"0"
"Vegan";"Free of animal products.";"2500";"Breakfast";"07:00:00";"Strawberries, raw";".5000";"cup, sliced (5.9 oz)";"27";"1";"0";"6";"4";"0";"2";"13";"1";"0"
"Vegan";"Free of animal products.";"2500";"Morning Snack";"10:00:00";"dotFIT Vegan Chocolate-Chocolate Chip dotSTICK";"1.0000";"1 stick";"260";"12";"0";"24";"10";"0";"4";"30";"350";"4"
"Vegan";"Free of animal products.";"2500";"Morning Snack";"10:00:00";"Apples, raw, with Skin";"1.0000";"medium, 2-3/4" dia, approx 3 per lb (4.9 oz)";"72";"0";"0";"19";"14";"0";"3";"8";"1";"0"
"Vegan";"Free of animal products.";"2500";"Morning Snack";"10:00:00";"Peanut Butter, Smooth Style, Salted";"1.0000";"tablespoon (0.6 oz)";"94";"4";"8";"3";"1";"0";"1";"7";"73";"2"
"Vegan";"Free of animal products.";"2500";"Lunch";"13:00:00";"Kale, raw";"2.0000";"cup, chopped (2.4 oz)";"67";"4";"1";"13";"";"0";"3";"181";"58";"0"
"Vegan";"Free of animal products.";"2500";"Lunch";"13:00:00";"Spinach, raw";"2.0000";"cup (1.1 oz)";"14";"2";"0";"2";"0";"0";"1";"59";"47";"0"
"Vegan";"Free of animal products.";"2500";"Lunch";"13:00:00";"Quinoa, cooked";"1.0000";"serving, 1/2 cup (3.7 oz)";"126";"5";"2";"22";"";"0";"3";"18";"7";""
"Vegan";"Free of animal products.";"2500";"Lunch";"13:00:00";"Edamame (Green Soybeans), boiled";".5000";"cup (6.3 oz)";"127";"11";"6";"10";"";"0";"4";"131";"13";"1"
"Vegan";"Free of animal products.";"2500";"Lunch";"13:00:00";"Kidney Beans, Dark Red";"1.0000";"half cup (4.5 oz)";"130";"8";"1";"22";"1";"0";"8";"";"310";"0"
"Vegan";"Free of animal products.";"2500";"Lunch";"13:00:00";"Natural, Balsamic Vinaigrette";"1.0000";"serving, 2 tablespoons (1.1 oz)";"100";"0";"10";"2";"2";"";"";"";"55";"1"
"Vegan";"Free of animal products.";"2500";"Lunch";"13:00:00";"Tangerines (Mandarin Oranges), raw";"1.0000";"small, 2-1/4" dia (2.5 oz)";"37";"1";"0";"9";"7";"0";"1";"26";"1";"0"
"Vegan";"Free of animal products.";"2500";"Afternoon Snack";"17:00:00";"dotFIT Best Plant Protein - Vanilla";"1.5000";"1 scoop (34g)";"195";"32";"4";"12";"2";"0";"2";"75";"420";"0"
"Vegan";"Free of animal products.";"2500";"Afternoon Snack";"17:00:00";"Almonds, raw";"1.0000";"serving, 23 whole kernels (1 oz)";"164";"6";"14";"6";"1";"0";"3";"70";"0";"1"
"Vegan";"Free of animal products.";"2500";"Afternoon Snack";"17:00:00";"Bananas, raw";"1.0000";"medium [6.5 oz with skin, 7" long] (4.2 oz)";"105";"1";"0";"27";"14";"0";"3";"6";"1";"0"
"Vegan";"Free of animal products.";"2500";"Dinner";"19:00:00";"Black, boiled";"1.0000";"cup (6.1 oz)";"227";"15";"1";"41";"";"0";"15";"46";"2";"0"
"Vegan";"Free of animal products.";"2500";"Dinner";"19:00:00";"Onions, raw";".3000";"cup, sliced (4.1 oz)";"14";"0";"0";"3";"1";"0";"0";"8";"1";"0"
"Vegan";"Free of animal products.";"2500";"Dinner";"19:00:00";"Peppers, Sweet, Red, raw";".3300";"cup, slices (3.2 oz)";"8";"0";"0";"2";"1";"0";"1";"2";"1";"0"
"Vegan";"Free of animal products.";"2500";"Dinner";"19:00:00";"Brown, Medium Grain, cooked";".5000";"cup (6.9 oz)";"109";"2";"1";"23";"";"0";"2";"10";"1";"0"
"Vegan";"Free of animal products.";"2500";"Dinner";"19:00:00";"Tempeh, cooked";"3.0000";"oz";"167";"15";"10";"8";"0";"0";"3";"82";"12";"3"
"Vegan";"Free of animal products.";"2500";"Dinner";"19:00:00";"Yeast, Nutritional ";"1.0000";"serving, 1/4 cup (0.4 oz)";"45";"6";"1";"5";"0";"0";"3";"0";"0";"0"
"Vegan";"Free of animal products.";"2750";"Breakfast";"07:00:00";"Soymilk, Original";"1.5000";"cup (8.1 fl.oz)";"120";"12";"4";"11";"11";"0";"0";"";"143";"0"
"Vegan";"Free of animal products.";"2750";"Breakfast";"07:00:00";"Oats, Premium Steel Cut, dry";".5000";"cup (5.6 oz)";"300";"10";"5";"54";"2";"0";"8";"0";"0";"1"
"Vegan";"Free of animal products.";"2750";"Breakfast";"07:00:00";"Walnuts, English";".5000";"oz (1 oz)";"93";"2";"9";"2";"0";"0";"1";"14";"0";"1"
"Vegan";"Free of animal products.";"2750";"Breakfast";"07:00:00";"Blueberries, raw";".5000";"cup (5.1 oz)";"41";"1";"0";"11";"7";"0";"2";"4";"1";"0"
"Vegan";"Free of animal products.";"2750";"Breakfast";"07:00:00";"dotFIT VeganMV";"1.0000";"1 tablet";"0";"0";"0";"0";"0";"0";"0";"0";"0";"0"
"Vegan";"Free of animal products.";"2750";"Morning Snack";"10:00:00";"dotFIT Vegan Chocolate-Chocolate Chip dotSTICK";"1.0000";"1 stick";"260";"12";"0";"24";"10";"0";"4";"30";"350";"4"
"Vegan";"Free of animal products.";"2750";"Morning Snack";"10:00:00";"Apples, raw, with Skin";"1.0000";"large, 3-1/4" dia, approx 2 per lb (7.5 oz)";"110";"1";"0";"29";"22";"0";"5";"13";"2";"0"
"Vegan";"Free of animal products.";"2750";"Morning Snack";"10:00:00";"Peanut Butter, Smooth Style, Salted";"1.0000";"tablespoon (0.6 oz)";"94";"4";"8";"3";"1";"0";"1";"7";"73";"2"
"Vegan";"Free of animal products.";"2750";"Lunch";"13:00:00";"Kale, raw";"2.0000";"cup, chopped (2.4 oz)";"67";"4";"1";"13";"";"0";"3";"181";"58";"0"
"Vegan";"Free of animal products.";"2750";"Lunch";"13:00:00";"Spinach, raw";"2.0000";"cup (1.1 oz)";"14";"2";"0";"2";"0";"0";"1";"59";"47";"0"
"Vegan";"Free of animal products.";"2750";"Lunch";"13:00:00";"Quinoa, cooked";"1.0000";"serving, 1/2 cup (3.7 oz)";"126";"5";"2";"22";"";"0";"3";"18";"7";""
"Vegan";"Free of animal products.";"2750";"Lunch";"13:00:00";"Edamame (Green Soybeans), boiled";".5000";"cup (6.3 oz)";"127";"11";"6";"10";"";"0";"4";"131";"13";"1"
"Vegan";"Free of animal products.";"2750";"Lunch";"13:00:00";"Kidney Beans, Dark Red";"1.0000";"half cup (4.5 oz)";"130";"8";"1";"22";"1";"0";"8";"";"310";"0"
"Vegan";"Free of animal products.";"2750";"Lunch";"13:00:00";"Natural, Balsamic Vinaigrette";"1.0000";"serving, 2 tablespoons (1.1 oz)";"100";"0";"10";"2";"2";"";"";"";"55";"1"
"Vegan";"Free of animal products.";"2750";"Lunch";"13:00:00";"Tangerines (Mandarin Oranges), raw";"1.0000";"medium, 2-3/8" dia (3 oz)";"45";"1";"0";"11";"9";"0";"2";"31";"2";"0"
"Vegan";"Free of animal products.";"2750";"Afternoon Snack";"17:00:00";"dotFIT Best Plant Protein - Vanilla";"1.5000";"1 scoop (34g)";"195";"32";"4";"12";"2";"0";"2";"75";"420";"0"
"Vegan";"Free of animal products.";"2750";"Afternoon Snack";"17:00:00";"Bananas, raw";"1.0000";"medium [6.5 oz with skin, 7" long] (4.2 oz)";"105";"1";"0";"27";"14";"0";"3";"6";"1";"0"
"Vegan";"Free of animal products.";"2750";"Afternoon Snack";"17:00:00";"Almonds, raw";"1.0000";"serving, 23 whole kernels (1 oz)";"164";"6";"14";"6";"1";"0";"3";"70";"0";"1"
"Vegan";"Free of animal products.";"2750";"Dinner";"19:00:00";"Black, boiled";"1.0000";"cup (6.1 oz)";"227";"15";"1";"41";"";"0";"15";"46";"2";"0"
"Vegan";"Free of animal products.";"2750";"Dinner";"19:00:00";"Onions, raw";".3000";"cup, sliced (4.1 oz)";"14";"0";"0";"3";"1";"0";"0";"8";"1";"0"
"Vegan";"Free of animal products.";"2750";"Dinner";"19:00:00";"Peppers, Sweet, Red, raw";".3300";"cup, slices (3.2 oz)";"8";"0";"0";"2";"1";"0";"1";"2";"1";"0"
"Vegan";"Free of animal products.";"2750";"Dinner";"19:00:00";"Flaxseed";".5000";"tablespoon (0.5 oz)";"60";"0";"7";"0";"0";"0";"0";"0";"0";"1"
"Vegan";"Free of animal products.";"2750";"Dinner";"19:00:00";"Yeast, Nutritional ";"1.0000";"serving, 1/4 cup (0.4 oz)";"45";"6";"1";"5";"0";"0";"3";"0";"0";"0"
"Vegan";"Free of animal products.";"2750";"Dinner";"19:00:00";"Brown, Medium Grain, cooked";".5000";"cup (6.9 oz)";"109";"2";"1";"23";"";"0";"2";"10";"1";"0"
"Vegan";"Free of animal products.";"2750";"Dinner";"19:00:00";"Tempeh, cooked";"1.0000";"quantity (3.5 oz)";"196";"18";"11";"9";"0";"0";"4";"96";"14";"3"
"Vegan";"Free of animal products.";"3000";"Breakfast";"07:00:00";"Soymilk, Original";"1.5000";"cup (8.1 fl.oz)";"120";"12";"4";"11";"11";"0";"0";"";"143";"0"
"Vegan";"Free of animal products.";"3000";"Breakfast";"07:00:00";"Oats, Premium Steel Cut, dry";".5000";"cup (5.6 oz)";"300";"10";"5";"54";"2";"0";"8";"0";"0";"1"
"Vegan";"Free of animal products.";"3000";"Breakfast";"07:00:00";"Walnuts, English";".5000";"oz (1 oz)";"93";"2";"9";"2";"0";"0";"1";"14";"0";"1"
"Vegan";"Free of animal products.";"3000";"Breakfast";"07:00:00";"Blueberries, raw";".5000";"cup (5.1 oz)";"41";"1";"0";"11";"7";"0";"2";"4";"1";"0"
"Vegan";"Free of animal products.";"3000";"Breakfast";"07:00:00";"dotFIT VeganMV";"1.0000";"1 tablet";"0";"0";"0";"0";"0";"0";"0";"0";"0";"0"
"Vegan";"Free of animal products.";"3000";"Breakfast";"07:00:00";"Strawberries, raw";".5000";"cup, sliced (5.9 oz)";"27";"1";"0";"6";"4";"0";"2";"13";"1";"0"
"Vegan";"Free of animal products.";"3000";"Morning Snack";"10:00:00";"Peanut Butter, Smooth Style, Salted";"2.0000";"tablespoon (0.6 oz)";"188";"8";"16";"6";"3";"0";"2";"14";"147";"3"
"Vegan";"Free of animal products.";"3000";"Morning Snack";"10:00:00";"Apples, raw, with Skin";"1.0000";"large, 3-1/4" dia, approx 2 per lb (7.5 oz)";"110";"1";"0";"29";"22";"0";"5";"13";"2";"0"
"Vegan";"Free of animal products.";"3000";"Morning Snack";"10:00:00";"dotFIT Vegan Chocolate-Chocolate Chip dotSTICK";"1.0000";"1 stick";"260";"12";"0";"24";"10";"0";"4";"30";"350";"4"
"Vegan";"Free of animal products.";"3000";"Lunch";"13:00:00";"Kale, raw";"2.0000";"cup, chopped (2.4 oz)";"67";"4";"1";"13";"";"0";"3";"181";"58";"0"
"Vegan";"Free of animal products.";"3000";"Lunch";"13:00:00";"Spinach, raw";"2.0000";"cup (1.1 oz)";"14";"2";"0";"2";"0";"0";"1";"59";"47";"0"
"Vegan";"Free of animal products.";"3000";"Lunch";"13:00:00";"Quinoa, cooked";".7000";"cup (6.5 oz)";"155";"6";"2";"28";"";"0";"4";"22";"9";""
"Vegan";"Free of animal products.";"3000";"Lunch";"13:00:00";"Edamame (Green Soybeans), boiled";".5000";"cup (6.3 oz)";"127";"11";"6";"10";"";"0";"4";"131";"13";"1"
"Vegan";"Free of animal products.";"3000";"Lunch";"13:00:00";"Kidney Beans, Dark Red";"1.0000";"half cup (4.5 oz)";"130";"8";"1";"22";"1";"0";"8";"";"310";"0"
"Vegan";"Free of animal products.";"3000";"Lunch";"13:00:00";"Natural, Balsamic Vinaigrette";"1.0000";"serving, 2 tablespoons (1.1 oz)";"100";"0";"10";"2";"2";"";"";"";"55";"1"
"Vegan";"Free of animal products.";"3000";"Lunch";"13:00:00";"Tangerines (Mandarin Oranges), raw";"1.0000";"medium, 2-3/8" dia (3 oz)";"45";"1";"0";"11";"9";"0";"2";"31";"2";"0"
"Vegan";"Free of animal products.";"3000";"Afternoon Snack";"17:00:00";"Bananas, raw";"1.0000";"large [7.5 oz with skin, 8" long] (4.8 oz)";"121";"1";"0";"31";"17";"0";"4";"7";"1";"0"
"Vegan";"Free of animal products.";"3000";"Afternoon Snack";"17:00:00";"dotFIT Best Plant Protein - Vanilla";"1.5000";"1 scoop (34g)";"195";"32";"4";"12";"2";"0";"2";"75";"420";"0"
"Vegan";"Free of animal products.";"3000";"Afternoon Snack";"17:00:00";"Almonds, raw";"1.0000";"serving, 23 whole kernels (1 oz)";"164";"6";"14";"6";"1";"0";"3";"70";"0";"1"
"Vegan";"Free of animal products.";"3000";"Dinner";"19:00:00";"Black, boiled";"1.0000";"cup (6.1 oz)";"227";"15";"1";"41";"";"0";"15";"46";"2";"0"
"Vegan";"Free of animal products.";"3000";"Dinner";"19:00:00";"Onions, raw";".3000";"cup, sliced (4.1 oz)";"14";"0";"0";"3";"1";"0";"0";"8";"1";"0"
"Vegan";"Free of animal products.";"3000";"Dinner";"19:00:00";"Peppers, Sweet, Red, raw";".3300";"cup, slices (3.2 oz)";"8";"0";"0";"2";"1";"0";"1";"2";"1";"0"
"Vegan";"Free of animal products.";"3000";"Dinner";"19:00:00";"Flaxseed";"1.0000";"tablespoon (0.5 oz)";"120";"0";"14";"0";"0";"0";"0";"0";"0";"1"
"Vegan";"Free of animal products.";"3000";"Dinner";"19:00:00";"Yeast, Nutritional ";"1.0000";"serving, 1/4 cup (0.4 oz)";"45";"6";"1";"5";"0";"0";"3";"0";"0";"0"
"Vegan";"Free of animal products.";"3000";"Dinner";"19:00:00";"Brown, Medium Grain, cooked";".5000";"cup (6.9 oz)";"109";"2";"1";"23";"";"0";"2";"10";"1";"0"
"Vegan";"Free of animal products.";"3000";"Dinner";"19:00:00";"Tempeh, cooked";"4.0000";"oz";"222";"21";"13";"11";"0";"0";"5";"109";"16";"4"
"Vegan";"Free of animal products.";"3250";"Breakfast";"07:00:00";"Soymilk, Original";"1.5000";"cup (8.1 fl.oz)";"120";"12";"4";"11";"11";"0";"0";"";"143";"0"
"Vegan";"Free of animal products.";"3250";"Breakfast";"07:00:00";"Oats, Premium Steel Cut, dry";".5000";"cup (5.6 oz)";"300";"10";"5";"54";"2";"0";"8";"0";"0";"1"
"Vegan";"Free of animal products.";"3250";"Breakfast";"07:00:00";"Walnuts, English";".5000";"oz (1 oz)";"93";"2";"9";"2";"0";"0";"1";"14";"0";"1"
"Vegan";"Free of animal products.";"3250";"Breakfast";"07:00:00";"Blueberries, raw";".5000";"cup (5.1 oz)";"41";"1";"0";"11";"7";"0";"2";"4";"1";"0"
"Vegan";"Free of animal products.";"3250";"Breakfast";"07:00:00";"dotFIT VeganMV";"1.0000";"1 tablet";"0";"0";"0";"0";"0";"0";"0";"0";"0";"0"
"Vegan";"Free of animal products.";"3250";"Breakfast";"07:00:00";"Strawberries, raw";".5000";"cup, sliced (5.9 oz)";"27";"1";"0";"6";"4";"0";"2";"13";"1";"0"
"Vegan";"Free of animal products.";"3250";"Morning Snack";"10:00:00";"Apples, raw, with Skin";"1.0000";"large, 3-1/4" dia, approx 2 per lb (7.5 oz)";"110";"1";"0";"29";"22";"0";"5";"13";"2";"0"
"Vegan";"Free of animal products.";"3250";"Morning Snack";"10:00:00";"dotFIT Vegan Chocolate-Chocolate Chip dotSTICK";"1.0000";"1 stick";"260";"12";"0";"24";"10";"0";"4";"30";"350";"4"
"Vegan";"Free of animal products.";"3250";"Morning Snack";"10:00:00";"Peanut Butter, Smooth Style, Salted";"2.0000";"tablespoon (0.6 oz)";"188";"8";"16";"6";"3";"0";"2";"14";"147";"3"
"Vegan";"Free of animal products.";"3250";"Lunch";"13:00:00";"Kale, raw";"2.0000";"cup, chopped (2.4 oz)";"67";"4";"1";"13";"";"0";"3";"181";"58";"0"
"Vegan";"Free of animal products.";"3250";"Lunch";"13:00:00";"Spinach, raw";"2.0000";"cup (1.1 oz)";"14";"2";"0";"2";"0";"0";"1";"59";"47";"0"
"Vegan";"Free of animal products.";"3250";"Lunch";"13:00:00";"Quinoa, cooked";".5000";"cup (6.5 oz)";"111";"4";"2";"20";"";"0";"3";"16";"6";""
"Vegan";"Free of animal products.";"3250";"Lunch";"13:00:00";"Edamame (Green Soybeans), boiled";".5000";"cup (6.3 oz)";"127";"11";"6";"10";"";"0";"4";"131";"13";"1"
"Vegan";"Free of animal products.";"3250";"Lunch";"13:00:00";"Kidney Beans, Dark Red";"1.0000";"half cup (4.5 oz)";"130";"8";"1";"22";"1";"0";"8";"";"310";"0"
"Vegan";"Free of animal products.";"3250";"Lunch";"13:00:00";"Natural, Balsamic Vinaigrette";"1.0000";"serving, 2 tablespoons (1.1 oz)";"100";"0";"10";"2";"2";"";"";"";"55";"1"
"Vegan";"Free of animal products.";"3250";"Lunch";"13:00:00";"Tangerines (Mandarin Oranges), raw";"1.0000";"medium, 2-3/8" dia (3 oz)";"45";"1";"0";"11";"9";"0";"2";"31";"2";"0"
"Vegan";"Free of animal products.";"3250";"Afternoon Snack";"17:00:00";"dotFIT Best Plant Protein - Vanilla";"1.5000";"1 scoop (34g)";"195";"32";"4";"12";"2";"0";"2";"75";"420";"0"
"Vegan";"Free of animal products.";"3250";"Afternoon Snack";"17:00:00";"Almonds, raw";"1.0000";"serving, 23 whole kernels (1 oz)";"164";"6";"14";"6";"1";"0";"3";"70";"0";"1"
"Vegan";"Free of animal products.";"3250";"Afternoon Snack";"17:00:00";"Bananas, raw";"1.0000";"large [7.5 oz with skin, 8" long] (4.8 oz)";"121";"1";"0";"31";"17";"0";"4";"7";"1";"0"
"Vegan";"Free of animal products.";"3250";"Dinner";"19:00:00";"Tempeh, cooked";"3.5000";"oz";"194";"18";"11";"9";"0";"0";"4";"95";"14";"3"
"Vegan";"Free of animal products.";"3250";"Dinner";"19:00:00";"Black, boiled";"1.0000";"cup (6.1 oz)";"227";"15";"1";"41";"";"0";"15";"46";"2";"0"
"Vegan";"Free of animal products.";"3250";"Dinner";"19:00:00";"Onions, raw";".5000";"cup, sliced (4.1 oz)";"24";"1";"0";"6";"2";"0";"1";"13";"2";"0"
"Vegan";"Free of animal products.";"3250";"Dinner";"19:00:00";"Peppers, Sweet, Red, raw";".5000";"cup, slices (3.2 oz)";"12";"0";"0";"3";"2";"0";"1";"3";"1";"0"
"Vegan";"Free of animal products.";"3250";"Dinner";"19:00:00";"Flaxseed";"1.0000";"tablespoon (0.5 oz)";"120";"0";"14";"0";"0";"0";"0";"0";"0";"1"
"Vegan";"Free of animal products.";"3250";"Dinner";"19:00:00";"Yeast, Nutritional ";"1.0000";"serving, 1/4 cup (0.4 oz)";"45";"6";"1";"5";"0";"0";"3";"0";"0";"0"
"Vegan";"Free of animal products.";"3250";"Dinner";"19:00:00";"Brown, Medium Grain, cooked";"1.0000";"cup (6.9 oz)";"218";"5";"2";"46";"";"0";"4";"20";"2";"0"
"Vegan";"Free of animal products.";"3250";"Evening Snack";"21:00:00";"dotFIT Best Plant Protein - Chocolate";"1.0000";"1 scoop (34g)";"130";"21";"3";"7";"1";"0";"1";"65";"270";"0"
"Vegan";"Free of animal products.";"3250";"Evening Snack";"21:00:00";"Chia Seed";"1.0000";"tablespoon (0.4 oz)";"60";"3";"3";"5";"0";"0";"5";"80";"0";"0"
"Vegan";"Free of animal products.";"3250";"Evening Snack";"21:00:00";"Spinach, raw";"1.0000";"cup (1.1 oz)";"7";"1";"0";"1";"0";"0";"1";"30";"24";"0"
"Vegan";"Free of animal products.";"3500";"Breakfast";"07:00:00";"Soymilk, Original";"1.5000";"cup (8.1 fl.oz)";"120";"12";"4";"11";"11";"0";"0";"";"143";"0"
"Vegan";"Free of animal products.";"3500";"Breakfast";"07:00:00";"Oats, Premium Steel Cut, dry";".5000";"cup (5.6 oz)";"300";"10";"5";"54";"2";"0";"8";"0";"0";"1"
"Vegan";"Free of animal products.";"3500";"Breakfast";"07:00:00";"Walnuts, English";".5000";"oz (1 oz)";"93";"2";"9";"2";"0";"0";"1";"14";"0";"1"
"Vegan";"Free of animal products.";"3500";"Breakfast";"07:00:00";"Blueberries, raw";".5000";"cup (5.1 oz)";"41";"1";"0";"11";"7";"0";"2";"4";"1";"0"
"Vegan";"Free of animal products.";"3500";"Breakfast";"07:00:00";"dotFIT VeganMV";"1.0000";"1 tablet";"0";"0";"0";"0";"0";"0";"0";"0";"0";"0"
"Vegan";"Free of animal products.";"3500";"Breakfast";"07:00:00";"Strawberries, raw";".5000";"cup, sliced (5.9 oz)";"27";"1";"0";"6";"4";"0";"2";"13";"1";"0"
"Vegan";"Free of animal products.";"3500";"Morning Snack";"10:00:00";"dotFIT Vegan Chocolate-Chocolate Chip dotSTICK";"1.0000";"1 stick";"260";"12";"0";"24";"10";"0";"4";"30";"350";"4"
"Vegan";"Free of animal products.";"3500";"Morning Snack";"10:00:00";"Peanut Butter, Smooth Style, Salted";"2.0000";"tablespoon (0.6 oz)";"188";"8";"16";"6";"3";"0";"2";"14";"147";"3"
"Vegan";"Free of animal products.";"3500";"Morning Snack";"10:00:00";"Apples, raw, with Skin";"1.0000";"large, 3-1/4" dia, approx 2 per lb (7.5 oz)";"110";"1";"0";"29";"22";"0";"5";"13";"2";"0"
"Vegan";"Free of animal products.";"3500";"Lunch";"13:00:00";"Kale, raw";"2.0000";"cup, chopped (2.4 oz)";"67";"4";"1";"13";"";"0";"3";"181";"58";"0"
"Vegan";"Free of animal products.";"3500";"Lunch";"13:00:00";"Spinach, raw";"2.0000";"cup (1.1 oz)";"14";"2";"0";"2";"0";"0";"1";"59";"47";"0"
"Vegan";"Free of animal products.";"3500";"Lunch";"13:00:00";"Quinoa, cooked";".5000";"cup (6.5 oz)";"111";"4";"2";"20";"";"0";"3";"16";"6";""
"Vegan";"Free of animal products.";"3500";"Lunch";"13:00:00";"Edamame (Green Soybeans), boiled";".5000";"cup (6.3 oz)";"127";"11";"6";"10";"";"0";"4";"131";"13";"1"
"Vegan";"Free of animal products.";"3500";"Lunch";"13:00:00";"Kidney Beans, Dark Red";"1.0000";"half cup (4.5 oz)";"130";"8";"1";"22";"1";"0";"8";"";"310";"0"
"Vegan";"Free of animal products.";"3500";"Lunch";"13:00:00";"Natural, Balsamic Vinaigrette";"2.0000";"serving, 2 tablespoons (1.1 oz)";"200";"0";"20";"4";"4";"";"";"";"110";"2"
"Vegan";"Free of animal products.";"3500";"Lunch";"13:00:00";"Tangerines (Mandarin Oranges), raw";"1.0000";"medium, 2-3/8" dia (3 oz)";"45";"1";"0";"11";"9";"0";"2";"31";"2";"0"
"Vegan";"Free of animal products.";"3500";"Afternoon Snack";"17:00:00";"Almonds, raw";"1.0000";"serving, 23 whole kernels (1 oz)";"164";"6";"14";"6";"1";"0";"3";"70";"0";"1"
"Vegan";"Free of animal products.";"3500";"Afternoon Snack";"17:00:00";"Bananas, raw";"1.0000";"large [7.5 oz with skin, 8" long] (4.8 oz)";"121";"1";"0";"31";"17";"0";"4";"7";"1";"0"
"Vegan";"Free of animal products.";"3500";"Afternoon Snack";"17:00:00";"dotFIT Best Plant Protein - Vanilla";"1.5000";"1 scoop (34g)";"195";"32";"4";"12";"2";"0";"2";"75";"420";"0"
"Vegan";"Free of animal products.";"3500";"Dinner";"19:00:00";"Black, boiled";"1.0000";"cup (6.1 oz)";"227";"15";"1";"41";"";"0";"15";"46";"2";"0"
"Vegan";"Free of animal products.";"3500";"Dinner";"19:00:00";"Onions, raw";".5000";"cup, sliced (4.1 oz)";"24";"1";"0";"6";"2";"0";"1";"13";"2";"0"
"Vegan";"Free of animal products.";"3500";"Dinner";"19:00:00";"Peppers, Sweet, Red, raw";".5000";"cup, slices (3.2 oz)";"12";"0";"0";"3";"2";"0";"1";"3";"1";"0"
"Vegan";"Free of animal products.";"3500";"Dinner";"19:00:00";"Flaxseed";"1.0000";"tablespoon (0.5 oz)";"120";"0";"14";"0";"0";"0";"0";"0";"0";"1"
"Vegan";"Free of animal products.";"3500";"Dinner";"19:00:00";"Yeast, Nutritional ";"1.0000";"serving, 1/4 cup (0.4 oz)";"45";"6";"1";"5";"0";"0";"3";"0";"0";"0"
"Vegan";"Free of animal products.";"3500";"Dinner";"19:00:00";"Tempeh, cooked";"1.0000";"quantity (3.5 oz)";"196";"18";"11";"9";"0";"0";"4";"96";"14";"3"
"Vegan";"Free of animal products.";"3500";"Dinner";"19:00:00";"Brown, Medium Grain, cooked";"1.0000";"cup (6.9 oz)";"218";"5";"2";"46";"";"0";"4";"20";"2";"0"
"Vegan";"Free of animal products.";"3500";"Evening Snack";"21:00:00";"Chia Seed";"1.0000";"tablespoon (0.4 oz)";"60";"3";"3";"5";"0";"0";"5";"80";"0";"0"
"Vegan";"Free of animal products.";"3500";"Evening Snack";"21:00:00";"Spinach, raw";"1.0000";"cup (1.1 oz)";"7";"1";"0";"1";"0";"0";"1";"30";"24";"0"
"Vegan";"Free of animal products.";"3500";"Evening Snack";"21:00:00";"dotFIT Best Plant Protein - Chocolate";"1.5000";"1 scoop (34g)";"195";"32";"5";"11";"2";"0";"2";"98";"405";"0"
"Vegan";"Free of animal products.";"3500";"Evening Snack";"21:00:00";"Almond Milk";"1.5000";"cup (8.1 fl.oz)";"90";"2";"4";"12";"11";"0";"2";"300";"225";"0"
"Vegan";"Free of animal products.";"3750";"Breakfast";"07:00:00";"Soymilk, Original";"1.5000";"cup (8.1 fl.oz)";"120";"12";"4";"11";"11";"0";"0";"";"143";"0"
"Vegan";"Free of animal products.";"3750";"Breakfast";"07:00:00";"Oats, Premium Steel Cut, dry";".6700";"cup (5.6 oz)";"402";"13";"7";"72";"3";"0";"11";"0";"0";"1"
"Vegan";"Free of animal products.";"3750";"Breakfast";"07:00:00";"Walnuts, English";"1.0000";"serving, 7 nuts (1 oz)";"183";"4";"18";"4";"1";"0";"2";"27";"1";"2"
"Vegan";"Free of animal products.";"3750";"Breakfast";"07:00:00";"Blueberries, raw";".5000";"cup (5.1 oz)";"41";"1";"0";"11";"7";"0";"2";"4";"1";"0"
"Vegan";"Free of animal products.";"3750";"Breakfast";"07:00:00";"dotFIT VeganMV";"1.0000";"1 tablet";"0";"0";"0";"0";"0";"0";"0";"0";"0";"0"
"Vegan";"Free of animal products.";"3750";"Breakfast";"07:00:00";"Strawberries, raw";".5000";"cup, sliced (5.9 oz)";"27";"1";"0";"6";"4";"0";"2";"13";"1";"0"
"Vegan";"Free of animal products.";"3750";"Morning Snack";"10:00:00";"Apples, raw, with Skin";"1.0000";"large, 3-1/4" dia, approx 2 per lb (7.5 oz)";"110";"1";"0";"29";"22";"0";"5";"13";"2";"0"
"Vegan";"Free of animal products.";"3750";"Morning Snack";"10:00:00";"Peanut Butter, Smooth Style, Salted";"2.0000";"tablespoon (0.6 oz)";"188";"8";"16";"6";"3";"0";"2";"14";"147";"3"
"Vegan";"Free of animal products.";"3750";"Morning Snack";"10:00:00";"dotFIT Vegan Chocolate-Chocolate Chip dotSTICK";"1.0000";"1 stick";"260";"12";"0";"24";"10";"0";"4";"30";"350";"4"
"Vegan";"Free of animal products.";"3750";"Lunch";"13:00:00";"Kale, raw";"2.0000";"cup, chopped (2.4 oz)";"67";"4";"1";"13";"";"0";"3";"181";"58";"0"
"Vegan";"Free of animal products.";"3750";"Lunch";"13:00:00";"Spinach, raw";"2.0000";"cup (1.1 oz)";"14";"2";"0";"2";"0";"0";"1";"59";"47";"0"
"Vegan";"Free of animal products.";"3750";"Lunch";"13:00:00";"Quinoa, cooked";".5000";"cup (6.5 oz)";"111";"4";"2";"20";"";"0";"3";"16";"6";""
"Vegan";"Free of animal products.";"3750";"Lunch";"13:00:00";"Edamame (Green Soybeans), boiled";".5000";"cup (6.3 oz)";"127";"11";"6";"10";"";"0";"4";"131";"13";"1"
"Vegan";"Free of animal products.";"3750";"Lunch";"13:00:00";"Kidney Beans, Dark Red";"1.0000";"half cup (4.5 oz)";"130";"8";"1";"22";"1";"0";"8";"";"310";"0"
"Vegan";"Free of animal products.";"3750";"Lunch";"13:00:00";"Natural, Balsamic Vinaigrette";"2.0000";"serving, 2 tablespoons (1.1 oz)";"200";"0";"20";"4";"4";"";"";"";"110";"2"
"Vegan";"Free of animal products.";"3750";"Lunch";"13:00:00";"Tangerines (Mandarin Oranges), raw";"1.0000";"large, 2-1/2" dia (3.5 oz)";"52";"1";"0";"13";"10";"0";"2";"36";"2";"0"
"Vegan";"Free of animal products.";"3750";"Afternoon Snack";"17:00:00";"dotFIT Best Plant Protein - Vanilla";"1.5000";"1 scoop (34g)";"195";"32";"4";"12";"2";"0";"2";"75";"420";"0"
"Vegan";"Free of animal products.";"3750";"Afternoon Snack";"17:00:00";"Almonds, raw";"1.0000";"serving, 23 whole kernels (1 oz)";"164";"6";"14";"6";"1";"0";"3";"70";"0";"1"
"Vegan";"Free of animal products.";"3750";"Afternoon Snack";"17:00:00";"Bananas, raw";"1.0000";"large [7.5 oz with skin, 8" long] (4.8 oz)";"121";"1";"0";"31";"17";"0";"4";"7";"1";"0"
"Vegan";"Free of animal products.";"3750";"Dinner";"19:00:00";"Black, boiled";"1.0000";"cup (6.1 oz)";"227";"15";"1";"41";"";"0";"15";"46";"2";"0"
"Vegan";"Free of animal products.";"3750";"Dinner";"19:00:00";"Tempeh, cooked";"4.0000";"oz";"222";"21";"13";"11";"0";"0";"5";"109";"16";"4"
"Vegan";"Free of animal products.";"3750";"Dinner";"19:00:00";"Onions, raw";".5000";"cup, sliced (4.1 oz)";"24";"1";"0";"6";"2";"0";"1";"13";"2";"0"
"Vegan";"Free of animal products.";"3750";"Dinner";"19:00:00";"Peppers, Sweet, Red, raw";".5000";"cup, slices (3.2 oz)";"12";"0";"0";"3";"2";"0";"1";"3";"1";"0"
"Vegan";"Free of animal products.";"3750";"Dinner";"19:00:00";"Flaxseed";"1.0000";"tablespoon (0.5 oz)";"120";"0";"14";"0";"0";"0";"0";"0";"0";"1"
"Vegan";"Free of animal products.";"3750";"Dinner";"19:00:00";"Yeast, Nutritional ";"1.0000";"serving, 1/4 cup (0.4 oz)";"45";"6";"1";"5";"0";"0";"3";"0";"0";"0"
"Vegan";"Free of animal products.";"3750";"Dinner";"19:00:00";"Brown, Medium Grain, cooked";"1.0000";"cup (6.9 oz)";"218";"5";"2";"46";"";"0";"4";"20";"2";"0"
"Vegan";"Free of animal products.";"3750";"Dinner";"19:00:00";"Broccoli, raw";".5000";"cup, chopped (3.2 oz)";"15";"1";"0";"3";"1";"0";"1";"21";"15";"0"
"Vegan";"Free of animal products.";"3750";"Evening Snack";"21:00:00";"Chia Seed";"1.0000";"tablespoon (0.4 oz)";"60";"3";"3";"5";"0";"0";"5";"80";"0";"0"
"Vegan";"Free of animal products.";"3750";"Evening Snack";"21:00:00";"Spinach, raw";"1.0000";"cup (1.1 oz)";"7";"1";"0";"1";"0";"0";"1";"30";"24";"0"
"Vegan";"Free of animal products.";"3750";"Evening Snack";"21:00:00";"dotFIT Best Plant Protein - Chocolate";"1.5000";"1 scoop (34g)";"195";"32";"5";"11";"2";"0";"2";"98";"405";"0"
"Vegan";"Free of animal products.";"3750";"Evening Snack";"21:00:00";"Almond Milk";"1.5000";"cup (8.1 fl.oz)";"90";"2";"4";"12";"11";"0";"2";"300";"225";"0"
"Vegan";"Free of animal products.";"4000";"Breakfast";"07:00:00";"Soymilk, Original";"1.5000";"cup (8.1 fl.oz)";"120";"12";"4";"11";"11";"0";"0";"";"143";"0"
"Vegan";"Free of animal products.";"4000";"Breakfast";"07:00:00";"Oats, Premium Steel Cut, dry";".6700";"cup (5.6 oz)";"402";"13";"7";"72";"3";"0";"11";"0";"0";"1"
"Vegan";"Free of animal products.";"4000";"Breakfast";"07:00:00";"Walnuts, English";"1.0000";"serving, 7 nuts (1 oz)";"183";"4";"18";"4";"1";"0";"2";"27";"1";"2"
"Vegan";"Free of animal products.";"4000";"Breakfast";"07:00:00";"Blueberries, raw";".5000";"cup (5.1 oz)";"41";"1";"0";"11";"7";"0";"2";"4";"1";"0"
"Vegan";"Free of animal products.";"4000";"Breakfast";"07:00:00";"dotFIT VeganMV";"1.0000";"1 tablet";"0";"0";"0";"0";"0";"0";"0";"0";"0";"0"
"Vegan";"Free of animal products.";"4000";"Breakfast";"07:00:00";"Strawberries, raw";".5000";"cup, sliced (5.9 oz)";"27";"1";"0";"6";"4";"0";"2";"13";"1";"0"
"Vegan";"Free of animal products.";"4000";"Morning Snack";"10:00:00";"Apples, raw, with Skin";"1.0000";"large, 3-1/4" dia, approx 2 per lb (7.5 oz)";"110";"1";"0";"29";"22";"0";"5";"13";"2";"0"
"Vegan";"Free of animal products.";"4000";"Morning Snack";"10:00:00";"dotFIT Vegan Chocolate-Chocolate Chip dotSTICK";"1.0000";"1 stick";"260";"12";"0";"24";"10";"0";"4";"30";"350";"4"
"Vegan";"Free of animal products.";"4000";"Morning Snack";"10:00:00";"Peanut Butter, Smooth Style, Salted";"2.0000";"tablespoon (0.6 oz)";"188";"8";"16";"6";"3";"0";"2";"14";"147";"3"
"Vegan";"Free of animal products.";"4000";"Lunch";"13:00:00";"Kale, raw";"2.0000";"cup, chopped (2.4 oz)";"67";"4";"1";"13";"";"0";"3";"181";"58";"0"
"Vegan";"Free of animal products.";"4000";"Lunch";"13:00:00";"Spinach, raw";"2.0000";"cup (1.1 oz)";"14";"2";"0";"2";"0";"0";"1";"59";"47";"0"
"Vegan";"Free of animal products.";"4000";"Lunch";"13:00:00";"Quinoa, cooked";".5000";"cup (6.5 oz)";"111";"4";"2";"20";"";"0";"3";"16";"6";""
"Vegan";"Free of animal products.";"4000";"Lunch";"13:00:00";"Edamame (Green Soybeans), boiled";".5000";"cup (6.3 oz)";"127";"11";"6";"10";"";"0";"4";"131";"13";"1"
"Vegan";"Free of animal products.";"4000";"Lunch";"13:00:00";"Kidney Beans, Dark Red";"1.0000";"half cup (4.5 oz)";"130";"8";"1";"22";"1";"0";"8";"";"310";"0"
"Vegan";"Free of animal products.";"4000";"Lunch";"13:00:00";"Natural, Balsamic Vinaigrette";"2.0000";"serving, 2 tablespoons (1.1 oz)";"200";"0";"20";"4";"4";"";"";"";"110";"2"
"Vegan";"Free of animal products.";"4000";"Lunch";"13:00:00";"Tangerines (Mandarin Oranges), raw";"1.0000";"large, 2-1/2" dia (3.5 oz)";"52";"1";"0";"13";"10";"0";"2";"36";"2";"0"
"Vegan";"Free of animal products.";"4000";"Afternoon Snack";"17:00:00";"dotFIT Best Plant Protein - Vanilla";"1.5000";"1 scoop (34g)";"195";"32";"4";"12";"2";"0";"2";"75";"420";"0"
"Vegan";"Free of animal products.";"4000";"Afternoon Snack";"17:00:00";"Almonds, raw";"1.0000";"serving, 23 whole kernels (1 oz)";"164";"6";"14";"6";"1";"0";"3";"70";"0";"1"
"Vegan";"Free of animal products.";"4000";"Afternoon Snack";"17:00:00";"Bananas, raw";"1.0000";"large [7.5 oz with skin, 8" long] (4.8 oz)";"121";"1";"0";"31";"17";"0";"4";"7";"1";"0"
"Vegan";"Free of animal products.";"4000";"Afternoon Snack";"17:00:00";"Soymilk, Original";"1.5000";"cup (8.1 fl.oz)";"120";"12";"4";"11";"11";"0";"0";"";"143";"0"
"Vegan";"Free of animal products.";"4000";"Dinner";"19:00:00";"Broccoli, raw";".5000";"cup, chopped (3.2 oz)";"15";"1";"0";"3";"1";"0";"1";"21";"15";"0"
"Vegan";"Free of animal products.";"4000";"Dinner";"19:00:00";"Black, boiled";"1.0000";"cup (6.1 oz)";"227";"15";"1";"41";"";"0";"15";"46";"2";"0"
"Vegan";"Free of animal products.";"4000";"Dinner";"19:00:00";"Tempeh, cooked";"4.0000";"oz";"222";"21";"13";"11";"0";"0";"5";"109";"16";"4"
"Vegan";"Free of animal products.";"4000";"Dinner";"19:00:00";"Onions, raw";".5000";"cup, sliced (4.1 oz)";"24";"1";"0";"6";"2";"0";"1";"13";"2";"0"
"Vegan";"Free of animal products.";"4000";"Dinner";"19:00:00";"Peppers, Sweet, Red, raw";".5000";"cup, slices (3.2 oz)";"12";"0";"0";"3";"2";"0";"1";"3";"1";"0"
"Vegan";"Free of animal products.";"4000";"Dinner";"19:00:00";"Flaxseed";"1.0000";"tablespoon (0.5 oz)";"120";"0";"14";"0";"0";"0";"0";"0";"0";"1"
"Vegan";"Free of animal products.";"4000";"Dinner";"19:00:00";"Yeast, Nutritional ";"1.0000";"serving, 1/4 cup (0.4 oz)";"45";"6";"1";"5";"0";"0";"3";"0";"0";"0"
"Vegan";"Free of animal products.";"4000";"Dinner";"19:00:00";"Brown, Medium Grain, cooked";"1.0000";"cup (6.9 oz)";"218";"5";"2";"46";"";"0";"4";"20";"2";"0"
"Vegan";"Free of animal products.";"4000";"Evening Snack";"21:00:00";"Spinach, raw";"1.0000";"cup (1.1 oz)";"7";"1";"0";"1";"0";"0";"1";"30";"24";"0"
"Vegan";"Free of animal products.";"4000";"Evening Snack";"21:00:00";"dotFIT Best Plant Protein - Chocolate";"1.5000";"1 scoop (34g)";"195";"32";"5";"11";"2";"0";"2";"98";"405";"0"
"Vegan";"Free of animal products.";"4000";"Evening Snack";"21:00:00";"Almond Milk";"1.5000";"cup (8.1 fl.oz)";"90";"2";"4";"12";"11";"0";"2";"300";"225";"0"
"Vegan";"Free of animal products.";"4000";"Evening Snack";"21:00:00";"Granola, Crunchy Oat Bran with Almond & Raisins";"1.0000";"serving, 1/2 cup (1.8 oz)";"210";"5";"8";"33";"9";"0";"4";"20";"0";"1"
"Vegan";"Free of animal products.";"4250";"Breakfast";"07:00:00";"Oats, Premium Steel Cut, dry";".6700";"cup (5.6 oz)";"402";"13";"7";"72";"3";"0";"11";"0";"0";"1"
"Vegan";"Free of animal products.";"4250";"Breakfast";"07:00:00";"Walnuts, English";"1.0000";"serving, 7 nuts (1 oz)";"183";"4";"18";"4";"1";"0";"2";"27";"1";"2"
"Vegan";"Free of animal products.";"4250";"Breakfast";"07:00:00";"Blueberries, raw";".5000";"cup (5.1 oz)";"41";"1";"0";"11";"7";"0";"2";"4";"1";"0"
"Vegan";"Free of animal products.";"4250";"Breakfast";"07:00:00";"dotFIT VeganMV";"1.0000";"1 tablet";"0";"0";"0";"0";"0";"0";"0";"0";"0";"0"
"Vegan";"Free of animal products.";"4250";"Breakfast";"07:00:00";"Strawberries, raw";".5000";"cup, sliced (5.9 oz)";"27";"1";"0";"6";"4";"0";"2";"13";"1";"0"
"Vegan";"Free of animal products.";"4250";"Breakfast";"07:00:00";"Soymilk, Original";"1.5000";"cup (8.1 fl.oz)";"120";"12";"4";"11";"11";"0";"0";"";"143";"0"
"Vegan";"Free of animal products.";"4250";"Morning Snack";"10:00:00";"Peanut Butter, Smooth Style, Salted";"2.0000";"tablespoon (0.6 oz)";"188";"8";"16";"6";"3";"0";"2";"14";"147";"3"
"Vegan";"Free of animal products.";"4250";"Morning Snack";"10:00:00";"dotFIT Vegan Chocolate-Chocolate Chip dotSTICK";"1.0000";"1 stick";"260";"12";"0";"24";"10";"0";"4";"30";"350";"4"
"Vegan";"Free of animal products.";"4250";"Morning Snack";"10:00:00";"Apples, raw, with Skin";"1.0000";"large, 3-1/4" dia, approx 2 per lb (7.5 oz)";"110";"1";"0";"29";"22";"0";"5";"13";"2";"0"
"Vegan";"Free of animal products.";"4250";"Lunch";"13:00:00";"Kale, raw";"2.0000";"cup, chopped (2.4 oz)";"67";"4";"1";"13";"";"0";"3";"181";"58";"0"
"Vegan";"Free of animal products.";"4250";"Lunch";"13:00:00";"Spinach, raw";"2.0000";"cup (1.1 oz)";"14";"2";"0";"2";"0";"0";"1";"59";"47";"0"
"Vegan";"Free of animal products.";"4250";"Lunch";"13:00:00";"Quinoa, cooked";".5000";"cup (6.5 oz)";"111";"4";"2";"20";"";"0";"3";"16";"6";""
"Vegan";"Free of animal products.";"4250";"Lunch";"13:00:00";"Edamame (Green Soybeans), boiled";".5000";"cup (6.3 oz)";"127";"11";"6";"10";"";"0";"4";"131";"13";"1"
"Vegan";"Free of animal products.";"4250";"Lunch";"13:00:00";"Kidney Beans, Dark Red";"1.0000";"half cup (4.5 oz)";"130";"8";"1";"22";"1";"0";"8";"";"310";"0"
"Vegan";"Free of animal products.";"4250";"Lunch";"13:00:00";"Natural, Balsamic Vinaigrette";"2.0000";"serving, 2 tablespoons (1.1 oz)";"200";"0";"20";"4";"4";"";"";"";"110";"2"
"Vegan";"Free of animal products.";"4250";"Lunch";"13:00:00";"Tangerines (Mandarin Oranges), raw";"1.0000";"medium [4.2 oz as purchased, 2.5" dia] (3.1 oz)";"47";"1";"0";"12";"9";"0";"2";"33";"2";"0"
"Vegan";"Free of animal products.";"4250";"Lunch";"13:00:00";"Avocados, average all varieties, raw";"2.0000";"oz";"91";"1";"8";"5";"0";"0";"4";"7";"4";"1"
"Vegan";"Free of animal products.";"4250";"Afternoon Snack";"17:00:00";"Chia Seed";"1.0000";"tablespoon (0.4 oz)";"60";"3";"3";"5";"0";"0";"5";"80";"0";"0"
"Vegan";"Free of animal products.";"4250";"Afternoon Snack";"17:00:00";"dotFIT Best Plant Protein - Vanilla";"1.5000";"1 scoop (34g)";"195";"32";"4";"12";"2";"0";"2";"75";"420";"0"
"Vegan";"Free of animal products.";"4250";"Afternoon Snack";"17:00:00";"Bananas, raw";"1.0000";"large [7.5 oz with skin, 8" long] (4.8 oz)";"121";"1";"0";"31";"17";"0";"4";"7";"1";"0"
"Vegan";"Free of animal products.";"4250";"Afternoon Snack";"17:00:00";"Soymilk, Original";"1.5000";"cup (8.1 fl.oz)";"120";"12";"4";"11";"11";"0";"0";"";"143";"0"
"Vegan";"Free of animal products.";"4250";"Afternoon Snack";"17:00:00";"Almonds, raw";"1.0000";"serving, 23 whole kernels (1 oz)";"164";"6";"14";"6";"1";"0";"3";"70";"0";"1"
"Vegan";"Free of animal products.";"4250";"Dinner";"19:00:00";"Broccoli, raw";".5000";"cup, chopped (3.2 oz)";"15";"1";"0";"3";"1";"0";"1";"21";"15";"0"
"Vegan";"Free of animal products.";"4250";"Dinner";"19:00:00";"Black, boiled";"1.0000";"cup (6.1 oz)";"227";"15";"1";"41";"";"0";"15";"46";"2";"0"
"Vegan";"Free of animal products.";"4250";"Dinner";"19:00:00";"Tempeh, cooked";"4.0000";"oz";"222";"21";"13";"11";"0";"0";"5";"109";"16";"4"
"Vegan";"Free of animal products.";"4250";"Dinner";"19:00:00";"Onions, raw";".5000";"cup, sliced (4.1 oz)";"24";"1";"0";"6";"2";"0";"1";"13";"2";"0"
"Vegan";"Free of animal products.";"4250";"Dinner";"19:00:00";"Peppers, Sweet, Red, raw";".5000";"cup, slices (3.2 oz)";"12";"0";"0";"3";"2";"0";"1";"3";"1";"0"
"Vegan";"Free of animal products.";"4250";"Dinner";"19:00:00";"Flaxseed";"1.0000";"tablespoon (0.5 oz)";"120";"0";"14";"0";"0";"0";"0";"0";"0";"1"
"Vegan";"Free of animal products.";"4250";"Dinner";"19:00:00";"Yeast, Nutritional ";"1.0000";"serving, 1/4 cup (0.4 oz)";"45";"6";"1";"5";"0";"0";"3";"0";"0";"0"
"Vegan";"Free of animal products.";"4250";"Dinner";"19:00:00";"Brown, Medium Grain, cooked";"1.0000";"cup (6.9 oz)";"218";"5";"2";"46";"";"0";"4";"20";"2";"0"
"Vegan";"Free of animal products.";"4250";"Evening Snack";"21:00:00";"Spinach, raw";"1.0000";"cup (1.1 oz)";"7";"1";"0";"1";"0";"0";"1";"30";"24";"0"
"Vegan";"Free of animal products.";"4250";"Evening Snack";"21:00:00";"dotFIT Best Plant Protein - Chocolate";"1.5000";"1 scoop (34g)";"195";"32";"5";"11";"2";"0";"2";"98";"405";"0"
"Vegan";"Free of animal products.";"4250";"Evening Snack";"21:00:00";"Almond Milk";"2.0000";"cup (8.1 fl.oz)";"120";"2";"5";"16";"14";"0";"2";"400";"300";"0"
"Vegan";"Free of animal products.";"4250";"Evening Snack";"21:00:00";"Granola, Crunchy Oat Bran with Almond & Raisins";"1.0000";"serving, 1/2 cup (1.8 oz)";"210";"5";"8";"33";"9";"0";"4";"20";"0";"1"
"Vegan";"Free of animal products.";"4250";"Evening Snack";"21:00:00";"Raspberries, raw";"1.0000";"cup (4.3 oz)";"64";"1";"1";"15";"5";"0";"8";"31";"1";"0"
"Vegan";"Free of animal products.";"4500";"Early Morning Snack";"00:00:00";"English Muffin, Multi-Grain Fiber Goodness";"1.0000";"muffin (2.2 oz)";"110";"5";"1";"28";"1";"0";"9";"150";"190";"0"
"Vegan";"Free of animal products.";"4500";"Early Morning Snack";"00:00:00";"Almond Butter, Creamy";".5000";"serving, 2 tablespoons (1.2 oz)";"100";"4";"9";"3";"1";"";"2";"40";"0";"1"
"Vegan";"Free of animal products.";"4500";"Early Morning Snack";"00:00:00";"Oranges, average all varieties, raw";"1.0000";"small, 2-3/8" dia (3.4 oz)";"45";"1";"0";"11";"9";"0";"2";"38";"0";"0"
"Vegan";"Free of animal products.";"4500";"Breakfast";"07:00:00";"Soymilk, Original";"1.5000";"cup (8.1 fl.oz)";"120";"12";"4";"11";"11";"0";"0";"";"143";"0"
"Vegan";"Free of animal products.";"4500";"Breakfast";"07:00:00";"Oats, Premium Steel Cut, dry";".6700";"cup (5.6 oz)";"402";"13";"7";"72";"3";"0";"11";"0";"0";"1"
"Vegan";"Free of animal products.";"4500";"Breakfast";"07:00:00";"Walnuts, English";"1.0000";"serving, 7 nuts (1 oz)";"183";"4";"18";"4";"1";"0";"2";"27";"1";"2"
"Vegan";"Free of animal products.";"4500";"Breakfast";"07:00:00";"Blueberries, raw";".5000";"cup (5.1 oz)";"41";"1";"0";"11";"7";"0";"2";"4";"1";"0"
"Vegan";"Free of animal products.";"4500";"Breakfast";"07:00:00";"dotFIT VeganMV";"1.0000";"1 tablet";"0";"0";"0";"0";"0";"0";"0";"0";"0";"0"
"Vegan";"Free of animal products.";"4500";"Breakfast";"07:00:00";"Strawberries, raw";".5000";"cup, sliced (5.9 oz)";"27";"1";"0";"6";"4";"0";"2";"13";"1";"0"
"Vegan";"Free of animal products.";"4500";"Morning Snack";"10:00:00";"Peanut Butter, Smooth Style, Salted";"2.0000";"tablespoon (0.6 oz)";"188";"8";"16";"6";"3";"0";"2";"14";"147";"3"
"Vegan";"Free of animal products.";"4500";"Morning Snack";"10:00:00";"Apples, raw, with Skin";"1.0000";"large, 3-1/4" dia, approx 2 per lb (7.5 oz)";"110";"1";"0";"29";"22";"0";"5";"13";"2";"0"
"Vegan";"Free of animal products.";"4500";"Morning Snack";"10:00:00";"dotFIT Vegan Chocolate-Chocolate Chip dotSTICK";"1.0000";"1 stick";"260";"12";"0";"24";"10";"0";"4";"30";"350";"4"
"Vegan";"Free of animal products.";"4500";"Lunch";"13:00:00";"Kale, raw";"2.0000";"cup, chopped (2.4 oz)";"67";"4";"1";"13";"";"0";"3";"181";"58";"0"
"Vegan";"Free of animal products.";"4500";"Lunch";"13:00:00";"Spinach, raw";"2.0000";"cup (1.1 oz)";"14";"2";"0";"2";"0";"0";"1";"59";"47";"0"
"Vegan";"Free of animal products.";"4500";"Lunch";"13:00:00";"Quinoa, cooked";".5000";"cup (6.5 oz)";"111";"4";"2";"20";"";"0";"3";"16";"6";""
"Vegan";"Free of animal products.";"4500";"Lunch";"13:00:00";"Edamame (Green Soybeans), boiled";".5000";"cup (6.3 oz)";"127";"11";"6";"10";"";"0";"4";"131";"13";"1"
"Vegan";"Free of animal products.";"4500";"Lunch";"13:00:00";"Kidney Beans, Dark Red";"1.0000";"half cup (4.5 oz)";"130";"8";"1";"22";"1";"0";"8";"";"310";"0"
"Vegan";"Free of animal products.";"4500";"Lunch";"13:00:00";"Natural, Balsamic Vinaigrette";"2.0000";"serving, 2 tablespoons (1.1 oz)";"200";"0";"20";"4";"4";"";"";"";"110";"2"
"Vegan";"Free of animal products.";"4500";"Lunch";"13:00:00";"Tangerines (Mandarin Oranges), raw";"1.0000";"medium [4.2 oz as purchased, 2.5" dia] (3.1 oz)";"47";"1";"0";"12";"9";"0";"2";"33";"2";"0"
"Vegan";"Free of animal products.";"4500";"Lunch";"13:00:00";"Avocados, average all varieties, raw";"2.0000";"oz";"91";"1";"8";"5";"0";"0";"4";"7";"4";"1"
"Vegan";"Free of animal products.";"4500";"Afternoon Snack";"17:00:00";"Almonds, raw";"1.0000";"serving, 23 whole kernels (1 oz)";"164";"6";"14";"6";"1";"0";"3";"70";"0";"1"
"Vegan";"Free of animal products.";"4500";"Afternoon Snack";"17:00:00";"Bananas, raw";"1.0000";"large [7.5 oz with skin, 8" long] (4.8 oz)";"121";"1";"0";"31";"17";"0";"4";"7";"1";"0"
"Vegan";"Free of animal products.";"4500";"Afternoon Snack";"17:00:00";"Chia Seed";"1.0000";"tablespoon (0.4 oz)";"60";"3";"3";"5";"0";"0";"5";"80";"0";"0"
"Vegan";"Free of animal products.";"4500";"Afternoon Snack";"17:00:00";"dotFIT Best Plant Protein - Vanilla";"1.5000";"1 scoop (34g)";"195";"32";"4";"12";"2";"0";"2";"75";"420";"0"
"Vegan";"Free of animal products.";"4500";"Afternoon Snack";"17:00:00";"Soymilk, Original";"1.5000";"cup (8.1 fl.oz)";"120";"12";"4";"11";"11";"0";"0";"";"143";"0"
"Vegan";"Free of animal products.";"4500";"Dinner";"19:00:00";"Black, boiled";"1.0000";"cup (6.1 oz)";"227";"15";"1";"41";"";"0";"15";"46";"2";"0"
"Vegan";"Free of animal products.";"4500";"Dinner";"19:00:00";"Tempeh, cooked";"4.0000";"oz";"222";"21";"13";"11";"0";"0";"5";"109";"16";"4"
"Vegan";"Free of animal products.";"4500";"Dinner";"19:00:00";"Onions, raw";".5000";"cup, sliced (4.1 oz)";"24";"1";"0";"6";"2";"0";"1";"13";"2";"0"
"Vegan";"Free of animal products.";"4500";"Dinner";"19:00:00";"Peppers, Sweet, Red, raw";".5000";"cup, slices (3.2 oz)";"12";"0";"0";"3";"2";"0";"1";"3";"1";"0"
"Vegan";"Free of animal products.";"4500";"Dinner";"19:00:00";"Flaxseed";"1.0000";"tablespoon (0.5 oz)";"120";"0";"14";"0";"0";"0";"0";"0";"0";"1"
"Vegan";"Free of animal products.";"4500";"Dinner";"19:00:00";"Yeast, Nutritional ";"1.0000";"serving, 1/4 cup (0.4 oz)";"45";"6";"1";"5";"0";"0";"3";"0";"0";"0"
"Vegan";"Free of animal products.";"4500";"Dinner";"19:00:00";"Brown, Medium Grain, cooked";"1.0000";"cup (6.9 oz)";"218";"5";"2";"46";"";"0";"4";"20";"2";"0"
"Vegan";"Free of animal products.";"4500";"Dinner";"19:00:00";"Broccoli, raw";".5000";"cup, chopped (3.2 oz)";"15";"1";"0";"3";"1";"0";"1";"21";"15";"0"
"Vegan";"Free of animal products.";"4500";"Evening Snack";"21:00:00";"Granola, Crunchy Oat Bran with Almond & Raisins";"1.0000";"serving, 1/2 cup (1.8 oz)";"210";"5";"8";"33";"9";"0";"4";"20";"0";"1"
"Vegan";"Free of animal products.";"4500";"Evening Snack";"21:00:00";"Raspberries, raw";"1.0000";"cup (4.3 oz)";"64";"1";"1";"15";"5";"0";"8";"31";"1";"0"
"Vegan";"Free of animal products.";"4500";"Evening Snack";"21:00:00";"Spinach, raw";"1.0000";"cup (1.1 oz)";"7";"1";"0";"1";"0";"0";"1";"30";"24";"0"
"Vegan";"Free of animal products.";"4500";"Evening Snack";"21:00:00";"dotFIT Best Plant Protein - Chocolate";"1.5000";"1 scoop (34g)";"195";"32";"5";"11";"2";"0";"2";"98";"405";"0"
"Vegan";"Free of animal products.";"4500";"Evening Snack";"21:00:00";"Almond Milk";"2.0000";"cup (8.1 fl.oz)";"120";"2";"5";"16";"14";"0";"2";"400";"300";"0"
"Vegan";"Free of animal products.";"4750";"Early Morning Snack";"00:00:00";"Sliced Bread, Whole Grains Healthy Multi-Grain";"2.0000";"slice (1.5 oz)";"220";"10";"3";"40";"8";"0";"8";"40";"320";"0"
"Vegan";"Free of animal products.";"4750";"Early Morning Snack";"00:00:00";"Oranges, average all varieties, raw";"1.0000";"large [8.9 oz as purchased, 3.1" dia] (6.5 oz)";"86";"2";"0";"22";"17";"0";"4";"74";"0";"0"
"Vegan";"Free of animal products.";"4750";"Early Morning Snack";"00:00:00";"Sunflower Seed Butter";"2.0000";"tablespoon (0.6 oz)";"180";"9";"12";"8";"1";"0";"4";"0";"65";"2"
"Vegan";"Free of animal products.";"4750";"Breakfast";"07:00:00";"Strawberries, raw";".5000";"cup, sliced (5.9 oz)";"27";"1";"0";"6";"4";"0";"2";"13";"1";"0"
"Vegan";"Free of animal products.";"4750";"Breakfast";"07:00:00";"Soymilk, Original";"1.5000";"cup (8.1 fl.oz)";"120";"12";"4";"11";"11";"0";"0";"";"143";"0"
"Vegan";"Free of animal products.";"4750";"Breakfast";"07:00:00";"Oats, Premium Steel Cut, dry";".6700";"cup (5.6 oz)";"402";"13";"7";"72";"3";"0";"11";"0";"0";"1"
"Vegan";"Free of animal products.";"4750";"Breakfast";"07:00:00";"Walnuts, English";"1.0000";"serving, 7 nuts (1 oz)";"183";"4";"18";"4";"1";"0";"2";"27";"1";"2"
"Vegan";"Free of animal products.";"4750";"Breakfast";"07:00:00";"Blueberries, raw";".5000";"cup (5.1 oz)";"41";"1";"0";"11";"7";"0";"2";"4";"1";"0"
"Vegan";"Free of animal products.";"4750";"Breakfast";"07:00:00";"dotFIT VeganMV";"1.0000";"1 tablet";"0";"0";"0";"0";"0";"0";"0";"0";"0";"0"
"Vegan";"Free of animal products.";"4750";"Morning Snack";"10:00:00";"dotFIT Vegan Chocolate-Chocolate Chip dotSTICK";"1.0000";"1 stick";"260";"12";"0";"24";"10";"0";"4";"30";"350";"4"
"Vegan";"Free of animal products.";"4750";"Morning Snack";"10:00:00";"Apples, raw, with Skin";"1.0000";"large [9 oz with refuse, 3.25" dia] (8.1 oz)";"120";"1";"0";"32";"24";"0";"6";"14";"2";"0"
"Vegan";"Free of animal products.";"4750";"Morning Snack";"10:00:00";"Peanut Butter, Smooth Style, Salted";"2.0000";"tablespoon (0.6 oz)";"188";"8";"16";"6";"3";"0";"2";"14";"147";"3"
"Vegan";"Free of animal products.";"4750";"Lunch";"13:00:00";"Avocados, average all varieties, raw";"2.0000";"oz";"91";"1";"8";"5";"0";"0";"4";"7";"4";"1"
"Vegan";"Free of animal products.";"4750";"Lunch";"13:00:00";"Kale, raw";"2.0000";"cup, chopped (2.4 oz)";"67";"4";"1";"13";"";"0";"3";"181";"58";"0"
"Vegan";"Free of animal products.";"4750";"Lunch";"13:00:00";"Spinach, raw";"2.0000";"cup (1.1 oz)";"14";"2";"0";"2";"0";"0";"1";"59";"47";"0"
"Vegan";"Free of animal products.";"4750";"Lunch";"13:00:00";"Quinoa, cooked";".5000";"cup (6.5 oz)";"111";"4";"2";"20";"";"0";"3";"16";"6";""
"Vegan";"Free of animal products.";"4750";"Lunch";"13:00:00";"Edamame (Green Soybeans), boiled";".5000";"cup (6.3 oz)";"127";"11";"6";"10";"";"0";"4";"131";"13";"1"
"Vegan";"Free of animal products.";"4750";"Lunch";"13:00:00";"Kidney Beans, Dark Red";"1.0000";"half cup (4.5 oz)";"130";"8";"1";"22";"1";"0";"8";"";"310";"0"
"Vegan";"Free of animal products.";"4750";"Lunch";"13:00:00";"Natural, Balsamic Vinaigrette";"2.0000";"serving, 2 tablespoons (1.1 oz)";"200";"0";"20";"4";"4";"";"";"";"110";"2"
"Vegan";"Free of animal products.";"4750";"Lunch";"13:00:00";"Tangerines (Mandarin Oranges), raw";"1.0000";"medium [4.2 oz as purchased, 2.5" dia] (3.1 oz)";"47";"1";"0";"12";"9";"0";"2";"33";"2";"0"
"Vegan";"Free of animal products.";"4750";"Afternoon Snack";"17:00:00";"Bananas, raw";"1.0000";"large, 8" to 8-7/8" long (4.8 oz)";"121";"1";"0";"31";"17";"0";"4";"7";"1";"0"
"Vegan";"Free of animal products.";"4750";"Afternoon Snack";"17:00:00";"Chia Seed";"1.0000";"tablespoon (0.4 oz)";"60";"3";"3";"5";"0";"0";"5";"80";"0";"0"
"Vegan";"Free of animal products.";"4750";"Afternoon Snack";"17:00:00";"dotFIT Best Plant Protein - Vanilla";"1.5000";"1 scoop (34g)";"195";"32";"4";"12";"2";"0";"2";"75";"420";"0"
"Vegan";"Free of animal products.";"4750";"Afternoon Snack";"17:00:00";"Almonds, raw";"1.0000";"serving, 23 whole kernels (1 oz)";"164";"6";"14";"6";"1";"0";"3";"70";"0";"1"
"Vegan";"Free of animal products.";"4750";"Afternoon Snack";"17:00:00";"Soymilk, Original";"1.5000";"cup (8.1 fl.oz)";"120";"12";"4";"11";"11";"0";"0";"";"143";"0"
"Vegan";"Free of animal products.";"4750";"Dinner";"19:00:00";"Broccoli, raw";".5000";"cup, chopped (3.2 oz)";"15";"1";"0";"3";"1";"0";"1";"21";"15";"0"
"Vegan";"Free of animal products.";"4750";"Dinner";"19:00:00";"Black, boiled";"1.0000";"cup (6.1 oz)";"227";"15";"1";"41";"";"0";"15";"46";"2";"0"
"Vegan";"Free of animal products.";"4750";"Dinner";"19:00:00";"Tempeh, cooked";"4.0000";"oz";"222";"21";"13";"11";"0";"0";"5";"109";"16";"4"
"Vegan";"Free of animal products.";"4750";"Dinner";"19:00:00";"Onions, raw";".5000";"cup, sliced (4.1 oz)";"24";"1";"0";"6";"2";"0";"1";"13";"2";"0"
"Vegan";"Free of animal products.";"4750";"Dinner";"19:00:00";"Peppers, Sweet, Red, raw";".5000";"cup, slices (3.2 oz)";"12";"0";"0";"3";"2";"0";"1";"3";"1";"0"
"Vegan";"Free of animal products.";"4750";"Dinner";"19:00:00";"Flaxseed";"1.0000";"tablespoon (0.5 oz)";"120";"0";"14";"0";"0";"0";"0";"0";"0";"1"
"Vegan";"Free of animal products.";"4750";"Dinner";"19:00:00";"Yeast, Nutritional ";"1.0000";"serving, 1/4 cup (0.4 oz)";"45";"6";"1";"5";"0";"0";"3";"0";"0";"0"
"Vegan";"Free of animal products.";"4750";"Dinner";"19:00:00";"Brown, Medium Grain, cooked";"1.0000";"cup (6.9 oz)";"218";"5";"2";"46";"";"0";"4";"20";"2";"0"
"Vegan";"Free of animal products.";"4750";"Evening Snack";"21:00:00";"Spinach, raw";"1.0000";"cup (1.1 oz)";"7";"1";"0";"1";"0";"0";"1";"30";"24";"0"
"Vegan";"Free of animal products.";"4750";"Evening Snack";"21:00:00";"dotFIT Best Plant Protein - Chocolate";"1.5000";"1 scoop (34g)";"195";"32";"5";"11";"2";"0";"2";"98";"405";"0"
"Vegan";"Free of animal products.";"4750";"Evening Snack";"21:00:00";"Almond Milk";"2.0000";"cup (8.1 fl.oz)";"120";"2";"5";"16";"14";"0";"2";"400";"300";"0"
"Vegan";"Free of animal products.";"4750";"Evening Snack";"21:00:00";"Granola, Crunchy Oat Bran with Almond & Raisins";"1.0000";"serving, 1/2 cup (1.8 oz)";"210";"5";"8";"33";"9";"0";"4";"20";"0";"1"
"Vegan";"Free of animal products.";"4750";"Evening Snack";"21:00:00";"Raspberries, raw";"1.0000";"cup (4.3 oz)";"64";"1";"1";"15";"5";"0";"8";"31";"1";"0"
"Vegan";"Free of animal products.";"5000";"Early Morning Snack";"00:00:00";"Sliced Bread, Whole Grains Healthy Multi-Grain";"2.0000";"slice (1.5 oz)";"220";"10";"3";"40";"8";"0";"8";"40";"320";"0"
"Vegan";"Free of animal products.";"5000";"Early Morning Snack";"00:00:00";"Oranges, average all varieties, raw";"1.0000";"large [8.9 oz as purchased, 3.1" dia] (6.5 oz)";"86";"2";"0";"22";"17";"0";"4";"74";"0";"0"
"Vegan";"Free of animal products.";"5000";"Early Morning Snack";"00:00:00";"Sunflower Seed Butter";"2.0000";"tablespoon (0.6 oz)";"180";"9";"12";"8";"1";"0";"4";"0";"65";"2"
"Vegan";"Free of animal products.";"5000";"Breakfast";"07:00:00";"Strawberries, raw";".5000";"cup, sliced (5.9 oz)";"27";"1";"0";"6";"4";"0";"2";"13";"1";"0"
"Vegan";"Free of animal products.";"5000";"Breakfast";"07:00:00";"Soymilk, Original";"2.0000";"cup (8.1 fl.oz)";"160";"16";"5";"14";"14";"0";"0";"";"190";"0"
"Vegan";"Free of animal products.";"5000";"Breakfast";"07:00:00";"Oats, Premium Steel Cut, dry";".6700";"cup (5.6 oz)";"402";"13";"7";"72";"3";"0";"11";"0";"0";"1"
"Vegan";"Free of animal products.";"5000";"Breakfast";"07:00:00";"Walnuts, English";"1.0000";"serving, 7 nuts (1 oz)";"183";"4";"18";"4";"1";"0";"2";"27";"1";"2"
"Vegan";"Free of animal products.";"5000";"Breakfast";"07:00:00";"Blueberries, raw";".5000";"cup (5.1 oz)";"41";"1";"0";"11";"7";"0";"2";"4";"1";"0"
"Vegan";"Free of animal products.";"5000";"Breakfast";"07:00:00";"dotFIT VeganMV";"1.0000";"1 tablet";"0";"0";"0";"0";"0";"0";"0";"0";"0";"0"
"Vegan";"Free of animal products.";"5000";"Morning Snack";"10:00:00";"dotFIT Vegan Chocolate-Chocolate Chip dotSTICK";"1.0000";"1 stick";"260";"12";"0";"24";"10";"0";"4";"30";"350";"4"
"Vegan";"Free of animal products.";"5000";"Morning Snack";"10:00:00";"Apples, raw, with Skin";"1.0000";"large [9 oz with refuse, 3.25" dia] (8.1 oz)";"120";"1";"0";"32";"24";"0";"6";"14";"2";"0"
"Vegan";"Free of animal products.";"5000";"Morning Snack";"10:00:00";"Peanut Butter, Smooth Style, Salted";"2.0000";"tablespoon (0.6 oz)";"188";"8";"16";"6";"3";"0";"2";"14";"147";"3"
"Vegan";"Free of animal products.";"5000";"Lunch";"13:00:00";"Kale, raw";"2.0000";"cup, chopped (2.4 oz)";"67";"4";"1";"13";"";"0";"3";"181";"58";"0"
"Vegan";"Free of animal products.";"5000";"Lunch";"13:00:00";"Spinach, raw";"2.0000";"cup (1.1 oz)";"14";"2";"0";"2";"0";"0";"1";"59";"47";"0"
"Vegan";"Free of animal products.";"5000";"Lunch";"13:00:00";"Quinoa, cooked";".5000";"cup (6.5 oz)";"111";"4";"2";"20";"";"0";"3";"16";"6";""
"Vegan";"Free of animal products.";"5000";"Lunch";"13:00:00";"Edamame (Green Soybeans), boiled";".5000";"cup (6.3 oz)";"127";"11";"6";"10";"";"0";"4";"131";"13";"1"
"Vegan";"Free of animal products.";"5000";"Lunch";"13:00:00";"Kidney Beans, Dark Red";"1.0000";"half cup (4.5 oz)";"130";"8";"1";"22";"1";"0";"8";"";"310";"0"
"Vegan";"Free of animal products.";"5000";"Lunch";"13:00:00";"Natural, Balsamic Vinaigrette";"2.0000";"serving, 2 tablespoons (1.1 oz)";"200";"0";"20";"4";"4";"";"";"";"110";"2"
"Vegan";"Free of animal products.";"5000";"Lunch";"13:00:00";"Tangerines (Mandarin Oranges), raw";"1.0000";"medium [4.2 oz as purchased, 2.5" dia] (3.1 oz)";"47";"1";"0";"12";"9";"0";"2";"33";"2";"0"
"Vegan";"Free of animal products.";"5000";"Lunch";"13:00:00";"Avocados, average all varieties, raw";"2.0000";"oz";"91";"1";"8";"5";"0";"0";"4";"7";"4";"1"
"Vegan";"Free of animal products.";"5000";"Afternoon Snack";"17:00:00";"Almonds, raw";"1.0000";"serving, 23 whole kernels (1 oz)";"164";"6";"14";"6";"1";"0";"3";"70";"0";"1"
"Vegan";"Free of animal products.";"5000";"Afternoon Snack";"17:00:00";"dotFIT Best Plant Protein - Vanilla";"2.0000";"1 scoop (34g)";"260";"42";"5";"16";"2";"0";"2";"100";"560";"0"
"Vegan";"Free of animal products.";"5000";"Afternoon Snack";"17:00:00";"Bananas, raw";"1.0000";"medium [6.5 oz with skin, 7" long] (4.2 oz)";"105";"1";"0";"27";"14";"0";"3";"6";"1";"0"
"Vegan";"Free of animal products.";"5000";"Afternoon Snack";"17:00:00";"Chia Seed";"1.0000";"tablespoon (0.4 oz)";"60";"3";"3";"5";"0";"0";"5";"80";"0";"0"
"Vegan";"Free of animal products.";"5000";"Afternoon Snack";"17:00:00";"Soymilk, Original";"2.0000";"cup (8.1 fl.oz)";"160";"16";"5";"14";"14";"0";"0";"";"190";"0"
"Vegan";"Free of animal products.";"5000";"Dinner";"19:00:00";"Black, boiled";"1.0000";"cup (6.1 oz)";"227";"15";"1";"41";"";"0";"15";"46";"2";"0"
"Vegan";"Free of animal products.";"5000";"Dinner";"19:00:00";"Tempeh, cooked";"5.0000";"oz";"278";"26";"16";"13";"0";"0";"6";"136";"20";"5"
"Vegan";"Free of animal products.";"5000";"Dinner";"19:00:00";"Onions, raw";".5000";"cup, sliced (4.1 oz)";"24";"1";"0";"6";"2";"0";"1";"13";"2";"0"
"Vegan";"Free of animal products.";"5000";"Dinner";"19:00:00";"Peppers, Sweet, Red, raw";".5000";"cup, slices (3.2 oz)";"12";"0";"0";"3";"2";"0";"1";"3";"1";"0"
"Vegan";"Free of animal products.";"5000";"Dinner";"19:00:00";"Flaxseed";"1.0000";"tablespoon (0.5 oz)";"120";"0";"14";"0";"0";"0";"0";"0";"0";"1"
"Vegan";"Free of animal products.";"5000";"Dinner";"19:00:00";"Yeast, Nutritional ";"1.0000";"serving, 1/4 cup (0.4 oz)";"45";"6";"1";"5";"0";"0";"3";"0";"0";"0"
"Vegan";"Free of animal products.";"5000";"Dinner";"19:00:00";"Brown, Medium Grain, cooked";"1.0000";"cup (6.9 oz)";"218";"5";"2";"46";"";"0";"4";"20";"2";"0"
"Vegan";"Free of animal products.";"5000";"Dinner";"19:00:00";"Broccoli, raw";".5000";"cup, chopped (3.2 oz)";"15";"1";"0";"3";"1";"0";"1";"21";"15";"0"
"Vegan";"Free of animal products.";"5000";"Evening Snack";"21:00:00";"Granola, Crunchy Oat Bran with Almond & Raisins";"1.0000";"serving, 1/2 cup (1.8 oz)";"210";"5";"8";"33";"9";"0";"4";"20";"0";"1"
"Vegan";"Free of animal products.";"5000";"Evening Snack";"21:00:00";"Raspberries, raw";"1.0000";"cup (4.3 oz)";"64";"1";"1";"15";"5";"0";"8";"31";"1";"0"
"Vegan";"Free of animal products.";"5000";"Evening Snack";"21:00:00";"Spinach, raw";"1.0000";"cup (1.1 oz)";"7";"1";"0";"1";"0";"0";"1";"30";"24";"0"
"Vegan";"Free of animal products.";"5000";"Evening Snack";"21:00:00";"dotFIT Best Plant Protein - Chocolate";"2.0000";"1 scoop (34g)";"260";"42";"6";"14";"2";"0";"2";"130";"540";"0"
"Vegan";"Free of animal products.";"5000";"Evening Snack";"21:00:00";"Almond Milk";"2.0000";"cup (8.1 fl.oz)";"120";"2";"5";"16";"14";"0";"2";"400";"300";"0"
"Gluten Free";"Free of foods with gluten, including wheat, wheat-based products, barley, rye, and malt.";"1000";"Breakfast";"07:00:00";"dotFIT WheySmooth – Vanilla Crème";"1.0000";"1 scoop (37.5g)";"150";"25";"2";"7";"2";"75";"0";"0";"105";"1"
"Gluten Free";"Free of foods with gluten, including wheat, wheat-based products, barley, rye, and malt.";"1000";"Breakfast";"07:00:00";"Almond Milk";"1.0000";"cup (8.1 fl.oz)";"60";"1";"3";"8";"7";"0";"1";"200";"150";"0"
"Gluten Free";"Free of foods with gluten, including wheat, wheat-based products, barley, rye, and malt.";"1000";"Breakfast";"07:00:00";"Strawberries, raw";"1.0000";"cup, halves (5.4 oz)";"49";"1";"0";"12";"7";"0";"3";"24";"2";"0"
"Gluten Free";"Free of foods with gluten, including wheat, wheat-based products, barley, rye, and malt.";"1000";"Lunch";"13:00:00";"All Natural Chicken Breast";"3.0000";"oz (1 oz)";"98";"19";"1";"2";"0";"49";"0";"";"271";"0"
"Gluten Free";"Free of foods with gluten, including wheat, wheat-based products, barley, rye, and malt.";"1000";"Lunch";"13:00:00";"Organic, Quinoa";"1.0000";"serving, 1/4 cup (1.6 oz)";"170";"7";"3";"30";"0";"0";"3";"20";"2";"0"
"Gluten Free";"Free of foods with gluten, including wheat, wheat-based products, barley, rye, and malt.";"1000";"Lunch";"13:00:00";"Broccoli, Baby Florets, All Natural, Steam Supreme";".5000";"cup (3 oz)";"15";"1";"0";"2";"1";"0";"1";"";"3";"0"
"Gluten Free";"Free of foods with gluten, including wheat, wheat-based products, barley, rye, and malt.";"1000";"Lunch";"13:00:00";"Avocados, Californian, raw";".2500";"fruit without skin and seeds (6.1 oz)";"72";"1";"7";"4";"0";"0";"3";"6";"3";"1"
"Gluten Free";"Free of foods with gluten, including wheat, wheat-based products, barley, rye, and malt.";"1000";"Dinner";"19:00:00";"Salmon, Red (Sockeye), cooked with dry heat";"1.0000";"serving (4 oz)";"244";"31";"12";"0";"";"98";"0";"8";"75";"2"
"Gluten Free";"Free of foods with gluten, including wheat, wheat-based products, barley, rye, and malt.";"1000";"Dinner";"19:00:00";"Sweet Potato, baked (in skin)";"1.0000";"large (6.3 oz)";"162";"4";"0";"37";"15";"0";"6";"68";"65";"0"
"Gluten Free";"Free of foods with gluten, including wheat, wheat-based products, barley, rye, and malt.";"1000";"Dinner";"19:00:00";"Asparagus Spears";".5000";"serving, 7 spears (2.9 oz)";"10";"1";"0";"2";"1";"0";"0";"0";"0";"0"
"Gluten Free";"Free of foods with gluten, including wheat, wheat-based products, barley, rye, and malt.";"1250";"Breakfast";"07:00:00";"Oats, Steel Cut, Gluten-Free";"1.0000";"serving, 1/4 cup (1.6 oz)";"170";"7";"3";"29";"0";"0";"5";"20";"0";"1"
"Gluten Free";"Free of foods with gluten, including wheat, wheat-based products, barley, rye, and malt.";"1250";"Breakfast";"07:00:00";"dotFIT WheySmooth – Vanilla Crème";"1.0000";"1 scoop (37.5g)";"150";"25";"2";"7";"2";"75";"0";"0";"105";"1"
"Gluten Free";"Free of foods with gluten, including wheat, wheat-based products, barley, rye, and malt.";"1250";"Breakfast";"07:00:00";"Almond Milk";"1.0000";"cup (8.1 fl.oz)";"60";"1";"3";"8";"7";"0";"1";"200";"150";"0"
"Gluten Free";"Free of foods with gluten, including wheat, wheat-based products, barley, rye, and malt.";"1250";"Breakfast";"07:00:00";"Blueberries, raw";".5000";"cup (5.1 oz)";"41";"1";"0";"11";"7";"0";"2";"4";"1";"0"
"Gluten Free";"Free of foods with gluten, including wheat, wheat-based products, barley, rye, and malt.";"1250";"Breakfast";"07:00:00";"Raspberries, raw";".5000";"cup (4.3 oz)";"32";"1";"0";"7";"3";"0";"4";"15";"1";"0"
"Gluten Free";"Free of foods with gluten, including wheat, wheat-based products, barley, rye, and malt.";"1250";"Lunch";"13:00:00";"Oranges, average all varieties, raw";"1.0000";"small, 2-3/8" dia (3.4 oz)";"45";"1";"0";"11";"9";"0";"2";"38";"0";"0"
"Gluten Free";"Free of foods with gluten, including wheat, wheat-based products, barley, rye, and malt.";"1250";"Lunch";"13:00:00";"Hummus, Roasted Red Pepper";"1.0000";"serving, 2 tablespoons (1 oz)";"50";"1";"3";"5";"1";"0";"1";"0";"150";"0"
"Gluten Free";"Free of foods with gluten, including wheat, wheat-based products, barley, rye, and malt.";"1250";"Lunch";"13:00:00";"Lettuce, green leaf, raw";"1.0000";"leaf, inner (0.2 oz)";"1";"0";"0";"0";"0";"0";"0";"2";"1";"0"
"Gluten Free";"Free of foods with gluten, including wheat, wheat-based products, barley, rye, and malt.";"1250";"Lunch";"13:00:00";"Tomatoes, Red, ripe, raw";"1.0000";"slice, thin/small (0.5 oz)";"3";"0";"0";"1";"0";"0";"0";"2";"1";"0"
"Gluten Free";"Free of foods with gluten, including wheat, wheat-based products, barley, rye, and malt.";"1250";"Lunch";"13:00:00";"Turkey, Oven Roasted, Fat-Free, Turkey Breast";"3.0000";"serving, 2 slices (1.7 oz)";"135";"21";"2";"9";"3";"45";"0";"0";"1410";"0"
"Gluten Free";"Free of foods with gluten, including wheat, wheat-based products, barley, rye, and malt.";"1250";"Lunch";"13:00:00";"Homemade Wonderful, Gluten-Free";"2.0000";"slice (1 oz)";"200";"4";"1";"44";"4";"0";"6";"40";"360";"0"
"Gluten Free";"Free of foods with gluten, including wheat, wheat-based products, barley, rye, and malt.";"1250";"Dinner";"19:00:00";"Carrots, boiled";".5000";"cup, slices (5.5 oz)";"27";"1";"0";"6";"3";"0";"2";"23";"45";"0"
"Gluten Free";"Free of foods with gluten, including wheat, wheat-based products, barley, rye, and malt.";"1250";"Dinner";"19:00:00";"Sirloin Steak, lean only, broiled";"1.0000";"small, cooked (4 oz)";"207";"35";"7";"0";"0";"66";"0";"23";"72";"2"
"Gluten Free";"Free of foods with gluten, including wheat, wheat-based products, barley, rye, and malt.";"1250";"Dinner";"19:00:00";"Broccoli, Baby Florets, All Natural, Steam Supreme";"1.0000";"cup (3 oz)";"30";"2";"0";"4";"1";"0";"2";"";"5";"0"
"Gluten Free";"Free of foods with gluten, including wheat, wheat-based products, barley, rye, and malt.";"1250";"Dinner";"19:00:00";"Sweet Potato, baked (in skin)";"1.0000";"medium, 2" dia, 5" long (4 oz)";"103";"2";"0";"24";"10";"0";"4";"43";"41";"0"
"Gluten Free";"Free of foods with gluten, including wheat, wheat-based products, barley, rye, and malt.";"1500";"Breakfast";"07:00:00";"Specialty, Broken Melba Toast, Gluten-Free";"1.0000";"piece (0.5 oz)";"50";"0";"3";"7";"0";"0";"1";"20";"50";"0"
"Gluten Free";"Free of foods with gluten, including wheat, wheat-based products, barley, rye, and malt.";"1500";"Breakfast";"07:00:00";"Scrambled Eggs, 2 large eggs w. 1 tbsp non-fat milk, no added fat";"1.0000";"meal";"154";"14";"10";"2";"2";"424";"0";"";"148";"3"
"Gluten Free";"Free of foods with gluten, including wheat, wheat-based products, barley, rye, and malt.";"1500";"Breakfast";"07:00:00";"Bacon, Organic, Turkey, Uncured, Sliced";"1.0000";"slice (1 oz)";"35";"6";"2";"0";"";"25";"0";"0";"200";"0"
"Gluten Free";"Free of foods with gluten, including wheat, wheat-based products, barley, rye, and malt.";"1500";"Breakfast";"07:00:00";"Avocados, Californian, raw";".2000";"fruit without skin and seeds (6.1 oz)";"58";"1";"5";"3";"0";"0";"2";"4";"3";"1"
"Gluten Free";"Free of foods with gluten, including wheat, wheat-based products, barley, rye, and malt.";"1500";"Breakfast";"07:00:00";"Brewed w. 2 Tbsp 2% milk";"1.0000";"cup (8 fl.oz)";"18";"1";"1";"1";"1";"2";"0";"";"17";"0"
"Gluten Free";"Free of foods with gluten, including wheat, wheat-based products, barley, rye, and malt.";"1500";"Morning Snack";"10:00:00";"dotFIT WheySmooth - Chocolate Crème";"1.0000";"1 scoop (42g)";"160";"25";"3";"7";"2";"60";"0";"200";"220";"1"
"Gluten Free";"Free of foods with gluten, including wheat, wheat-based products, barley, rye, and malt.";"1500";"Morning Snack";"10:00:00";"Apples, raw, with Skin";"1.0000";"small, 2-1/2" dia, approx 4 per lb (3.7 oz)";"55";"0";"0";"15";"11";"0";"3";"6";"1";"0"
"Gluten Free";"Free of foods with gluten, including wheat, wheat-based products, barley, rye, and malt.";"1500";"Morning Snack";"10:00:00";"Peanut Butter, Smooth Style, Salted";"1.0000";"tablespoon (0.6 oz)";"94";"4";"8";"3";"1";"0";"1";"7";"73";"2"
"Gluten Free";"Free of foods with gluten, including wheat, wheat-based products, barley, rye, and malt.";"1500";"Lunch";"13:00:00";"Breast, without skin, roasted";"1.0000";"portion (4 oz)";"186";"35";"4";"0";"0";"96";"0";"17";"84";"1"
"Gluten Free";"Free of foods with gluten, including wheat, wheat-based products, barley, rye, and malt.";"1500";"Lunch";"13:00:00";"Baked Beans, Homestyle";"1.0000";"half cup (4.5 oz)";"140";"6";"1";"29";"12";"0";"5";"";"410";"0"
"Gluten Free";"Free of foods with gluten, including wheat, wheat-based products, barley, rye, and malt.";"1500";"Lunch";"13:00:00";"Broccoli, Baby Florets, All Natural, Steam Supreme";".5000";"cup (3 oz)";"15";"1";"0";"2";"1";"0";"1";"";"3";"0"
"Gluten Free";"Free of foods with gluten, including wheat, wheat-based products, barley, rye, and malt.";"1500";"Dinner";"19:00:00";"Shrimp, cooked with moist heat";"1.0000";"serving (3 oz)";"84";"18";"1";"0";"0";"166";"0";"33";"190";"0"
"Gluten Free";"Free of foods with gluten, including wheat, wheat-based products, barley, rye, and malt.";"1500";"Dinner";"19:00:00";"Gluten Free Rice, Angel Hair, Fettuccine, Penne, Spaghetti Style or Spiral, dry";"2.0000";"serving, 1/4 package (2 oz)";"420";"8";"1";"92";"0";"0";"1";"80";"30";"0"
"Gluten Free";"Free of foods with gluten, including wheat, wheat-based products, barley, rye, and malt.";"1500";"Dinner";"19:00:00";"Marinara";"1.0000";"serving, 1/2 cup (4.4 oz)";"61";"2";"2";"9";"7";"3";"2";"34";"524";"0"
"Gluten Free";"Free of foods with gluten, including wheat, wheat-based products, barley, rye, and malt.";"1750";"Breakfast";"07:00:00";"Oats, Steel Cut, Gluten-Free";"1.0000";"serving, 1/4 cup (1.6 oz)";"170";"7";"3";"29";"0";"0";"5";"20";"0";"1"
"Gluten Free";"Free of foods with gluten, including wheat, wheat-based products, barley, rye, and malt.";"1750";"Breakfast";"07:00:00";"Blueberries, raw";".2500";"cup (5.1 oz)";"21";"0";"0";"5";"4";"0";"1";"2";"0";"0"
"Gluten Free";"Free of foods with gluten, including wheat, wheat-based products, barley, rye, and malt.";"1750";"Breakfast";"07:00:00";"Sweetened Coconut Flakes";"1.0000";"tablespoon (0.3 oz)";"40";"1";"3";"3";"3";"0";"1";"0";"18";"3"
"Gluten Free";"Free of foods with gluten, including wheat, wheat-based products, barley, rye, and malt.";"1750";"Breakfast";"07:00:00";"Chia Seed";"1.0000";"tablespoon (0.4 oz)";"60";"3";"3";"5";"0";"0";"5";"80";"0";"0"
"Gluten Free";"Free of foods with gluten, including wheat, wheat-based products, barley, rye, and malt.";"1750";"Breakfast";"07:00:00";"Honey";"1.0000";"packet (0.5 oz)";"43";"0";"0";"12";"11";"0";"0";"1";"1";"0"
"Gluten Free";"Free of foods with gluten, including wheat, wheat-based products, barley, rye, and malt.";"1750";"Breakfast";"07:00:00";"Espresso, unsweetened";"1.0000";"shot (1 fl.oz)";"1";"0";"0";"0";"0";"0";"0";"1";"4";"0"
"Gluten Free";"Free of foods with gluten, including wheat, wheat-based products, barley, rye, and malt.";"1750";"Morning Snack";"10:00:00";"Whey Smooth, High Protein, Vanilla Creme";"1.0000";"serving (2.3 oz)";"155";"26";"2";"7";"2";"77";"0";"155";"108";"1"
"Gluten Free";"Free of foods with gluten, including wheat, wheat-based products, barley, rye, and malt.";"1750";"Morning Snack";"10:00:00";"Grapes, Red or Green (European type), raw";"1.0000";"cup (5.3 oz)";"104";"1";"0";"27";"23";"0";"1";"15";"3";"0"
"Gluten Free";"Free of foods with gluten, including wheat, wheat-based products, barley, rye, and malt.";"1750";"Morning Snack";"10:00:00";"Beef Jerky";"1.0000";"piece, large (0.7 oz)";"82";"7";"5";"2";"2";"10";"0";"4";"443";"2"
"Gluten Free";"Free of foods with gluten, including wheat, wheat-based products, barley, rye, and malt.";"1750";"Lunch";"13:00:00";"Organic, Turkey Burgers";"1.0000";"burger (4 oz)";"190";"22";"11";"0";"0";"75";"0";"20";"70";"3"
"Gluten Free";"Free of foods with gluten, including wheat, wheat-based products, barley, rye, and malt.";"1750";"Lunch";"13:00:00";"Sweet Potato, mashed";".5000";"cup (9 oz)";"129";"3";"0";"30";"7";"0";"2";"38";"96";"0"
"Gluten Free";"Free of foods with gluten, including wheat, wheat-based products, barley, rye, and malt.";"1750";"Lunch";"13:00:00";"Steamfresh, Broccoli, Cauliflower & Carrots";"2.0000";"cup (4 oz)";"89";"4";"1";"14";"8";"0";"5";"80";"101";"0"
"Gluten Free";"Free of foods with gluten, including wheat, wheat-based products, barley, rye, and malt.";"1750";"Afternoon Snack";"17:00:00";"Greek, Blueberry, No-Fat";"1.0000";"container (5.3 oz)";"120";"12";"0";"21";"10";"5";"0";"150";"45";"0"
"Gluten Free";"Free of foods with gluten, including wheat, wheat-based products, barley, rye, and malt.";"1750";"Afternoon Snack";"17:00:00";"Almonds, dry roasted, with salt added";".5000";"oz, 22 kernels (1 oz)";"85";"3";"8";"3";"1";"0";"2";"38";"48";"1"
"Gluten Free";"Free of foods with gluten, including wheat, wheat-based products, barley, rye, and malt.";"1750";"Dinner";"19:00:00";"All Natural Chicken Breast";"1.5000";"portion (4 oz)";"195";"38";"2";"5";"0";"98";"0";"";"540";"0"
"Gluten Free";"Free of foods with gluten, including wheat, wheat-based products, barley, rye, and malt.";"1750";"Dinner";"19:00:00";"Pure & Simple, Asparagus Spears";"1.0000";"serving, 7 spears (2.9 oz)";"27";"3";"0";"4";"2";"0";"1";"0";"4";"0"
"Gluten Free";"Free of foods with gluten, including wheat, wheat-based products, barley, rye, and malt.";"1750";"Dinner";"19:00:00";"Quinoa, cooked";"1.0000";"cup (6.5 oz)";"222";"8";"4";"39";"";"0";"5";"31";"13";""
"Gluten Free";"Free of foods with gluten, including wheat, wheat-based products, barley, rye, and malt.";"1750";"Dinner";"19:00:00";"Chipotle Barbeque, No Sugar Added, Gluten Free";"2.0000";"tablespoon (0.6 oz)";"15";"0";"0";"4";"0";"0";"0";"0";"200";"0"
"Gluten Free";"Free of foods with gluten, including wheat, wheat-based products, barley, rye, and malt.";"2000";"Breakfast";"07:00:00";"French Toast Sticks, Cinnamon, Wheat Free/Gluten Free";"2.0000";"slice (1.4 oz)";"190";"2";"4";"39";"12";"0";"1";"300";"310";"0"
"Gluten Free";"Free of foods with gluten, including wheat, wheat-based products, barley, rye, and malt.";"2000";"Breakfast";"07:00:00";"Maple";"2.0000";"tablespoon (0.7 oz)";"104";"0";"0";"27";"24";"0";"0";"27";"4";"0"
"Gluten Free";"Free of foods with gluten, including wheat, wheat-based products, barley, rye, and malt.";"2000";"Breakfast";"07:00:00";"AllWhites, 100% Liquid Egg Whites";"1.0000";"cup (7.9 oz)";"120";"24";"0";"4";"0";"0";"0";"0";"380";"0"
"Gluten Free";"Free of foods with gluten, including wheat, wheat-based products, barley, rye, and malt.";"2000";"Breakfast";"07:00:00";"Grapes, Red or Green (European type), raw";".5000";"cup (5.3 oz)";"52";"1";"0";"14";"12";"0";"1";"8";"2";"0"
"Gluten Free";"Free of foods with gluten, including wheat, wheat-based products, barley, rye, and malt.";"2000";"Breakfast";"07:00:00";"Brewed w. 2 Tbsp 2% milk";"1.0000";"cup (8 fl.oz)";"18";"1";"1";"1";"1";"2";"0";"";"17";"0"
"Gluten Free";"Free of foods with gluten, including wheat, wheat-based products, barley, rye, and malt.";"2000";"Morning Snack";"10:00:00";"Organic Plain, Low-Fat";".5000";"serving (8 oz)";"70";"6";"2";"9";"8";"8";"0";"200";"80";"1"
"Gluten Free";"Free of foods with gluten, including wheat, wheat-based products, barley, rye, and malt.";"2000";"Morning Snack";"10:00:00";"Homemade Wonderful, Gluten-Free";"1.0000";"slice (1 oz)";"100";"2";"1";"22";"2";"0";"3";"20";"180";"0"
"Gluten Free";"Free of foods with gluten, including wheat, wheat-based products, barley, rye, and malt.";"2000";"Morning Snack";"10:00:00";"Peanut Butter, Smooth Style, Salted";"1.0000";"tablespoon (0.6 oz)";"94";"4";"8";"3";"1";"0";"1";"7";"73";"2"
"Gluten Free";"Free of foods with gluten, including wheat, wheat-based products, barley, rye, and malt.";"2000";"Lunch";"13:00:00";"Shrimp, cooked with moist heat";"2.0000";"serving (3 oz)";"168";"36";"2";"0";"0";"332";"0";"66";"381";"0"
"Gluten Free";"Free of foods with gluten, including wheat, wheat-based products, barley, rye, and malt.";"2000";"Lunch";"13:00:00";"Quinoa, cooked";"2.0000";"serving, 1/2 cup (3.7 oz)";"252";"9";"4";"45";"";"0";"6";"36";"15";""
"Gluten Free";"Free of foods with gluten, including wheat, wheat-based products, barley, rye, and malt.";"2000";"Lunch";"13:00:00";"Stir-Fry Vegetables, Asparagus";"1.0000";"cup (3 oz)";"33";"1";"0";"6";"2";"0";"1";"11";"12";"0"
"Gluten Free";"Free of foods with gluten, including wheat, wheat-based products, barley, rye, and malt.";"2000";"Lunch";"13:00:00";"Carrots, boiled";".5000";"cup, slices (5.5 oz)";"27";"1";"0";"6";"3";"0";"2";"23";"45";"0"
"Gluten Free";"Free of foods with gluten, including wheat, wheat-based products, barley, rye, and malt.";"2000";"Lunch";"13:00:00";"Corn, Sweet, Yellow, whole kernel, drained";".2500";"cup (5.8 oz)";"33";"1";"0";"8";"1";"0";"1";"2";"88";"0"
"Gluten Free";"Free of foods with gluten, including wheat, wheat-based products, barley, rye, and malt.";"2000";"Afternoon Snack";"17:00:00";"dotFIT First String  Vanilla";".5000";"2 Scoops (73.5 grams)";"145";"11";"2";"22";"1";"30";"1";"88";"85";"0"
"Gluten Free";"Free of foods with gluten, including wheat, wheat-based products, barley, rye, and malt.";"2000";"Afternoon Snack";"17:00:00";"Bananas, raw";"1.0000";"extra small, less than 6" long (2.9 oz)";"72";"1";"0";"19";"10";"0";"2";"4";"1";"0"
"Gluten Free";"Free of foods with gluten, including wheat, wheat-based products, barley, rye, and malt.";"2000";"Dinner";"19:00:00";"Salmon, Atlantic, cooked with dry heat";"1.5000";"serving (4 oz)";"349";"37";"21";"0";"";"107";"0";"25";"103";"4"
"Gluten Free";"Free of foods with gluten, including wheat, wheat-based products, barley, rye, and malt.";"2000";"Dinner";"19:00:00";"Sweet Potato, boiled, without skin";"1.0000";"medium (5.3 oz)";"115";"2";"0";"27";"9";"0";"4";"41";"41";"0"
"Gluten Free";"Free of foods with gluten, including wheat, wheat-based products, barley, rye, and malt.";"2000";"Dinner";"19:00:00";"Regular, Salted";"1.0000";"pat, 1" sq x 1/3" high (0.2 oz)";"36";"0";"4";"0";"0";"11";"0";"1";"29";"3"
"Gluten Free";"Free of foods with gluten, including wheat, wheat-based products, barley, rye, and malt.";"2000";"Dinner";"19:00:00";"Broccoli, Baby Florets, All Natural, Steam Supreme";"1.0000";"cup (3 oz)";"30";"2";"0";"4";"1";"0";"2";"";"5";"0"
"Gluten free";"Free of foods with gluten, including wheat, wheat-based products, barley, rye, and malt.";"2250";"Breakfast";"07:00:00";"Oats, Steel Cut, Gluten-Free";"1.0000";"serving, 1/4 cup (1.6 oz)";"170";"7";"3";"29";"0";"0";"5";"20";"0";"1"
"Gluten free";"Free of foods with gluten, including wheat, wheat-based products, barley, rye, and malt.";"2250";"Breakfast";"07:00:00";"Scrambled Eggs, 2 large eggs w. 1 tbsp non-fat milk, no added fat";"1.5000";"meal";"231";"20";"15";"2";"2";"636";"0";"";"222";"5"
"Gluten free";"Free of foods with gluten, including wheat, wheat-based products, barley, rye, and malt.";"2250";"Breakfast";"07:00:00";"Blueberries, raw";".5000";"cup (5.1 oz)";"41";"1";"0";"11";"7";"0";"2";"4";"1";"0"
"Gluten free";"Free of foods with gluten, including wheat, wheat-based products, barley, rye, and malt.";"2250";"Breakfast";"07:00:00";"Honey";"1.0000";"packet (0.5 oz)";"43";"0";"0";"12";"11";"0";"0";"1";"1";"0"
"Gluten free";"Free of foods with gluten, including wheat, wheat-based products, barley, rye, and malt.";"2250";"Morning Snack";"10:00:00";"Cinnamon Raisin, Gluten-Free";"1.0000";"bagel (3.5 oz)";"280";"6";"8";"45";"8";"0";"3";"40";"450";"1"
"Gluten free";"Free of foods with gluten, including wheat, wheat-based products, barley, rye, and malt.";"2250";"Morning Snack";"10:00:00";"Cream Cheese, Plain";".5000";"serving (2 oz)";"95";"2";"10";"1";"1";"30";"0";"20";"100";"7"
"Gluten free";"Free of foods with gluten, including wheat, wheat-based products, barley, rye, and malt.";"2250";"Morning Snack";"10:00:00";"Turkey Ham, Extra Lean";"1.0000";"serving, 2 slices (2 oz)";"71";"11";"2";"2";"0";"38";"0";"3";"592";"1"
"Gluten free";"Free of foods with gluten, including wheat, wheat-based products, barley, rye, and malt.";"2250";"Lunch";"13:00:00";"Breast, without skin, roasted";"1.5000";"portion (4 oz)";"280";"53";"6";"0";"0";"144";"0";"25";"125";"2"
"Gluten free";"Free of foods with gluten, including wheat, wheat-based products, barley, rye, and malt.";"2250";"Lunch";"13:00:00";"Corn, Sweet, White, kernels on cob, boiled, drained, without salt";"1.0000";"cup, kernels (5.8 oz)";"155";"5";"1";"37";"";"0";"3";"5";"7";"0"
"Gluten free";"Free of foods with gluten, including wheat, wheat-based products, barley, rye, and malt.";"2250";"Lunch";"13:00:00";"Broccoli, boiled";"1.0000";"cup, chopped (5.5 oz)";"55";"4";"1";"11";"2";"0";"5";"62";"64";"0"
"Gluten free";"Free of foods with gluten, including wheat, wheat-based products, barley, rye, and malt.";"2250";"Lunch";"13:00:00";"Grapes, Red or Green (European type), raw";"1.0000";"cup (5.3 oz)";"104";"1";"0";"27";"23";"0";"1";"15";"3";"0"
"Gluten free";"Free of foods with gluten, including wheat, wheat-based products, barley, rye, and malt.";"2250";"Afternoon Snack";"17:00:00";"dotFIT First String - Chocolate";"1.0000";"2 Scoops (75.1 grams)";"295";"21";"3";"46";"2";"60";"3";"150";"225";"1"
"Gluten free";"Free of foods with gluten, including wheat, wheat-based products, barley, rye, and malt.";"2250";"Afternoon Snack";"17:00:00";"Low-Fat (1% fat)";"1.0000";"cup (8 fl.oz)";"105";"9";"2";"12";"";"10";"0";"314";"127";"1"
"Gluten free";"Free of foods with gluten, including wheat, wheat-based products, barley, rye, and malt.";"2250";"Dinner";"19:00:00";"Organic, Turkey Burgers";"1.0000";"burger (4 oz)";"190";"22";"11";"0";"0";"75";"0";"20";"70";"3"
"Gluten free";"Free of foods with gluten, including wheat, wheat-based products, barley, rye, and malt.";"2250";"Dinner";"19:00:00";"Sweet Potato, baked (in skin)";"1.0000";"medium, 2" dia, 5" long (4 oz)";"103";"2";"0";"24";"10";"0";"4";"43";"41";"0"
"Gluten free";"Free of foods with gluten, including wheat, wheat-based products, barley, rye, and malt.";"2250";"Dinner";"19:00:00";"Steamfresh, Broccoli, Cauliflower & Carrots";"1.0000";"cup (4 oz)";"45";"2";"0";"7";"4";"0";"3";"40";"50";"0"
"Gluten Free";"Free of foods with gluten, including wheat, wheat-based products, barley, rye, and malt.";"2500";"Breakfast";"07:00:00";"Scrambled Eggs, 2 large eggs w. 1 tbsp non-fat milk, no added fat";"1.0000";"meal";"154";"14";"10";"2";"2";"424";"0";"";"148";"3"
"Gluten Free";"Free of foods with gluten, including wheat, wheat-based products, barley, rye, and malt.";"2500";"Breakfast";"07:00:00";"Tortilla, Gluten-Free";"1.0000";"tortilla (1.5 oz)";"120";"1";"1";"24";"0";"0";"1";"0";"300";"0"
"Gluten Free";"Free of foods with gluten, including wheat, wheat-based products, barley, rye, and malt.";"2500";"Breakfast";"07:00:00";"Spinach, raw";"1.0000";"cup (1.1 oz)";"7";"1";"0";"1";"0";"0";"1";"30";"24";"0"
"Gluten Free";"Free of foods with gluten, including wheat, wheat-based products, barley, rye, and malt.";"2500";"Breakfast";"07:00:00";"Tomatoes, Red, ripe, raw";"1.0000";"slice, 0.25" thick (0.7 oz)";"4";"0";"0";"1";"1";"0";"0";"2";"1";"0"
"Gluten Free";"Free of foods with gluten, including wheat, wheat-based products, barley, rye, and malt.";"2500";"Breakfast";"07:00:00";"Bacon, Organic, Turkey, Uncured, Sliced";"2.0000";"slice (1 oz)";"70";"12";"3";"0";"";"50";"0";"0";"400";"0"
"Gluten Free";"Free of foods with gluten, including wheat, wheat-based products, barley, rye, and malt.";"2500";"Breakfast";"07:00:00";"Orange, fresh";"1.0000";"regular glass (8 fl.oz)";"112";"2";"0";"26";"21";"0";"0";"27";"2";"0"
"Gluten Free";"Free of foods with gluten, including wheat, wheat-based products, barley, rye, and malt.";"2500";"Morning Snack";"10:00:00";"Cinnamon Raisin, Gluten-Free";"1.0000";"bagel (3.5 oz)";"280";"6";"8";"45";"8";"0";"3";"40";"450";"1"
"Gluten Free";"Free of foods with gluten, including wheat, wheat-based products, barley, rye, and malt.";"2500";"Morning Snack";"10:00:00";"Cream Cheese, Raspberry";"1.0000";"serving (2 oz)";"100";"3";"8";"8";"6";"25";"0";"40";"200";"5"
"Gluten Free";"Free of foods with gluten, including wheat, wheat-based products, barley, rye, and malt.";"2500";"Morning Snack";"10:00:00";"dotFIT WheySmooth - Chocolate Crème";"1.0000";"1 scoop (42g)";"160";"25";"3";"7";"2";"60";"0";"200";"220";"1"
"Gluten Free";"Free of foods with gluten, including wheat, wheat-based products, barley, rye, and malt.";"2500";"Lunch";"13:00:00";"Ketchup (Catsup)";"1.0000";"tablespoon (0.5 oz)";"15";"0";"0";"4";"3";"0";"0";"3";"167";"0"
"Gluten Free";"Free of foods with gluten, including wheat, wheat-based products, barley, rye, and malt.";"2500";"Lunch";"13:00:00";"Organic, Turkey Burgers";"1.0000";"burger (4 oz)";"190";"22";"11";"0";"0";"75";"0";"20";"70";"3"
"Gluten Free";"Free of foods with gluten, including wheat, wheat-based products, barley, rye, and malt.";"2500";"Lunch";"13:00:00";"Bread, Udi's Gluten Free Bun";"1.0000";"bun (3.2 oz)";"250";"6";"7";"43";"6";"0";"5";"";"480";"1"
"Gluten Free";"Free of foods with gluten, including wheat, wheat-based products, barley, rye, and malt.";"2500";"Lunch";"13:00:00";"Lettuce, Iceberg, raw";"1.0000";"leaf, small (0.2 oz)";"1";"0";"0";"0";"0";"0";"0";"1";"1";"0"
"Gluten Free";"Free of foods with gluten, including wheat, wheat-based products, barley, rye, and malt.";"2500";"Lunch";"13:00:00";"Tomatoes, Red, ripe, raw";"1.0000";"slice, thin/small (0.5 oz)";"3";"0";"0";"1";"0";"0";"0";"2";"1";"0"
"Gluten Free";"Free of foods with gluten, including wheat, wheat-based products, barley, rye, and malt.";"2500";"Lunch";"13:00:00";"Mustard, Yellow, prepared";"3.0000";"teaspoon (0.2 oz)";"10";"1";"1";"1";"0";"0";"0";"9";"170";"0"
"Gluten Free";"Free of foods with gluten, including wheat, wheat-based products, barley, rye, and malt.";"2500";"Lunch";"13:00:00";"Black Beans, Seasoned";"1.0000";"half cup (4.5 oz)";"200";"12";"1";"37";"1";"0";"15";"";"380";"0"
"Gluten Free";"Free of foods with gluten, including wheat, wheat-based products, barley, rye, and malt.";"2500";"Afternoon Snack";"17:00:00";"Greek, Strawberry, No-Fat";"1.0000";"container (5.3 oz)";"120";"11";"0";"17";"10";"5";"0";"150";"40";"0"
"Gluten Free";"Free of foods with gluten, including wheat, wheat-based products, barley, rye, and malt.";"2500";"Afternoon Snack";"17:00:00";"Bananas, raw";"1.0000";"medium, 7" to 7-7/8" long (4.2 oz)";"105";"1";"0";"27";"14";"0";"3";"6";"1";"0"
"Gluten Free";"Free of foods with gluten, including wheat, wheat-based products, barley, rye, and malt.";"2500";"Afternoon Snack";"17:00:00";"Peanut Butter, Smooth Style, Salted";"1.0000";"tablespoon (0.6 oz)";"94";"4";"8";"3";"1";"0";"1";"7";"73";"2"
"Gluten Free";"Free of foods with gluten, including wheat, wheat-based products, barley, rye, and malt.";"2500";"Dinner";"19:00:00";"Top Loin Steak (New York Strip), lean only, broiled";"1.5000";"serving (4 oz)";"292";"50";"9";"0";"0";"86";"0";"36";"105";"3"
"Gluten Free";"Free of foods with gluten, including wheat, wheat-based products, barley, rye, and malt.";"2500";"Dinner";"19:00:00";"Quinoa, cooked";"1.0000";"serving, 1/2 cup (3.7 oz)";"126";"5";"2";"22";"";"0";"3";"18";"7";""
"Gluten Free";"Free of foods with gluten, including wheat, wheat-based products, barley, rye, and malt.";"2500";"Dinner";"19:00:00";"Peas & Carrots, without salt added, solids & liquids";"1.0000";"cup (9 oz)";"97";"6";"1";"22";"7";"0";"8";"59";"10";"0"
"Gluten Free";"Free of foods with gluten, including wheat, wheat-based products, barley, rye, and malt.";"2750";"Breakfast";"07:00:00";"Scrambled Eggs, 2 large eggs w. 1 tbsp non-fat milk, no added fat";"1.0000";"meal";"154";"14";"10";"2";"2";"424";"0";"";"148";"3"
"Gluten Free";"Free of foods with gluten, including wheat, wheat-based products, barley, rye, and malt.";"2750";"Breakfast";"07:00:00";"Blueberry, Gluten Free, dry";"1.0000";"muffin, dry mix (1.1 oz)";"95";"1";"0";"25";"12";"0";"3";"10";"131";"0"
"Gluten Free";"Free of foods with gluten, including wheat, wheat-based products, barley, rye, and malt.";"2750";"Breakfast";"07:00:00";"Bacon, Organic, Turkey, Uncured, Sliced";"2.0000";"slice (1 oz)";"70";"12";"3";"0";"";"50";"0";"0";"400";"0"
"Gluten Free";"Free of foods with gluten, including wheat, wheat-based products, barley, rye, and malt.";"2750";"Breakfast";"07:00:00";"Bananas, raw";"1.0000";"medium, 7" to 7-7/8" long (4.2 oz)";"105";"1";"0";"27";"14";"0";"3";"6";"1";"0"
"Gluten Free";"Free of foods with gluten, including wheat, wheat-based products, barley, rye, and malt.";"2750";"Breakfast";"07:00:00";"Ground Coffee";"8.0000";"fl.oz (1 oz)";"2";"0";"0";"0";"0";"0";"0";"5";"5";"0"
"Gluten Free";"Free of foods with gluten, including wheat, wheat-based products, barley, rye, and malt.";"2750";"Breakfast";"07:00:00";"Almond Milk";"1.0000";"oz (1 oz)";"7";"0";"0";"1";"1";"0";"0";"24";"18";"0"
"Gluten Free";"Free of foods with gluten, including wheat, wheat-based products, barley, rye, and malt.";"2750";"Morning Snack";"10:00:00";"Oats, Steel Cut, Gluten-Free";"2.0000";"serving, 1/4 cup (1.6 oz)";"340";"14";"6";"58";"0";"0";"10";"40";"0";"1"
"Gluten Free";"Free of foods with gluten, including wheat, wheat-based products, barley, rye, and malt.";"2750";"Morning Snack";"10:00:00";"Honey";"1.0000";"tablespoon (0.7 oz)";"64";"0";"0";"17";"17";"0";"0";"1";"1";"0"
"Gluten Free";"Free of foods with gluten, including wheat, wheat-based products, barley, rye, and malt.";"2750";"Morning Snack";"10:00:00";"Peanut Butter, Smooth Style, Salted";"1.0000";"tablespoon (0.6 oz)";"94";"4";"8";"3";"1";"0";"1";"7";"73";"2"
"Gluten Free";"Free of foods with gluten, including wheat, wheat-based products, barley, rye, and malt.";"2750";"Morning Snack";"10:00:00";"Raspberries, raw";".5000";"cup (4.3 oz)";"32";"1";"0";"7";"3";"0";"4";"15";"1";"0"
"Gluten Free";"Free of foods with gluten, including wheat, wheat-based products, barley, rye, and malt.";"2750";"Morning Snack";"10:00:00";"dotFIT WheySmooth – Vanilla Crème";"1.0000";"1 scoop (37.5g)";"150";"25";"2";"7";"2";"75";"0";"0";"105";"1"
"Gluten Free";"Free of foods with gluten, including wheat, wheat-based products, barley, rye, and malt.";"2750";"Lunch";"13:00:00";"Breast, without skin, roasted";"1.5000";"portion (4 oz)";"280";"53";"6";"0";"0";"144";"0";"25";"125";"2"
"Gluten Free";"Free of foods with gluten, including wheat, wheat-based products, barley, rye, and malt.";"2750";"Lunch";"13:00:00";"Potatoes, mashed, home-prepared, with whole milk & margarine";"1.0000";"cup (7.4 oz)";"237";"4";"9";"36";"3";"2";"3";"46";"699";"2"
"Gluten Free";"Free of foods with gluten, including wheat, wheat-based products, barley, rye, and malt.";"2750";"Lunch";"13:00:00";"Broccoli, Baby Florets, All Natural, Steam Supreme";"1.0000";"cup (3 oz)";"30";"2";"0";"4";"1";"0";"2";"";"5";"0"
"Gluten Free";"Free of foods with gluten, including wheat, wheat-based products, barley, rye, and malt.";"2750";"Lunch";"13:00:00";"Corn, Sweet, White, kernels on cob, boiled, drained, without salt";"1.0000";"ear, yields (2.2 oz)";"59";"2";"0";"14";"";"0";"1";"2";"3";"0"
"Gluten Free";"Free of foods with gluten, including wheat, wheat-based products, barley, rye, and malt.";"2750";"Lunch";"13:00:00";"Regular, Salted";"1.0000";"pat, 1" sq x 1/3" high (0.2 oz)";"36";"0";"4";"0";"0";"11";"0";"1";"29";"3"
"Gluten Free";"Free of foods with gluten, including wheat, wheat-based products, barley, rye, and malt.";"2750";"Afternoon Snack";"17:00:00";"Strawberries, raw";"1.0000";"cup, whole (5.1 oz)";"46";"1";"0";"11";"7";"0";"3";"23";"1";"0"
"Gluten Free";"Free of foods with gluten, including wheat, wheat-based products, barley, rye, and malt.";"2750";"Afternoon Snack";"17:00:00";"Mangos, raw";"1.0000";"cup, sliced (5.8 oz)";"99";"1";"1";"26";"23";"0";"3";"17";"2";"0"
"Gluten Free";"Free of foods with gluten, including wheat, wheat-based products, barley, rye, and malt.";"2750";"Afternoon Snack";"17:00:00";"Almond Milk";"1.5000";"cup (8.1 fl.oz)";"90";"2";"4";"12";"11";"0";"2";"300";"225";"0"
"Gluten Free";"Free of foods with gluten, including wheat, wheat-based products, barley, rye, and malt.";"2750";"Afternoon Snack";"17:00:00";"Peanut Butter, Smooth Style, Salted";"1.0000";"tablespoon (0.6 oz)";"94";"4";"8";"3";"1";"0";"1";"7";"73";"2"
"Gluten Free";"Free of foods with gluten, including wheat, wheat-based products, barley, rye, and malt.";"2750";"Afternoon Snack";"17:00:00";"dotFIT WheySmooth – Vanilla Crème";"1.0000";"1 scoop (37.5g)";"150";"25";"2";"7";"2";"75";"0";"0";"105";"1"
"Gluten Free";"Free of foods with gluten, including wheat, wheat-based products, barley, rye, and malt.";"2750";"Dinner";"19:00:00";"Tenderloin Steak (Filet Mignon), lean only, broiled";"1.0000";"serving (4 oz)";"202";"32";"7";"0";"0";"75";"0";"23";"67";"3"
"Gluten Free";"Free of foods with gluten, including wheat, wheat-based products, barley, rye, and malt.";"2750";"Dinner";"19:00:00";"Sweet Potato, mashed";"1.0000";"cup (9 oz)";"258";"5";"1";"59";"14";"0";"4";"77";"191";"0"
"Gluten Free";"Free of foods with gluten, including wheat, wheat-based products, barley, rye, and malt.";"2750";"Dinner";"19:00:00";"Small Plate, Parmesan Roasted Asparagus, without sauce";"1.0000";"serving";"70";"3";"5";"5";"";"";"2";"";"203";"1"
"Gluten free";"Free of foods with gluten, including wheat, wheat-based products, barley, rye, and malt.";"3000";"Breakfast";"07:00:00";"Scrambled Eggs, 2 large eggs w. 1 tbsp milk and 1 tsp fat";"1.0000";"meal";"197";"14";"15";"2";"2";"426";"0";"";"146";"4"
"Gluten free";"Free of foods with gluten, including wheat, wheat-based products, barley, rye, and malt.";"3000";"Breakfast";"07:00:00";"Wheat Free & Gluten Free, Buckwheat, with Berries, frozen";"2.0000";"waffle (1.5 oz)";"240";"2";"7";"42";"6";"0";"3";"40";"370";"1"
"Gluten free";"Free of foods with gluten, including wheat, wheat-based products, barley, rye, and malt.";"3000";"Breakfast";"07:00:00";"Maple";"2.0000";"tablespoon (0.7 oz)";"104";"0";"0";"27";"24";"0";"0";"27";"4";"0"
"Gluten free";"Free of foods with gluten, including wheat, wheat-based products, barley, rye, and malt.";"3000";"Breakfast";"07:00:00";"Bacon, Organic, Turkey, Uncured, Sliced";"3.0000";"slice (1 oz)";"105";"18";"5";"0";"";"75";"0";"0";"600";"0"
"Gluten free";"Free of foods with gluten, including wheat, wheat-based products, barley, rye, and malt.";"3000";"Breakfast";"07:00:00";"Brewed w. 2 Tbsp 2% milk";"1.0000";"cup (8 fl.oz)";"18";"1";"1";"1";"1";"2";"0";"";"17";"0"
"Gluten free";"Free of foods with gluten, including wheat, wheat-based products, barley, rye, and malt.";"3000";"Morning Snack";"10:00:00";"Flax Seed Meal, Organic";"1.0000";"serving, 2 tablespoons (0.5 oz)";"80";"3";"5";"5";"0";"0";"4";"40";"0";"1"
"Gluten free";"Free of foods with gluten, including wheat, wheat-based products, barley, rye, and malt.";"3000";"Morning Snack";"10:00:00";"Oats, Steel Cut, Gluten-Free";"2.0000";"serving, 1/4 cup (1.6 oz)";"340";"14";"6";"58";"0";"0";"10";"40";"0";"1"
"Gluten free";"Free of foods with gluten, including wheat, wheat-based products, barley, rye, and malt.";"3000";"Morning Snack";"10:00:00";"Blueberries, raw";".5000";"cup (5.1 oz)";"41";"1";"0";"11";"7";"0";"2";"4";"1";"0"
"Gluten free";"Free of foods with gluten, including wheat, wheat-based products, barley, rye, and malt.";"3000";"Morning Snack";"10:00:00";"Honey";"1.0000";"packet (0.5 oz)";"43";"0";"0";"12";"11";"0";"0";"1";"1";"0"
"Gluten free";"Free of foods with gluten, including wheat, wheat-based products, barley, rye, and malt.";"3000";"Morning Snack";"10:00:00";"Cinnamon, ground";"1.0000";"teaspoon (0.1 oz)";"6";"0";"0";"2";"0";"0";"1";"28";"1";"0"
"Gluten free";"Free of foods with gluten, including wheat, wheat-based products, barley, rye, and malt.";"3000";"Lunch";"13:00:00";"Shrimp, cooked with moist heat";"2.0000";"serving (3 oz)";"168";"36";"2";"0";"0";"332";"0";"66";"381";"0"
"Gluten free";"Free of foods with gluten, including wheat, wheat-based products, barley, rye, and malt.";"3000";"Lunch";"13:00:00";"Gluten Free Rice, Angel Hair, Fettuccine, Penne, Spaghetti Style or Spiral, dry";"2.0000";"serving, 1/4 package (2 oz)";"420";"8";"1";"92";"0";"0";"1";"80";"30";"0"
"Gluten free";"Free of foods with gluten, including wheat, wheat-based products, barley, rye, and malt.";"3000";"Lunch";"13:00:00";"Tomato Basil, Light in Sodium";"1.0000";"cup (8 fl.oz)";"180";"4";"9";"22";"12";"0";"4";"40";"580";"1"
"Gluten free";"Free of foods with gluten, including wheat, wheat-based products, barley, rye, and malt.";"3000";"Afternoon Snack";"17:00:00";"Grapes, Red or Green (European type), raw";"1.0000";"cup (5.3 oz)";"104";"1";"0";"27";"23";"0";"1";"15";"3";"0"
"Gluten free";"Free of foods with gluten, including wheat, wheat-based products, barley, rye, and malt.";"3000";"Afternoon Snack";"17:00:00";"dotFIT WheySmooth - Chocolate Crème";"1.0000";"1 scoop (42g)";"160";"25";"3";"7";"2";"60";"0";"200";"220";"1"
"Gluten free";"Free of foods with gluten, including wheat, wheat-based products, barley, rye, and malt.";"3000";"Afternoon Snack";"17:00:00";"Reduced-Fat (2% fat)";"1.0000";"cup (8 fl.oz)";"122";"8";"5";"12";"12";"20";"0";"285";"100";"3"
"Gluten free";"Free of foods with gluten, including wheat, wheat-based products, barley, rye, and malt.";"3000";"Dinner";"19:00:00";"Breast, without skin, roasted";"2.0000";"portion (4 oz)";"373";"70";"8";"0";"0";"192";"0";"34";"167";"2"
"Gluten free";"Free of foods with gluten, including wheat, wheat-based products, barley, rye, and malt.";"3000";"Dinner";"19:00:00";"Potatoes, mashed, home-prepared, with whole milk & margarine";"1.0000";"cup (7.4 oz)";"237";"4";"9";"36";"3";"2";"3";"46";"699";"2"
"Gluten free";"Free of foods with gluten, including wheat, wheat-based products, barley, rye, and malt.";"3000";"Dinner";"19:00:00";"Broccoli, boiled";"1.0000";"cup, chopped (5.5 oz)";"55";"4";"1";"11";"2";"0";"5";"62";"64";"0"
"Gluten Free";"Free of foods with gluten, including wheat, wheat-based products, barley, rye, and malt.";"3250";"Breakfast";"07:00:00";"Scrambled Eggs, 2 large eggs w. 1 tbsp non-fat milk, no added fat";"1.0000";"meal";"154";"14";"10";"2";"2";"424";"0";"";"148";"3"
"Gluten Free";"Free of foods with gluten, including wheat, wheat-based products, barley, rye, and malt.";"3250";"Breakfast";"07:00:00";"Avocados, Californian, raw";".2500";"fruit without skin and seeds (6.1 oz)";"72";"1";"7";"4";"0";"0";"3";"6";"3";"1"
"Gluten Free";"Free of foods with gluten, including wheat, wheat-based products, barley, rye, and malt.";"3250";"Breakfast";"07:00:00";"English, Gluten-Free";"1.0000";"muffin (3.7 oz)";"250";"2";"9";"41";"4";"0";"4";"150";"360";"1"
"Gluten Free";"Free of foods with gluten, including wheat, wheat-based products, barley, rye, and malt.";"3250";"Breakfast";"07:00:00";"Orange, fresh";"1.0000";"regular glass (8 fl.oz)";"112";"2";"0";"26";"21";"0";"0";"27";"2";"0"
"Gluten Free";"Free of foods with gluten, including wheat, wheat-based products, barley, rye, and malt.";"3250";"Breakfast";"07:00:00";"Bacon, Organic, Turkey, Uncured, Sliced";"2.0000";"slice (1 oz)";"70";"12";"3";"0";"";"50";"0";"0";"400";"0"
"Gluten Free";"Free of foods with gluten, including wheat, wheat-based products, barley, rye, and malt.";"3250";"Morning Snack";"10:00:00";"AllWhites, 100% Liquid Egg Whites";"1.0000";"cup (7.9 oz)";"120";"24";"0";"4";"0";"0";"0";"0";"380";"0"
"Gluten Free";"Free of foods with gluten, including wheat, wheat-based products, barley, rye, and malt.";"3250";"Morning Snack";"10:00:00";"Apples, raw, without skin";"1.5000";"cup slices (3.9 oz)";"79";"0";"0";"21";"17";"0";"2";"8";"0";"0"
"Gluten Free";"Free of foods with gluten, including wheat, wheat-based products, barley, rye, and malt.";"3250";"Morning Snack";"10:00:00";"Hulled Hemp";"1.0000";"serving, 2 tablespoons (0.5 oz)";"90";"5";"6";"3";"0";"0";"2";"0";"0";"1"
"Gluten Free";"Free of foods with gluten, including wheat, wheat-based products, barley, rye, and malt.";"3250";"Morning Snack";"10:00:00";"Oats, Steel Cut, Gluten-Free";"2.0000";"serving, 1/4 cup (1.6 oz)";"340";"14";"6";"58";"0";"0";"10";"40";"0";"1"
"Gluten Free";"Free of foods with gluten, including wheat, wheat-based products, barley, rye, and malt.";"3250";"Morning Snack";"10:00:00";"Strawberries, raw";"1.0000";"cup, halves (5.4 oz)";"49";"1";"0";"12";"7";"0";"3";"24";"2";"0"
"Gluten Free";"Free of foods with gluten, including wheat, wheat-based products, barley, rye, and malt.";"3250";"Morning Snack";"10:00:00";"Honey";"1.0000";"tablespoon (0.7 oz)";"64";"0";"0";"17";"17";"0";"0";"1";"1";"0"
"Gluten Free";"Free of foods with gluten, including wheat, wheat-based products, barley, rye, and malt.";"3250";"Morning Snack";"10:00:00";"Cinnamon, ground";"1.0000";"teaspoon (0.1 oz)";"6";"0";"0";"2";"0";"0";"1";"28";"1";"0"
"Gluten Free";"Free of foods with gluten, including wheat, wheat-based products, barley, rye, and malt.";"3250";"Lunch";"13:00:00";"Organic, Turkey Burgers";"1.5000";"burger (4 oz)";"285";"33";"17";"0";"0";"113";"0";"30";"105";"5"
"Gluten Free";"Free of foods with gluten, including wheat, wheat-based products, barley, rye, and malt.";"3250";"Lunch";"13:00:00";"Bread, Udi's Gluten Free Bun";"1.0000";"bun (3.2 oz)";"250";"6";"7";"43";"6";"0";"5";"";"480";"1"
"Gluten Free";"Free of foods with gluten, including wheat, wheat-based products, barley, rye, and malt.";"3250";"Lunch";"13:00:00";"Lettuce, green leaf, raw";"1.0000";"leaf, inner (0.2 oz)";"1";"0";"0";"0";"0";"0";"0";"2";"1";"0"
"Gluten Free";"Free of foods with gluten, including wheat, wheat-based products, barley, rye, and malt.";"3250";"Lunch";"13:00:00";"Tomatoes, Red, ripe, raw";"1.0000";"slice, thin/small (0.5 oz)";"3";"0";"0";"1";"0";"0";"0";"2";"1";"0"
"Gluten Free";"Free of foods with gluten, including wheat, wheat-based products, barley, rye, and malt.";"3250";"Lunch";"13:00:00";"Mustard, Yellow, prepared";"1.0000";"teaspoon (0.2 oz)";"3";"0";"0";"0";"0";"0";"0";"3";"57";"0"
"Gluten Free";"Free of foods with gluten, including wheat, wheat-based products, barley, rye, and malt.";"3250";"Afternoon Snack";"17:00:00";"Organic Plain, Low-Fat";"1.0000";"serving (8 oz)";"140";"11";"3";"17";"15";"15";"0";"400";"160";"2"
"Gluten Free";"Free of foods with gluten, including wheat, wheat-based products, barley, rye, and malt.";"3250";"Afternoon Snack";"17:00:00";"Bananas, raw";".5000";"medium, 7" to 7-7/8" long (4.2 oz)";"53";"1";"0";"13";"7";"0";"2";"3";"1";"0"
"Gluten Free";"Free of foods with gluten, including wheat, wheat-based products, barley, rye, and malt.";"3250";"Afternoon Snack";"17:00:00";"Kale, raw";"1.0000";"cup, chopped (2.4 oz)";"34";"2";"0";"7";"";"0";"1";"90";"29";"0"
"Gluten Free";"Free of foods with gluten, including wheat, wheat-based products, barley, rye, and malt.";"3250";"Afternoon Snack";"17:00:00";"Pineapple, raw";".5000";"cup, diced (5.5 oz)";"39";"0";"0";"10";"8";"0";"1";"10";"1";"0"
"Gluten Free";"Free of foods with gluten, including wheat, wheat-based products, barley, rye, and malt.";"3250";"Afternoon Snack";"17:00:00";"Whey Smooth, High Protein, Vanilla Creme";"1.0000";"serving (2.3 oz)";"155";"26";"2";"7";"2";"77";"0";"155";"108";"1"
"Gluten Free";"Free of foods with gluten, including wheat, wheat-based products, barley, rye, and malt.";"3250";"Afternoon Snack";"17:00:00";"Reduced-Fat (2% fat)";"1.0000";"cup (8 fl.oz)";"122";"8";"5";"12";"12";"20";"0";"285";"100";"3"
"Gluten Free";"Free of foods with gluten, including wheat, wheat-based products, barley, rye, and malt.";"3250";"Dinner";"19:00:00";"Breast, without skin, roasted";"2.0000";"portion (4 oz)";"373";"70";"8";"0";"0";"192";"0";"34";"167";"2"
"Gluten Free";"Free of foods with gluten, including wheat, wheat-based products, barley, rye, and malt.";"3250";"Dinner";"19:00:00";"Sweet Potato, mashed";"1.0000";"cup (9 oz)";"258";"5";"1";"59";"14";"0";"4";"77";"191";"0"
"Gluten Free";"Free of foods with gluten, including wheat, wheat-based products, barley, rye, and malt.";"3250";"Dinner";"19:00:00";"Steamfresh, Broccoli & Cauliflower";"1.0000";"cup (3.4 oz)";"30";"2";"0";"4";"2";"0";"2";"30";"27";"0"
"Gluten Free";"Free of foods with gluten, including wheat, wheat-based products, barley, rye, and malt.";"3250";"Dinner";"19:00:00";"Ciabatta Parbaked Roll, Gluten-Free";"1.0000";"roll (1.8 oz)";"100";"2";"1";"21";"2";"0";"4";"20";"350";"0"
"Gluten Free";"Free of foods with gluten, including wheat, wheat-based products, barley, rye, and malt.";"3500";"Breakfast";"07:00:00";"Omelet w. 1 large egg, 1/2 oz cheese & 1/2 oz ham, cooked";"1.0000";"meal";"154";"12";"11";"1";"";"235";"0";"";"341";"5"
"Gluten Free";"Free of foods with gluten, including wheat, wheat-based products, barley, rye, and malt.";"3500";"Breakfast";"07:00:00";"Whole Grain, Gluten-Free";".5000";"bagel (3.5 oz)";"140";"4";"5";"22";"2";"0";"2";"10";"235";"1"
"Gluten Free";"Free of foods with gluten, including wheat, wheat-based products, barley, rye, and malt.";"3500";"Breakfast";"07:00:00";"Concord Grape Jelly";"1.0000";"tablespoon (0.7 oz)";"50";"0";"0";"13";"12";"0";"1";"";"5";"0"
"Gluten Free";"Free of foods with gluten, including wheat, wheat-based products, barley, rye, and malt.";"3500";"Breakfast";"07:00:00";"Orange, fresh";"1.0000";"regular glass (8 fl.oz)";"112";"2";"0";"26";"21";"0";"0";"27";"2";"0"
"Gluten Free";"Free of foods with gluten, including wheat, wheat-based products, barley, rye, and malt.";"3500";"Breakfast";"07:00:00";"Bananas, raw";"1.0000";"medium, 7" to 7-7/8" long (4.2 oz)";"105";"1";"0";"27";"14";"0";"3";"6";"1";"0"
"Gluten Free";"Free of foods with gluten, including wheat, wheat-based products, barley, rye, and malt.";"3500";"Morning Snack";"10:00:00";"Organic Fruit On The Bottom, Vanilla Nonfat";"1.0000";"container (6 oz)";"150";"7";"0";"29";"28";"5";"0";"250";"110";"0"
"Gluten Free";"Free of foods with gluten, including wheat, wheat-based products, barley, rye, and malt.";"3500";"Morning Snack";"10:00:00";"Granola, Gluten Free Selections,  Honey Almond";"1.0000";"serving, 1/4 cup (1.1 oz)";"140";"3";"5";"21";"7";"0";"2";"20";"65";"1"
"Gluten Free";"Free of foods with gluten, including wheat, wheat-based products, barley, rye, and malt.";"3500";"Morning Snack";"10:00:00";"Biscuit, Gluten-Free";"1.0000";"biscuit (1.3 oz)";"130";"4";"1";"25";"2";"0";"2";"100";"340";"0"
"Gluten Free";"Free of foods with gluten, including wheat, wheat-based products, barley, rye, and malt.";"3500";"Morning Snack";"10:00:00";"AllWhites, 100% Liquid Egg Whites";"1.0000";"cup (7.9 oz)";"120";"24";"0";"4";"0";"0";"0";"0";"380";"0"
"Gluten Free";"Free of foods with gluten, including wheat, wheat-based products, barley, rye, and malt.";"3500";"Lunch";"13:00:00";"Breast, with skin, roasted";"1.5000";"portion (4 oz)";"334";"51";"13";"0";"0";"142";"0";"24";"120";"4"
"Gluten Free";"Free of foods with gluten, including wheat, wheat-based products, barley, rye, and malt.";"3500";"Lunch";"13:00:00";"Sweet Potato, mashed";"1.0000";"cup (9 oz)";"258";"5";"1";"59";"14";"0";"4";"77";"191";"0"
"Gluten Free";"Free of foods with gluten, including wheat, wheat-based products, barley, rye, and malt.";"3500";"Lunch";"13:00:00";"Broccoli, boiled";"1.0000";"cup, chopped (5.5 oz)";"55";"4";"1";"11";"2";"0";"5";"62";"64";"0"
"Gluten Free";"Free of foods with gluten, including wheat, wheat-based products, barley, rye, and malt.";"3500";"Lunch";"13:00:00";"Corn, Sweet, Yellow, kernels on cob, boiled, drained, without salt";"1.0000";"ear, yields (2.2 oz)";"59";"2";"0";"14";"2";"0";"2";"2";"3";"0"
"Gluten Free";"Free of foods with gluten, including wheat, wheat-based products, barley, rye, and malt.";"3500";"Afternoon Snack";"17:00:00";"Hearty Whole Grain, Gluten-Free";"2.0000";"serving, 1/6 package (1.2 oz)";"260";"8";"7";"46";"6";"0";"8";"40";"340";"0"
"Gluten Free";"Free of foods with gluten, including wheat, wheat-based products, barley, rye, and malt.";"3500";"Afternoon Snack";"17:00:00";"Peanut Butter, Smooth Style, Salted";"2.0000";"tablespoon (0.6 oz)";"188";"8";"16";"6";"3";"0";"2";"14";"147";"3"
"Gluten Free";"Free of foods with gluten, including wheat, wheat-based products, barley, rye, and malt.";"3500";"Afternoon Snack";"17:00:00";"Concord Grape Jelly";"2.0000";"tablespoon (0.7 oz)";"100";"0";"0";"26";"24";"0";"2";"";"10";"0"
"Gluten Free";"Free of foods with gluten, including wheat, wheat-based products, barley, rye, and malt.";"3500";"Afternoon Snack";"17:00:00";"Pears, raw";"1.0000";"pear, medium, approx 2-1/2 per lb (5.9 oz)";"96";"1";"0";"26";"16";"0";"5";"15";"2";"0"
"Gluten Free";"Free of foods with gluten, including wheat, wheat-based products, barley, rye, and malt.";"3500";"Afternoon Snack";"17:00:00";"dotFIT WheySmooth - Chocolate Crème";"1.0000";"1 scoop (42g)";"160";"25";"3";"7";"2";"60";"0";"200";"220";"1"
"Gluten Free";"Free of foods with gluten, including wheat, wheat-based products, barley, rye, and malt.";"3500";"Afternoon Snack";"17:00:00";"Reduced-Fat (2% fat)";"1.0000";"cup (8 fl.oz)";"122";"8";"5";"12";"12";"20";"0";"285";"100";"3"
"Gluten Free";"Free of foods with gluten, including wheat, wheat-based products, barley, rye, and malt.";"3500";"Dinner";"19:00:00";"Lobster, Northern, cooked with moist heat";"1.0000";"serving, cooked (4 oz)";"111";"23";"1";"1";"0";"81";"0";"69";"429";"0"
"Gluten Free";"Free of foods with gluten, including wheat, wheat-based products, barley, rye, and malt.";"3500";"Dinner";"19:00:00";"Sweet Potato, mashed";"1.0000";"cup (9 oz)";"258";"5";"1";"59";"14";"0";"4";"77";"191";"0"
"Gluten Free";"Free of foods with gluten, including wheat, wheat-based products, barley, rye, and malt.";"3500";"Dinner";"19:00:00";"Sirloin Steak, lean only, broiled";"1.5000";"small, cooked (4 oz)";"310";"52";"10";"0";"0";"98";"0";"34";"108";"4"
"Gluten Free";"Free of foods with gluten, including wheat, wheat-based products, barley, rye, and malt.";"3500";"Dinner";"19:00:00";"Mixed vegetable tossed, without dressing";"1.0000";"serving, 3/4 cup (3.7 oz)";"17";"1";"0";"3";"";"0";"";"14";"27";"0"
"Gluten Free";"Free of foods with gluten, including wheat, wheat-based products, barley, rye, and malt.";"3500";"Dinner";"19:00:00";"Italian";"2.0000";"tablespoon (0.5 oz)";"86";"0";"8";"3";"2";"0";"0";"2";"486";"1"
"Gluten Free";"Free of foods with gluten, including wheat, wheat-based products, barley, rye, and malt.";"3750";"Breakfast";"07:00:00";"Hashbrowns";"1.0000";"serving (2.5 oz)";"190";"2";"12";"18";"0";"0";"2";"0";"210";"3"
"Gluten Free";"Free of foods with gluten, including wheat, wheat-based products, barley, rye, and malt.";"3750";"Breakfast";"07:00:00";"Salad, Fresh Fruit, Hand Cut";"1.0000";"side order (7 fl.oz)";"110";"1";"0";"29";"25";"0";"3";"";"10";"0"
"Gluten Free";"Free of foods with gluten, including wheat, wheat-based products, barley, rye, and malt.";"3750";"Breakfast";"07:00:00";"Orange, fresh";"1.0000";"regular glass (8 fl.oz)";"112";"2";"0";"26";"21";"0";"0";"27";"2";"0"
"Gluten Free";"Free of foods with gluten, including wheat, wheat-based products, barley, rye, and malt.";"3750";"Breakfast";"07:00:00";"Scrambled Eggs, 2 large eggs w. 1 tbsp non-fat milk, no added fat";"1.0000";"meal";"154";"14";"10";"2";"2";"424";"0";"";"148";"3"
"Gluten Free";"Free of foods with gluten, including wheat, wheat-based products, barley, rye, and malt.";"3750";"Breakfast";"07:00:00";"Bacon, Organic, Turkey, Uncured, Sliced";"3.0000";"slice (1 oz)";"105";"18";"5";"0";"";"75";"0";"0";"600";"0"
"Gluten Free";"Free of foods with gluten, including wheat, wheat-based products, barley, rye, and malt.";"3750";"Morning Snack";"10:00:00";"Whey Smooth, High Protein, Vanilla Creme";"1.0000";"serving (2.3 oz)";"155";"26";"2";"7";"2";"77";"0";"155";"108";"1"
"Gluten Free";"Free of foods with gluten, including wheat, wheat-based products, barley, rye, and malt.";"3750";"Morning Snack";"10:00:00";"Reduced-Fat (2% fat)";"1.0000";"cup (8 fl.oz)";"122";"8";"5";"12";"12";"20";"0";"285";"100";"3"
"Gluten Free";"Free of foods with gluten, including wheat, wheat-based products, barley, rye, and malt.";"3750";"Morning Snack";"10:00:00";"Greek, Vanilla Bean, No-Fat";"1.0000";"container (5.3 oz)";"120";"11";"0";"18";"10";"5";"0";"150";"45";"0"
"Gluten Free";"Free of foods with gluten, including wheat, wheat-based products, barley, rye, and malt.";"3750";"Morning Snack";"10:00:00";"Nut & Gluten Free Granola, Double Chocolate Crunch";"2.0000";"oz (1 oz)";"196";"3";"4";"38";"12";"0";"4";"0";"44";"2"
"Gluten Free";"Free of foods with gluten, including wheat, wheat-based products, barley, rye, and malt.";"3750";"Morning Snack";"10:00:00";"Bananas, raw";"1.0000";"medium, 7" to 7-7/8" long (4.2 oz)";"105";"1";"0";"27";"14";"0";"3";"6";"1";"0"
"Gluten Free";"Free of foods with gluten, including wheat, wheat-based products, barley, rye, and malt.";"3750";"Lunch";"13:00:00";"Breast, with skin, roasted";"1.5000";"serving, cooked (4 oz)";"259";"49";"5";"0";"";"153";"0";"25";"90";"1"
"Gluten Free";"Free of foods with gluten, including wheat, wheat-based products, barley, rye, and malt.";"3750";"Lunch";"13:00:00";"Green Beans (Snap, String), boiled";"1.0000";"cup (4.4 oz)";"44";"2";"0";"10";"2";"0";"4";"55";"1";"0"
"Gluten Free";"Free of foods with gluten, including wheat, wheat-based products, barley, rye, and malt.";"3750";"Lunch";"13:00:00";"Refried Beans, Black, Light in Sodium";"1.0000";"cup (8.1 fl.oz)";"280";"16";"6";"42";"2";"0";"12";"80";"440";"0"
"Gluten Free";"Free of foods with gluten, including wheat, wheat-based products, barley, rye, and malt.";"3750";"Lunch";"13:00:00";"Potatoes, baked, flesh & skin";"1.0000";"potato, medium, 2-1/4" to 3-1/4" dia (6.1 oz)";"161";"4";"0";"37";"2";"0";"4";"26";"17";"0"
"Gluten Free";"Free of foods with gluten, including wheat, wheat-based products, barley, rye, and malt.";"3750";"Afternoon Snack";"17:00:00";"Avocados, Californian, raw";".2500";"fruit without skin and seeds (6.1 oz)";"72";"1";"7";"4";"0";"0";"3";"6";"3";"1"
"Gluten Free";"Free of foods with gluten, including wheat, wheat-based products, barley, rye, and malt.";"3750";"Afternoon Snack";"17:00:00";"Turkey Breast";"3.0000";"slice, 3-1/2" square (0.7 oz)";"66";"11";"1";"3";"2";"27";"0";"5";"639";"0"
"Gluten Free";"Free of foods with gluten, including wheat, wheat-based products, barley, rye, and malt.";"3750";"Afternoon Snack";"17:00:00";"Hearty Whole Grain, Gluten-Free";"2.0000";"serving, 1/6 package (1.2 oz)";"260";"8";"7";"46";"6";"0";"8";"40";"340";"0"
"Gluten Free";"Free of foods with gluten, including wheat, wheat-based products, barley, rye, and malt.";"3750";"Afternoon Snack";"17:00:00";"Ham, 11% Fat, sliced";"2.0000";"slice (1 oz)";"91";"9";"5";"2";"0";"32";"1";"13";"730";"2"
"Gluten Free";"Free of foods with gluten, including wheat, wheat-based products, barley, rye, and malt.";"3750";"Afternoon Snack";"17:00:00";"Cheddar";"1.0000";"slice (1 oz)";"113";"7";"9";"0";"0";"29";"0";"202";"174";"6"
"Gluten Free";"Free of foods with gluten, including wheat, wheat-based products, barley, rye, and malt.";"3750";"Afternoon Snack";"17:00:00";"Mangos, raw";"2.0000";"cup, sliced (5.8 oz)";"198";"3";"1";"51";"45";"0";"5";"33";"3";"0"
"Gluten Free";"Free of foods with gluten, including wheat, wheat-based products, barley, rye, and malt.";"3750";"Dinner";"19:00:00";"Salmon, Atlantic, cooked with dry heat";"1.0000";"serving (4 oz)";"233";"25";"14";"0";"";"71";"0";"17";"69";"3"
"Gluten Free";"Free of foods with gluten, including wheat, wheat-based products, barley, rye, and malt.";"3750";"Dinner";"19:00:00";"Quinoa, cooked";"1.0000";"cup (6.5 oz)";"222";"8";"4";"39";"";"0";"5";"31";"13";""
"Gluten Free";"Free of foods with gluten, including wheat, wheat-based products, barley, rye, and malt.";"3750";"Dinner";"19:00:00";"Baby Brussels Sprouts & Butter Sauce";"1.0000";"serving, cup, family size package (4 oz)";"65";"3";"1";"10";"3";"5";"3";"22";"369";"1"
"Gluten Free";"Free of foods with gluten, including wheat, wheat-based products, barley, rye, and malt.";"3750";"Dinner";"19:00:00";"Classic White Roll, Gluten-Free";"1.0000";"roll (2.6 oz)";"170";"2";"5";"30";"3";"0";"5";"20";"370";"1"
"Gluten Free";"Free of foods with gluten, including wheat, wheat-based products, barley, rye, and malt.";"3750";"Dinner";"19:00:00";"Shrimp, cooked with moist heat";"2.0000";"serving (3 oz)";"168";"36";"2";"0";"0";"332";"0";"66";"381";"0"
"Gluten Free";"Free of foods with gluten, including wheat, wheat-based products, barley, rye, and malt.";"4000";"Breakfast";"07:00:00";"Bacon, Organic, Turkey, Uncured, Sliced";"4.0000";"slice (1 oz)";"140";"24";"6";"0";"";"100";"0";"0";"800";"0"
"Gluten Free";"Free of foods with gluten, including wheat, wheat-based products, barley, rye, and malt.";"4000";"Breakfast";"07:00:00";"Oranges, average all varieties, raw";"1.0000";"medium [6.3 oz as purchased, 2.6" dia] (4.6 oz)";"62";"1";"0";"15";"12";"0";"3";"52";"0";"0"
"Gluten Free";"Free of foods with gluten, including wheat, wheat-based products, barley, rye, and malt.";"4000";"Breakfast";"07:00:00";"French Toast Sticks, Cinnamon, Wheat Free/Gluten Free";"4.0000";"slice (1.4 oz)";"380";"4";"7";"78";"24";"0";"2";"600";"620";"0"
"Gluten Free";"Free of foods with gluten, including wheat, wheat-based products, barley, rye, and malt.";"4000";"Breakfast";"07:00:00";"Maple";"3.0000";"tablespoon (0.7 oz)";"157";"0";"0";"40";"36";"0";"0";"40";"5";"0"
"Gluten Free";"Free of foods with gluten, including wheat, wheat-based products, barley, rye, and malt.";"4000";"Breakfast";"07:00:00";"Scrambled Eggs, 2 large eggs w. 1 tbsp non-fat milk, no added fat";"1.0000";"meal";"154";"14";"10";"2";"2";"424";"0";"";"148";"3"
"Gluten Free";"Free of foods with gluten, including wheat, wheat-based products, barley, rye, and malt.";"4000";"Breakfast";"07:00:00";"Brewed w. 2 Tbsp 2% milk";"1.0000";"cup (8 fl.oz)";"18";"1";"1";"1";"1";"2";"0";"";"17";"0"
"Gluten Free";"Free of foods with gluten, including wheat, wheat-based products, barley, rye, and malt.";"4000";"Morning Snack";"10:00:00";"Cinnamon Raisin, Gluten-Free";"1.0000";"bagel (3.5 oz)";"280";"6";"8";"45";"8";"0";"3";"40";"450";"1"
"Gluten Free";"Free of foods with gluten, including wheat, wheat-based products, barley, rye, and malt.";"4000";"Morning Snack";"10:00:00";"Cream Cheese";"1.0000";"oz";"84";"2";"8";"1";"1";"26";"0";"20";"191";"5"
"Gluten Free";"Free of foods with gluten, including wheat, wheat-based products, barley, rye, and malt.";"4000";"Morning Snack";"10:00:00";"Grapes, Red or Green (European type), raw";"1.0000";"cup (5.3 oz)";"104";"1";"0";"27";"23";"0";"1";"15";"3";"0"
"Gluten Free";"Free of foods with gluten, including wheat, wheat-based products, barley, rye, and malt.";"4000";"Morning Snack";"10:00:00";"dotFIT WheySmooth - Chocolate Crème";"2.0000";"1 scoop (42g)";"320";"50";"6";"14";"4";"120";"0";"400";"440";"2"
"Gluten Free";"Free of foods with gluten, including wheat, wheat-based products, barley, rye, and malt.";"4000";"Morning Snack";"10:00:00";"Reduced-Fat (2% fat)";"1.0000";"cup (8 fl.oz)";"122";"8";"5";"12";"12";"20";"0";"285";"100";"3"
"Gluten Free";"Free of foods with gluten, including wheat, wheat-based products, barley, rye, and malt.";"4000";"Lunch";"13:00:00";"Cantaloupe Melons, raw";"1.0000";"cup, diced (5.5 oz)";"53";"1";"0";"14";"12";"0";"1";"14";"25";"0"
"Gluten Free";"Free of foods with gluten, including wheat, wheat-based products, barley, rye, and malt.";"4000";"Lunch";"13:00:00";"Thigh, with skin, roasted";"1.5000";"portion (4 oz)";"419";"42";"26";"0";"0";"158";"0";"20";"142";"7"
"Gluten Free";"Free of foods with gluten, including wheat, wheat-based products, barley, rye, and malt.";"4000";"Lunch";"13:00:00";"Potatoes, mashed, home-prepared, with whole milk & margarine";"1.0000";"cup (7.4 oz)";"237";"4";"9";"36";"3";"2";"3";"46";"699";"2"
"Gluten Free";"Free of foods with gluten, including wheat, wheat-based products, barley, rye, and malt.";"4000";"Lunch";"13:00:00";"Green Beans (Snap, String), boiled";"1.0000";"cup (4.4 oz)";"44";"2";"0";"10";"2";"0";"4";"55";"1";"0"
"Gluten Free";"Free of foods with gluten, including wheat, wheat-based products, barley, rye, and malt.";"4000";"Afternoon Snack";"17:00:00";"Strawberries, raw";".5000";"cup, whole (5.1 oz)";"23";"0";"0";"6";"3";"0";"1";"12";"1";"0"
"Gluten Free";"Free of foods with gluten, including wheat, wheat-based products, barley, rye, and malt.";"4000";"Afternoon Snack";"17:00:00";"Pineapple, raw";".5000";"cup, diced (5.5 oz)";"39";"0";"0";"10";"8";"0";"1";"10";"1";"0"
"Gluten Free";"Free of foods with gluten, including wheat, wheat-based products, barley, rye, and malt.";"4000";"Afternoon Snack";"17:00:00";"Chia, Raw Goodness, Gluten Free";"1.0000";"tablespoon (0.5 oz)";"85";"3";"5";"6";"0";"0";"6";"110";"3";"1"
"Gluten Free";"Free of foods with gluten, including wheat, wheat-based products, barley, rye, and malt.";"4000";"Afternoon Snack";"17:00:00";"dotFIT WheySmooth – Vanilla Crème";"2.0000";"1 scoop (37.5g)";"300";"50";"4";"14";"4";"150";"0";"0";"210";"2"
"Gluten Free";"Free of foods with gluten, including wheat, wheat-based products, barley, rye, and malt.";"4000";"Afternoon Snack";"17:00:00";"Low-Fat (1% fat)";"2.0000";"cup (8 fl.oz)";"211";"17";"5";"24";"";"20";"0";"627";"255";"3"
"Gluten Free";"Free of foods with gluten, including wheat, wheat-based products, barley, rye, and malt.";"4000";"Dinner";"19:00:00";"Shrimp, cooked with moist heat";"2.0000";"serving (3 oz)";"168";"36";"2";"0";"0";"332";"0";"66";"381";"0"
"Gluten Free";"Free of foods with gluten, including wheat, wheat-based products, barley, rye, and malt.";"4000";"Dinner";"19:00:00";"Gluten Free Rice, Angel Hair, Fettuccine, Penne, Spaghetti Style or Spiral, dry";"3.0000";"oz (1 oz)";"313";"6";"1";"69";"0";"0";"1";"60";"22";"0"
"Gluten Free";"Free of foods with gluten, including wheat, wheat-based products, barley, rye, and malt.";"4000";"Dinner";"19:00:00";"Marinara";"2.0000";"serving, 1/2 cup (4.4 oz)";"123";"4";"4";"19";"14";"5";"5";"68";"1048";"0"
"Gluten Free";"Free of foods with gluten, including wheat, wheat-based products, barley, rye, and malt.";"4000";"Dinner";"19:00:00";"Broccoli, boiled";"1.0000";"cup, chopped (5.5 oz)";"55";"4";"1";"11";"2";"0";"5";"62";"64";"0"
"Gluten Free";"Free of foods with gluten, including wheat, wheat-based products, barley, rye, and malt.";"4000";"Dinner";"19:00:00";"Cornbread, Gluten-Free";"1.0000";"serving, 1/6 package (1.2 oz)";"120";"2";"1";"28";"4";"0";"2";"60";"270";"0"
"Gluten Free";"Free of foods with gluten, including wheat, wheat-based products, barley, rye, and malt.";"4250";"Breakfast";"07:00:00";"French Toast Sticks, Cinnamon, Wheat Free/Gluten Free";"4.0000";"slice (1.4 oz)";"380";"4";"7";"78";"24";"0";"2";"600";"620";"0"
"Gluten Free";"Free of foods with gluten, including wheat, wheat-based products, barley, rye, and malt.";"4250";"Breakfast";"07:00:00";"Maple";"2.0000";"tablespoon (0.7 oz)";"104";"0";"0";"27";"24";"0";"0";"27";"4";"0"
"Gluten Free";"Free of foods with gluten, including wheat, wheat-based products, barley, rye, and malt.";"4250";"Breakfast";"07:00:00";"Scrambled Eggs, 2 large eggs w. 1 tbsp non-fat milk, no added fat";"1.0000";"meal";"154";"14";"10";"2";"2";"424";"0";"";"148";"3"
"Gluten Free";"Free of foods with gluten, including wheat, wheat-based products, barley, rye, and malt.";"4250";"Breakfast";"07:00:00";"Bacon, Organic, Turkey, Uncured, Sliced";"4.0000";"slice (1 oz)";"140";"24";"6";"0";"";"100";"0";"0";"800";"0"
"Gluten Free";"Free of foods with gluten, including wheat, wheat-based products, barley, rye, and malt.";"4250";"Breakfast";"07:00:00";"Orange, fresh";"1.0000";"regular glass (8 fl.oz)";"112";"2";"0";"26";"21";"0";"0";"27";"2";"0"
"Gluten Free";"Free of foods with gluten, including wheat, wheat-based products, barley, rye, and malt.";"4250";"Morning Snack";"10:00:00";"Salmon, Chinook, smoked (Lox)";"1.0000";"serving (4 oz)";"132";"21";"5";"0";"";"26";"0";"12";"2260";"1"
"Gluten Free";"Free of foods with gluten, including wheat, wheat-based products, barley, rye, and malt.";"4250";"Morning Snack";"10:00:00";"Cream Cheese";"2.0000";"oz";"167";"4";"16";"2";"2";"51";"0";"40";"382";"10"
"Gluten Free";"Free of foods with gluten, including wheat, wheat-based products, barley, rye, and malt.";"4250";"Morning Snack";"10:00:00";"Bananas, raw";"1.0000";"large, 8" to 8-7/8" long (4.8 oz)";"121";"1";"0";"31";"17";"0";"4";"7";"1";"0"
"Gluten Free";"Free of foods with gluten, including wheat, wheat-based products, barley, rye, and malt.";"4250";"Morning Snack";"10:00:00";"Whole Grain, Gluten-Free";"1.0000";"bagel (3.5 oz)";"280";"7";"9";"43";"4";"0";"3";"20";"470";"1"
"Gluten Free";"Free of foods with gluten, including wheat, wheat-based products, barley, rye, and malt.";"4250";"Morning Snack";"10:00:00";"dotFIT WheySmooth - Chocolate Crème";"1.0000";"1 scoop (42g)";"160";"25";"3";"7";"2";"60";"0";"200";"220";"1"
"Gluten Free";"Free of foods with gluten, including wheat, wheat-based products, barley, rye, and malt.";"4250";"Morning Snack";"10:00:00";"Low-Fat (1% fat)";"1.0000";"cup (8 fl.oz)";"105";"9";"2";"12";"";"10";"0";"314";"127";"1"
"Gluten Free";"Free of foods with gluten, including wheat, wheat-based products, barley, rye, and malt.";"4250";"Lunch";"13:00:00";"Salmon, Atlantic, cooked with dry heat";"1.5000";"serving (4 oz)";"349";"37";"21";"0";"";"107";"0";"25";"103";"4"
"Gluten Free";"Free of foods with gluten, including wheat, wheat-based products, barley, rye, and malt.";"4250";"Lunch";"13:00:00";"Sweet Potato, mashed";"1.0000";"cup (9 oz)";"258";"5";"1";"59";"14";"0";"4";"77";"191";"0"
"Gluten Free";"Free of foods with gluten, including wheat, wheat-based products, barley, rye, and malt.";"4250";"Lunch";"13:00:00";"Steamfresh, Brussels Sprouts";"2.0000";"cup (4 oz)";"148";"9";"1";"25";"8";"0";"9";"80";"55";"0"
"Gluten Free";"Free of foods with gluten, including wheat, wheat-based products, barley, rye, and malt.";"4250";"Lunch";"13:00:00";"Cornbread, Gluten-Free";"1.0000";"serving, 1/6 package (1.2 oz)";"120";"2";"1";"28";"4";"0";"2";"60";"270";"0"
"Gluten Free";"Free of foods with gluten, including wheat, wheat-based products, barley, rye, and malt.";"4250";"Afternoon Snack";"17:00:00";"Homemade Wonderful, Gluten-Free";"2.0000";"slice (1 oz)";"200";"4";"1";"44";"4";"0";"6";"40";"360";"0"
"Gluten Free";"Free of foods with gluten, including wheat, wheat-based products, barley, rye, and malt.";"4250";"Afternoon Snack";"17:00:00";"Turkey Breast";"6.0000";"slice, 3-1/2" square (0.7 oz)";"131";"22";"2";"5";"4";"54";"1";"10";"1279";"1"
"Gluten Free";"Free of foods with gluten, including wheat, wheat-based products, barley, rye, and malt.";"4250";"Afternoon Snack";"17:00:00";"Swiss";"1.0000";"slice (1 oz)";"106";"8";"8";"2";"0";"26";"0";"221";"54";"5"
"Gluten Free";"Free of foods with gluten, including wheat, wheat-based products, barley, rye, and malt.";"4250";"Afternoon Snack";"17:00:00";"Hummus, Original";"2.0000";"serving, 2 tablespoons (1 oz)";"100";"2";"6";"10";"1";"0";"1";"0";"320";"0"
"Gluten Free";"Free of foods with gluten, including wheat, wheat-based products, barley, rye, and malt.";"4250";"Afternoon Snack";"17:00:00";"Mustard, Yellow, prepared";"2.0000";"teaspoon (0.2 oz)";"7";"0";"0";"1";"0";"0";"0";"6";"114";"0"
"Gluten Free";"Free of foods with gluten, including wheat, wheat-based products, barley, rye, and malt.";"4250";"Afternoon Snack";"17:00:00";"Lettuce, green leaf, raw";"1.0000";"leaf, inner (0.2 oz)";"1";"0";"0";"0";"0";"0";"0";"2";"1";"0"
"Gluten Free";"Free of foods with gluten, including wheat, wheat-based products, barley, rye, and malt.";"4250";"Afternoon Snack";"17:00:00";"Tomatoes, Red, ripe, raw";"1.0000";"slice, thin/small (0.5 oz)";"3";"0";"0";"1";"0";"0";"0";"2";"1";"0"
"Gluten Free";"Free of foods with gluten, including wheat, wheat-based products, barley, rye, and malt.";"4250";"Afternoon Snack";"17:00:00";"Chocolate Chip, Gluten-Free";"1.0000";"dry mix (1.8 oz)";"190";"2";"2";"41";"24";"0";"2";"20";"180";"1"
"Gluten Free";"Free of foods with gluten, including wheat, wheat-based products, barley, rye, and malt.";"4250";"Dinner";"19:00:00";"Sirloin Steak, lean only, broiled";"1.5000";"small, cooked (4 oz)";"310";"52";"10";"0";"0";"98";"0";"34";"108";"4"
"Gluten Free";"Free of foods with gluten, including wheat, wheat-based products, barley, rye, and malt.";"4250";"Dinner";"19:00:00";"Potatoes, mashed, home-prepared, with whole milk & margarine";"1.0000";"cup (7.4 oz)";"237";"4";"9";"36";"3";"2";"3";"46";"699";"2"
"Gluten Free";"Free of foods with gluten, including wheat, wheat-based products, barley, rye, and malt.";"4250";"Dinner";"19:00:00";"Green Beans (Snap, String), boiled";"1.5000";"cup (4.4 oz)";"66";"4";"1";"15";"3";"0";"6";"83";"2";"0"
"Gluten Free";"Free of foods with gluten, including wheat, wheat-based products, barley, rye, and malt.";"4250";"Dinner";"19:00:00";"Shrimp, cooked with moist heat";"2.0000";"serving (3 oz)";"168";"36";"2";"0";"0";"332";"0";"66";"381";"0"
"Gluten Free";"Free of foods with gluten, including wheat, wheat-based products, barley, rye, and malt.";"4500";"Breakfast";"07:00:00";"Brewed w. 2 Tbsp 2% milk";"1.0000";"cup (8 fl.oz)";"18";"1";"1";"1";"1";"2";"0";"";"17";"0"
"Gluten Free";"Free of foods with gluten, including wheat, wheat-based products, barley, rye, and malt.";"4500";"Breakfast";"07:00:00";"Wheat Free & Gluten Free, Blueberry, frozen";"3.0000";"waffle (1.5 oz)";"345";"3";"11";"59";"8";"0";"2";"60";"570";"1"
"Gluten Free";"Free of foods with gluten, including wheat, wheat-based products, barley, rye, and malt.";"4500";"Breakfast";"07:00:00";"Maple";"3.0000";"tablespoon (0.7 oz)";"157";"0";"0";"40";"36";"0";"0";"40";"5";"0"
"Gluten Free";"Free of foods with gluten, including wheat, wheat-based products, barley, rye, and malt.";"4500";"Breakfast";"07:00:00";"Scrambled Eggs, 2 large eggs w. 1 tbsp non-fat milk, no added fat";"1.0000";"meal";"154";"14";"10";"2";"2";"424";"0";"";"148";"3"
"Gluten Free";"Free of foods with gluten, including wheat, wheat-based products, barley, rye, and malt.";"4500";"Breakfast";"07:00:00";"Bacon, Organic, Turkey, Uncured, Sliced";"3.0000";"slice (1 oz)";"105";"18";"5";"0";"";"75";"0";"0";"600";"0"
"Gluten Free";"Free of foods with gluten, including wheat, wheat-based products, barley, rye, and malt.";"4500";"Breakfast";"07:00:00";"Strawberries, raw";"1.0000";"cup, whole (5.1 oz)";"46";"1";"0";"11";"7";"0";"3";"23";"1";"0"
"Gluten Free";"Free of foods with gluten, including wheat, wheat-based products, barley, rye, and malt.";"4500";"Morning Snack";"10:00:00";"Oats, Steel Cut, Gluten-Free";"2.0000";"serving, 1/4 cup (1.6 oz)";"340";"14";"6";"58";"0";"0";"10";"40";"0";"1"
"Gluten Free";"Free of foods with gluten, including wheat, wheat-based products, barley, rye, and malt.";"4500";"Morning Snack";"10:00:00";"Greek, Vanilla Bean, No-Fat";"2.0000";"oz (1 oz)";"45";"4";"0";"7";"4";"2";"0";"57";"17";"0"
"Gluten Free";"Free of foods with gluten, including wheat, wheat-based products, barley, rye, and malt.";"4500";"Morning Snack";"10:00:00";"Pomegranate, raw";".2500";"cup, arils (6.1 oz)";"36";"1";"1";"8";"6";"0";"2";"4";"1";"0"
"Gluten Free";"Free of foods with gluten, including wheat, wheat-based products, barley, rye, and malt.";"4500";"Morning Snack";"10:00:00";"Coconut, Flakes";"1.0000";"serving, 1/4 cup (0.5 oz)";"100";"1";"10";"4";"1";"0";"2";"0";"5";"9"
"Gluten Free";"Free of foods with gluten, including wheat, wheat-based products, barley, rye, and malt.";"4500";"Morning Snack";"10:00:00";"Blueberries, raw";".2500";"cup (5.1 oz)";"21";"0";"0";"5";"4";"0";"1";"2";"0";"0"
"Gluten Free";"Free of foods with gluten, including wheat, wheat-based products, barley, rye, and malt.";"4500";"Morning Snack";"10:00:00";"Peanut Butter, Smooth Style, Salted";"2.0000";"tablespoon (0.6 oz)";"188";"8";"16";"6";"3";"0";"2";"14";"147";"3"
"Gluten Free";"Free of foods with gluten, including wheat, wheat-based products, barley, rye, and malt.";"4500";"Morning Snack";"10:00:00";"Honey";"2.0000";"packet (0.5 oz)";"85";"0";"0";"23";"23";"0";"0";"2";"1";"0"
"Gluten Free";"Free of foods with gluten, including wheat, wheat-based products, barley, rye, and malt.";"4500";"Lunch";"13:00:00";"Breast, without skin, rotisserie, with original seasoning";"1.0000";"serving (4.9 oz)";"207";"41";"5";"0";"0";"125";"0";"20";"477";"1"
"Gluten Free";"Free of foods with gluten, including wheat, wheat-based products, barley, rye, and malt.";"4500";"Lunch";"13:00:00";"Quinoa, cooked";"2.0000";"serving, 1/2 cup (3.7 oz)";"252";"9";"4";"45";"";"0";"6";"36";"15";""
"Gluten Free";"Free of foods with gluten, including wheat, wheat-based products, barley, rye, and malt.";"4500";"Lunch";"13:00:00";"Peas, Green, boiled, drained, without salt";"1.0000";"cup (5.6 oz)";"125";"8";"0";"23";"7";"0";"9";"38";"115";"0"
"Gluten Free";"Free of foods with gluten, including wheat, wheat-based products, barley, rye, and malt.";"4500";"Lunch";"13:00:00";"Cornbread, Gluten-Free";"2.0000";"serving, 1/6 package (1.2 oz)";"240";"4";"1";"56";"8";"0";"4";"120";"540";"0"
"Gluten Free";"Free of foods with gluten, including wheat, wheat-based products, barley, rye, and malt.";"4500";"Afternoon Snack";"17:00:00";"Ground, 85% Lean (15% Fat), raw";"2.0000";"portion (4 oz)";"407";"38";"28";"0";"0";"176";"0";"75";"122";"8"
"Gluten Free";"Free of foods with gluten, including wheat, wheat-based products, barley, rye, and malt.";"4500";"Afternoon Snack";"17:00:00";"Potatoes, Red, baked, flesh & skin";"1.0000";"large, 3" to 4-1/4" dia (10.5 oz)";"266";"7";"0";"59";"4";"0";"5";"27";"24";"0"
"Gluten Free";"Free of foods with gluten, including wheat, wheat-based products, barley, rye, and malt.";"4500";"Afternoon Snack";"17:00:00";"Carrots, boiled";"1.0000";"cup, slices (5.5 oz)";"55";"1";"0";"13";"5";"0";"5";"47";"90";"0"
"Gluten Free";"Free of foods with gluten, including wheat, wheat-based products, barley, rye, and malt.";"4500";"Dinner";"19:00:00";"Breast, without skin, roasted";"2.0000";"portion (4 oz)";"305";"68";"2";"0";"0";"188";"0";"27";"118";"1"
"Gluten Free";"Free of foods with gluten, including wheat, wheat-based products, barley, rye, and malt.";"4500";"Dinner";"19:00:00";"Potatoes, baked, flesh & skin";"1.0000";"potato, large, 3" to 4-1/4" dia (10.5 oz)";"278";"7";"0";"63";"4";"0";"7";"45";"30";"0"
"Gluten Free";"Free of foods with gluten, including wheat, wheat-based products, barley, rye, and malt.";"4500";"Dinner";"19:00:00";"Regular, Salted";"1.0000";"pat, 1" sq x 1/3" high (0.2 oz)";"36";"0";"4";"0";"0";"11";"0";"1";"29";"3"
"Gluten Free";"Free of foods with gluten, including wheat, wheat-based products, barley, rye, and malt.";"4500";"Dinner";"19:00:00";"Cornbread, Gluten-Free";"2.0000";"serving, 1/6 package (1.2 oz)";"240";"4";"1";"56";"8";"0";"4";"120";"540";"0"
"Gluten Free";"Free of foods with gluten, including wheat, wheat-based products, barley, rye, and malt.";"4500";"Evening Snack";"21:00:00";"dotFIT WheySmooth – Vanilla Crème";"2.0000";"1 scoop (37.5g)";"300";"50";"4";"14";"4";"150";"0";"0";"210";"2"
"Gluten Free";"Free of foods with gluten, including wheat, wheat-based products, barley, rye, and malt.";"4500";"Evening Snack";"21:00:00";"Reduced-Fat (2% fat)";"1.5000";"cup (8 fl.oz)";"183";"12";"7";"19";"19";"29";"0";"428";"150";"5"
"Gluten free";"Free of foods with gluten, including wheat, wheat-based products, barley, rye, and malt.";"4750";"Breakfast";"07:00:00";"AllWhites, Cage Free, 100% Liquid Egg Whites";"2.0000";"serving, 1/4 cup (2 oz)";"60";"12";"0";"2";"0";"0";"0";"0";"190";"0"
"Gluten free";"Free of foods with gluten, including wheat, wheat-based products, barley, rye, and malt.";"4750";"Breakfast";"07:00:00";"Caffe Latte, whole milk";"1.0000";"cup (8 fl.oz)";"136";"7";"7";"11";"10";"30";"0";"240";"104";"4"
"Gluten free";"Free of foods with gluten, including wheat, wheat-based products, barley, rye, and malt.";"4750";"Breakfast";"07:00:00";"Scrambled Eggs, 2 large eggs w. 1 tbsp milk and 1 tsp fat";"2.0000";"meal";"394";"27";"30";"3";"3";"852";"0";"";"292";"8"
"Gluten free";"Free of foods with gluten, including wheat, wheat-based products, barley, rye, and malt.";"4750";"Breakfast";"07:00:00";"Bacon, Organic, Turkey, Uncured, Sliced";"3.0000";"slice (1 oz)";"105";"18";"5";"0";"";"75";"0";"0";"600";"0"
"Gluten free";"Free of foods with gluten, including wheat, wheat-based products, barley, rye, and malt.";"4750";"Breakfast";"07:00:00";"Whole Grain, Gluten-Free";"1.0000";"bagel (3.5 oz)";"280";"7";"9";"43";"4";"0";"3";"20";"470";"1"
"Gluten free";"Free of foods with gluten, including wheat, wheat-based products, barley, rye, and malt.";"4750";"Breakfast";"07:00:00";"Avocados, Californian, raw";".5000";"fruit without skin and seeds (6.1 oz)";"144";"2";"13";"7";"0";"0";"6";"11";"7";"2"
"Gluten free";"Free of foods with gluten, including wheat, wheat-based products, barley, rye, and malt.";"4750";"Morning Snack";"10:00:00";"Oats, Steel Cut, Gluten-Free";"2.0000";"serving, 1/4 cup (1.6 oz)";"340";"14";"6";"58";"0";"0";"10";"40";"0";"1"
"Gluten free";"Free of foods with gluten, including wheat, wheat-based products, barley, rye, and malt.";"4750";"Morning Snack";"10:00:00";"Greek, Vanilla Bean, No-Fat";"2.0000";"oz (1 oz)";"45";"4";"0";"7";"4";"2";"0";"57";"17";"0"
"Gluten free";"Free of foods with gluten, including wheat, wheat-based products, barley, rye, and malt.";"4750";"Morning Snack";"10:00:00";"Strawberries, raw";".5000";"cup, whole (5.1 oz)";"23";"0";"0";"6";"3";"0";"1";"12";"1";"0"
"Gluten free";"Free of foods with gluten, including wheat, wheat-based products, barley, rye, and malt.";"4750";"Morning Snack";"10:00:00";"Blueberries, raw";".5000";"cup (5.1 oz)";"41";"1";"0";"11";"7";"0";"2";"4";"1";"0"
"Gluten free";"Free of foods with gluten, including wheat, wheat-based products, barley, rye, and malt.";"4750";"Morning Snack";"10:00:00";"Sweetened Coconut Flakes";"1.0000";"tablespoon (0.3 oz)";"40";"1";"3";"3";"3";"0";"1";"0";"18";"3"
"Gluten free";"Free of foods with gluten, including wheat, wheat-based products, barley, rye, and malt.";"4750";"Morning Snack";"10:00:00";"Honey";"2.0000";"packet (0.5 oz)";"85";"0";"0";"23";"23";"0";"0";"2";"1";"0"
"Gluten free";"Free of foods with gluten, including wheat, wheat-based products, barley, rye, and malt.";"4750";"Lunch";"13:00:00";"Italian";"1.0000";"tablespoon (0.5 oz)";"43";"0";"4";"2";"1";"0";"0";"1";"243";"1"
"Gluten free";"Free of foods with gluten, including wheat, wheat-based products, barley, rye, and malt.";"4750";"Lunch";"13:00:00";"Mixed vegetable tossed, without dressing";"1.0000";"serving, 3/4 cup (3.7 oz)";"17";"1";"0";"3";"";"0";"";"14";"27";"0"
"Gluten free";"Free of foods with gluten, including wheat, wheat-based products, barley, rye, and malt.";"4750";"Lunch";"13:00:00";"Shrimp, cooked with moist heat";"2.0000";"serving (3 oz)";"168";"36";"2";"0";"0";"332";"0";"66";"381";"0"
"Gluten free";"Free of foods with gluten, including wheat, wheat-based products, barley, rye, and malt.";"4750";"Lunch";"13:00:00";"Corn Grit/Polenta, Gluten-Free";"4.0000";"serving, 1/4 cup (1.2 oz)";"520";"12";"0";"108";"0";"0";"8";"0";"0";"0"
"Gluten free";"Free of foods with gluten, including wheat, wheat-based products, barley, rye, and malt.";"4750";"Afternoon Snack";"17:00:00";"Bananas, raw";"1.0000";"large, 8" to 8-7/8" long (4.8 oz)";"121";"1";"0";"31";"17";"0";"4";"7";"1";"0"
"Gluten free";"Free of foods with gluten, including wheat, wheat-based products, barley, rye, and malt.";"4750";"Afternoon Snack";"17:00:00";"Greek, Blueberry, No-Fat";"1.0000";"container (5.3 oz)";"120";"12";"0";"21";"10";"5";"0";"150";"45";"0"
"Gluten free";"Free of foods with gluten, including wheat, wheat-based products, barley, rye, and malt.";"4750";"Afternoon Snack";"17:00:00";"Nut & Gluten Free Granola, Cinnamon Raisin Crunch";".7500";"cup (3.7 oz)";"255";"5";"2";"53";"17";"0";"3";"0";"15";"0"
"Gluten free";"Free of foods with gluten, including wheat, wheat-based products, barley, rye, and malt.";"4750";"Afternoon Snack";"17:00:00";"Turkey Jerky, Free-Range";"4.0000";"serving (1 oz)";"400";"76";"4";"4";"";"200";"0";"";"1080";"0"
"Gluten free";"Free of foods with gluten, including wheat, wheat-based products, barley, rye, and malt.";"4750";"Dinner";"19:00:00";"Cornbread, Gluten-Free";"2.0000";"serving, 1/6 package (1.2 oz)";"240";"4";"1";"56";"8";"0";"4";"120";"540";"0"
"Gluten free";"Free of foods with gluten, including wheat, wheat-based products, barley, rye, and malt.";"4750";"Dinner";"19:00:00";"Salmon, Atlantic, cooked with dry heat";"1.5000";"serving (4 oz)";"349";"37";"21";"0";"";"107";"0";"25";"103";"4"
"Gluten free";"Free of foods with gluten, including wheat, wheat-based products, barley, rye, and malt.";"4750";"Dinner";"19:00:00";"Sweet Potato, mashed";"1.0000";"cup (9 oz)";"258";"5";"1";"59";"14";"0";"4";"77";"191";"0"
"Gluten free";"Free of foods with gluten, including wheat, wheat-based products, barley, rye, and malt.";"4750";"Dinner";"19:00:00";"Broccoli, boiled";"1.0000";"cup, chopped (5.5 oz)";"55";"4";"1";"11";"2";"0";"5";"62";"64";"0"
"Gluten free";"Free of foods with gluten, including wheat, wheat-based products, barley, rye, and malt.";"4750";"Evening Snack";"21:00:00";"dotFIT First String - Chocolate";"1.0000";"2 Scoops (75.1 grams)";"295";"21";"3";"46";"2";"60";"3";"150";"225";"1"
"Gluten free";"Free of foods with gluten, including wheat, wheat-based products, barley, rye, and malt.";"4750";"Evening Snack";"21:00:00";"Reduced-Fat (2% fat)";"2.0000";"cup (8 fl.oz)";"244";"16";"10";"25";"25";"39";"0";"571";"200";"6"
"Gluten Free";"Free of foods with gluten, including wheat, wheat-based products, barley, rye, and malt.";"5000";"Early Morning Snack";"00:00:00";"Reduced-Fat (2% fat)";"2.0000";"cup (8 fl.oz)";"244";"16";"10";"25";"25";"39";"0";"571";"200";"6"
"Gluten Free";"Free of foods with gluten, including wheat, wheat-based products, barley, rye, and malt.";"5000";"Early Morning Snack";"00:00:00";"dotFIT WheySmooth – Vanilla Crème";"1.0000";"1 scoop (37.5g)";"150";"25";"2";"7";"2";"75";"0";"0";"105";"1"
"Gluten Free";"Free of foods with gluten, including wheat, wheat-based products, barley, rye, and malt.";"5000";"Breakfast";"07:00:00";"Whole Grain, Gluten-Free";"1.0000";"bagel (3.5 oz)";"280";"7";"9";"43";"4";"0";"3";"20";"470";"1"
"Gluten Free";"Free of foods with gluten, including wheat, wheat-based products, barley, rye, and malt.";"5000";"Breakfast";"07:00:00";"Bacon, Organic, Turkey, Uncured, Sliced";"4.0000";"slice (1 oz)";"140";"24";"6";"0";"";"100";"0";"0";"800";"0"
"Gluten Free";"Free of foods with gluten, including wheat, wheat-based products, barley, rye, and malt.";"5000";"Breakfast";"07:00:00";"Avocados, Californian, raw";".2500";"fruit without skin and seeds (6.1 oz)";"72";"1";"7";"4";"0";"0";"3";"6";"3";"1"
"Gluten Free";"Free of foods with gluten, including wheat, wheat-based products, barley, rye, and malt.";"5000";"Breakfast";"07:00:00";"Caffe Latte, whole milk";"1.0000";"cup (8 fl.oz)";"136";"7";"7";"11";"10";"30";"0";"240";"104";"4"
"Gluten Free";"Free of foods with gluten, including wheat, wheat-based products, barley, rye, and malt.";"5000";"Breakfast";"07:00:00";"Grapes, Red or Green (European type), raw";"1.0000";"cup (5.3 oz)";"104";"1";"0";"27";"23";"0";"1";"15";"3";"0"
"Gluten Free";"Free of foods with gluten, including wheat, wheat-based products, barley, rye, and malt.";"5000";"Breakfast";"07:00:00";"Scrambled Eggs, 2 large eggs w. 1 tbsp non-fat milk, no added fat";"1.0000";"meal";"154";"14";"10";"2";"2";"424";"0";"";"148";"3"
"Gluten Free";"Free of foods with gluten, including wheat, wheat-based products, barley, rye, and malt.";"5000";"Morning Snack";"10:00:00";"Pudding, Tapioca";"1.0000";"serving (7 oz)";"200";"3";"3";"40";"28";"10";"0";"100";"240";"2"
"Gluten Free";"Free of foods with gluten, including wheat, wheat-based products, barley, rye, and malt.";"5000";"Morning Snack";"10:00:00";"Homemade Wonderful, Gluten-Free";"2.0000";"slice (1 oz)";"200";"4";"1";"44";"4";"0";"6";"40";"360";"0"
"Gluten Free";"Free of foods with gluten, including wheat, wheat-based products, barley, rye, and malt.";"5000";"Morning Snack";"10:00:00";"100% Natural Coconut Water";"1.0000";"container (11.2 fl.oz)";"60";"1";"0";"15";"14";"0";"0";"40";"35";"0"
"Gluten Free";"Free of foods with gluten, including wheat, wheat-based products, barley, rye, and malt.";"5000";"Morning Snack";"10:00:00";"Turkey Breast";"6.0000";"slice, 3-1/2" square (0.7 oz)";"131";"22";"2";"5";"4";"54";"1";"10";"1279";"1"
"Gluten Free";"Free of foods with gluten, including wheat, wheat-based products, barley, rye, and malt.";"5000";"Morning Snack";"10:00:00";"Cheddar";"1.0000";"slice (1 oz)";"113";"7";"9";"0";"0";"29";"0";"202";"174";"6"
"Gluten Free";"Free of foods with gluten, including wheat, wheat-based products, barley, rye, and malt.";"5000";"Morning Snack";"10:00:00";"Hummus, Original";"1.0000";"serving, 2 tablespoons (1 oz)";"50";"1";"3";"5";"1";"0";"1";"0";"160";"0"
"Gluten Free";"Free of foods with gluten, including wheat, wheat-based products, barley, rye, and malt.";"5000";"Morning Snack";"10:00:00";"Mustard, Yellow, prepared";"1.0000";"teaspoon (0.2 oz)";"3";"0";"0";"0";"0";"0";"0";"3";"57";"0"
"Gluten Free";"Free of foods with gluten, including wheat, wheat-based products, barley, rye, and malt.";"5000";"Morning Snack";"10:00:00";"Bananas, raw";"1.0000";"large, 8" to 8-7/8" long (4.8 oz)";"121";"1";"0";"31";"17";"0";"4";"7";"1";"0"
"Gluten Free";"Free of foods with gluten, including wheat, wheat-based products, barley, rye, and malt.";"5000";"Lunch";"13:00:00";"Sweet Potato, mashed";"1.0000";"cup (9 oz)";"258";"5";"1";"59";"14";"0";"4";"77";"191";"0"
"Gluten Free";"Free of foods with gluten, including wheat, wheat-based products, barley, rye, and malt.";"5000";"Lunch";"13:00:00";"100% Cranberry Pomegranate, No Sugar Added";"1.5000";"cup (8 fl.oz)";"210";"0";"0";"51";"45";"0";"";"150";"38";"0"
"Gluten Free";"Free of foods with gluten, including wheat, wheat-based products, barley, rye, and malt.";"5000";"Lunch";"13:00:00";"Breast, with skin, roasted";"1.5000";"portion (4 oz)";"334";"51";"13";"0";"0";"142";"0";"24";"120";"4"
"Gluten Free";"Free of foods with gluten, including wheat, wheat-based products, barley, rye, and malt.";"5000";"Lunch";"13:00:00";"Green Beans (Snap, String), boiled";"1.0000";"cup (4.4 oz)";"44";"2";"0";"10";"2";"0";"4";"55";"1";"0"
"Gluten Free";"Free of foods with gluten, including wheat, wheat-based products, barley, rye, and malt.";"5000";"Lunch";"13:00:00";"Regular, Salted";"1.0000";"pat, 1" sq x 1/3" high (0.2 oz)";"36";"0";"4";"0";"0";"11";"0";"1";"29";"3"
"Gluten Free";"Free of foods with gluten, including wheat, wheat-based products, barley, rye, and malt.";"5000";"Lunch";"13:00:00";"Baguette, Gluten-Free";".5000";"baguette (6.2 oz)";"200";"2";"2";"40";"2";"0";"5";"40";"440";"0"
"Gluten Free";"Free of foods with gluten, including wheat, wheat-based products, barley, rye, and malt.";"5000";"Lunch";"13:00:00";"Corn, Sweet, Yellow, kernels on cob, boiled, drained, without salt";"1.0000";"ear, yields (2.2 oz)";"59";"2";"0";"14";"2";"0";"2";"2";"3";"0"
"Gluten Free";"Free of foods with gluten, including wheat, wheat-based products, barley, rye, and malt.";"5000";"Afternoon Snack";"17:00:00";"dotFIT WheySmooth – Vanilla Crème";"1.0000";"1 scoop (37.5g)";"150";"25";"2";"7";"2";"75";"0";"0";"105";"1"
"Gluten Free";"Free of foods with gluten, including wheat, wheat-based products, barley, rye, and malt.";"5000";"Afternoon Snack";"17:00:00";"Honey";"2.0000";"packet (0.5 oz)";"85";"0";"0";"23";"23";"0";"0";"2";"1";"0"
"Gluten Free";"Free of foods with gluten, including wheat, wheat-based products, barley, rye, and malt.";"5000";"Afternoon Snack";"17:00:00";"Nut & Gluten Free Granola, Very Berry Crunch";".5000";"cup (3.7 oz)";"170";"3";"2";"35";"11";"0";"2";"0";"10";"0"
"Gluten Free";"Free of foods with gluten, including wheat, wheat-based products, barley, rye, and malt.";"5000";"Afternoon Snack";"17:00:00";"Greek, Vanilla Bean, No-Fat";"1.0000";"container (5.3 oz)";"120";"11";"0";"18";"10";"5";"0";"150";"45";"0"
"Gluten Free";"Free of foods with gluten, including wheat, wheat-based products, barley, rye, and malt.";"5000";"Afternoon Snack";"17:00:00";"Blueberry, Gluten-Free";"1.0000";"muffin (3 oz)";"240";"2";"8";"41";"24";"60";"1";"40";"190";"3"
"Gluten Free";"Free of foods with gluten, including wheat, wheat-based products, barley, rye, and malt.";"5000";"Dinner";"19:00:00";"Bison, Ribeye, lean only, broiled";"1.0000";"steak, yield from 232.8g raw meat (6.3 oz)";"317";"53";"10";"0";"0";"141";"0";"13";"93";"4"
"Gluten Free";"Free of foods with gluten, including wheat, wheat-based products, barley, rye, and malt.";"5000";"Dinner";"19:00:00";"Seafood, Scallops";"2.0000";"serving (3 oz)";"168";"32";"1";"6";"0";"58";"0";"40";"404";"0"
"Gluten Free";"Free of foods with gluten, including wheat, wheat-based products, barley, rye, and malt.";"5000";"Dinner";"19:00:00";"Pumpkin or Squash, whole, roasted, with salt added";"1.0000";"cup (2.3 oz)";"285";"12";"12";"34";"";"0";"";"35";"368";"2"
"Gluten Free";"Free of foods with gluten, including wheat, wheat-based products, barley, rye, and malt.";"5000";"Dinner";"19:00:00";"Italian";"3.0000";"tablespoon (0.5 oz)";"128";"0";"13";"5";"4";"0";"0";"3";"729";"2"
"Gluten Free";"Free of foods with gluten, including wheat, wheat-based products, barley, rye, and malt.";"5000";"Dinner";"19:00:00";"Mixed vegetable tossed, without dressing";"1.0000";"serving, 1 1/2 cups (7.3 oz)";"33";"3";"0";"7";"";"0";"";"27";"54";"0"
"Night out";"Specifically designed for those special occasions when you have a planned night out. Most of your calories are designated for your evening meal.";"1000";"Breakfast";"07:00:00";"dotFIT LeanMR Nutrition Shake - Vanilla";"1.0000";"2 scoops";"180";"20";"2";"23";"0";"10";"6";"108";"170";"0"
"Night out";"Specifically designed for those special occasions when you have a planned night out. Most of your calories are designated for your evening meal.";"1000";"Breakfast";"07:00:00";"Strawberries, raw";"1.0000";"cup, whole (5.1 oz)";"46";"1";"0";"11";"7";"0";"3";"23";"1";"0"
"Night out";"Specifically designed for those special occasions when you have a planned night out. Most of your calories are designated for your evening meal.";"1000";"Lunch";"13:00:00";"dotBAR Chocolate Peanut Butter Crunch";"1.0000";"1 Bar";"190";"12";"6";"23";"15";"0";"1";"0";"220";"3"
"Night out";"Specifically designed for those special occasions when you have a planned night out. Most of your calories are designated for your evening meal.";"1000";"Lunch";"13:00:00";"Apples, raw, with Skin";"1.0000";"small, 2-1/2" dia, approx 4 per lb (3.7 oz)";"55";"0";"0";"15";"11";"0";"3";"6";"1";"0"
"Night out";"Specifically designed for those special occasions when you have a planned night out. Most of your calories are designated for your evening meal.";"1000";"Dinner";"19:00:00";"Pasta (Spaghetti, Macaroni, Angel Hair)";"1.0000";"serving, 1/4 package (2.0 oz)";"210";"7";"1";"41";"2";"0";"1";"0";"0";"0"
"Night out";"Specifically designed for those special occasions when you have a planned night out. Most of your calories are designated for your evening meal.";"1000";"Dinner";"19:00:00";"Squash & Zucchini";"1.0000";"serving, 2 cups (3.0 oz)";"25";"2";"0";"6";"2";"0";"3";"40";"0";"0"
"Night out";"Specifically designed for those special occasions when you have a planned night out. Most of your calories are designated for your evening meal.";"1000";"Dinner";"19:00:00";"Wine: White, dry (Chablis, Hock, Reisling)";"6.0000";"fl.oz (1.0 oz)";"144";"0";"0";"7";"7";"0";"0";"0";"37";"0"
"Night out";"Specifically designed for those special occasions when you have a planned night out. Most of your calories are designated for your evening meal.";"1000";"Dinner";"19:00:00";"Lobster, cooked";"6.0000";"oz";"167";"35";"1";"2";"0";"122";"0";"104";"646";"0"
"Night out";"Specifically designed for those special occasions when you have a planned night out. Most of your calories are designated for your evening meal.";"1250";"Breakfast";"07:00:00";"dotFIT LeanMR Nutrition Shake - Vanilla";"1.0000";"2 scoops";"180";"20";"2";"23";"0";"10";"6";"108";"170";"0"
"Night out";"Specifically designed for those special occasions when you have a planned night out. Most of your calories are designated for your evening meal.";"1250";"Breakfast";"07:00:00";"Strawberries, raw";".5000";"cup, sliced (5.9 oz)";"27";"1";"0";"6";"4";"0";"2";"13";"1";"0"
"Night out";"Specifically designed for those special occasions when you have a planned night out. Most of your calories are designated for your evening meal.";"1250";"Breakfast";"07:00:00";"Blueberries, raw";".5000";"cup (5.1 oz)";"41";"1";"0";"11";"7";"0";"2";"4";"1";"0"
"Night out";"Specifically designed for those special occasions when you have a planned night out. Most of your calories are designated for your evening meal.";"1250";"Lunch";"13:00:00";"Breast, without skin, roasted";"1.0000";"portion (4 oz)";"186";"35";"4";"0";"0";"96";"0";"17";"84";"1"
"Night out";"Specifically designed for those special occasions when you have a planned night out. Most of your calories are designated for your evening meal.";"1250";"Lunch";"13:00:00";"Sweet Potato, baked (in skin)";"1.0000";"medium, 2" dia, 5" long (4 oz)";"103";"2";"0";"24";"10";"0";"4";"43";"41";"0"
"Night out";"Specifically designed for those special occasions when you have a planned night out. Most of your calories are designated for your evening meal.";"1250";"Lunch";"13:00:00";"Broccoli, raw";"1.0000";"cup, chopped (3.2 oz)";"31";"3";"0";"6";"2";"0";"2";"43";"30";"0"
"Night out";"Specifically designed for those special occasions when you have a planned night out. Most of your calories are designated for your evening meal.";"1250";"Lunch";"13:00:00";"Extra Virgin Olive Oil, 100% Italian";".5000";"tablespoon (0.5 fl.oz)";"60";"0";"7";"0";"0";"0";"0";"0";"0";"1"
"Night out";"Specifically designed for those special occasions when you have a planned night out. Most of your calories are designated for your evening meal.";"1250";"Dinner";"19:00:00";"Beer: Heineken ";"1.0000";"bottle (12.2 fl.oz)";"150";"1";"0";"12";"0";"0";"0";"0";"0";"0"
"Night out";"Specifically designed for those special occasions when you have a planned night out. Most of your calories are designated for your evening meal.";"1250";"Dinner";"19:00:00";"Chili's Grill & Bar: Guiltless Grill, Salmon";"1.0000";"serving";"480";"54";"14";"31";"0";"0";"10";"0";"1080";"3"
"Night out";"Specifically designed for those special occasions when you have a planned night out. Most of your calories are designated for your evening meal.";"1500";"Breakfast";"07:00:00";"dotFIT LeanMR Nutrition Shake - Vanilla";"1.0000";"2 scoops";"180";"20";"2";"23";"0";"10";"6";"108";"170";"0"
"Night out";"Specifically designed for those special occasions when you have a planned night out. Most of your calories are designated for your evening meal.";"1500";"Breakfast";"07:00:00";"Strawberries, raw";".5000";"cup, sliced (5.9 oz)";"27";"1";"0";"6";"4";"0";"2";"13";"1";"0"
"Night out";"Specifically designed for those special occasions when you have a planned night out. Most of your calories are designated for your evening meal.";"1500";"Breakfast";"07:00:00";"Blueberries, raw";".5000";"cup (5.1 oz)";"41";"1";"0";"11";"7";"0";"2";"4";"1";"0"
"Night out";"Specifically designed for those special occasions when you have a planned night out. Most of your calories are designated for your evening meal.";"1500";"Lunch";"13:00:00";"Breast, without skin, roasted";"3.0000";"oz";"140";"26";"3";"0";"0";"72";"0";"13";"63";"1"
"Night out";"Specifically designed for those special occasions when you have a planned night out. Most of your calories are designated for your evening meal.";"1500";"Lunch";"13:00:00";"Sweet Potato, baked (in skin)";"1.0000";"medium, 2" dia, 5" long (4 oz)";"103";"2";"0";"24";"10";"0";"4";"43";"41";"0"
"Night out";"Specifically designed for those special occasions when you have a planned night out. Most of your calories are designated for your evening meal.";"1500";"Lunch";"13:00:00";"Extra Virgin Olive Oil, 100% Italian";".5000";"tablespoon (0.5 fl.oz)";"60";"0";"7";"0";"0";"0";"0";"0";"0";"1"
"Night out";"Specifically designed for those special occasions when you have a planned night out. Most of your calories are designated for your evening meal.";"1500";"Lunch";"13:00:00";"Broccoli, boiled";".5000";"cup, chopped (5.5 oz)";"27";"2";"0";"6";"1";"0";"3";"31";"32";"0"
"Night out";"Specifically designed for those special occasions when you have a planned night out. Most of your calories are designated for your evening meal.";"1500";"Dinner";"19:00:00";"Beer: Regular (4% alc.)";"12.0000";"fl.oz (1.0 oz)";"153";"2";"0";"13";"0";"0";"0";"14";"14";"0"
"Night out";"Specifically designed for those special occasions when you have a planned night out. Most of your calories are designated for your evening meal.";"1500";"Dinner";"19:00:00";"Islands Restaurants: Northshore soft tacos, no Guacamole & Sour Cream";"1.0000";"container (19.0 oz)";"790";"63";"30";"67";"0";"155";"0";"0";"2040";"15"
"Night out";"Specifically designed for those special occasions when you have a planned night out. Most of your calories are designated for your evening meal.";"1750";"Breakfast";"07:00:00";"Strawberries, raw";".5000";"cup, sliced (5.9 oz)";"27";"1";"0";"6";"4";"0";"2";"13";"1";"0"
"Night out";"Specifically designed for those special occasions when you have a planned night out. Most of your calories are designated for your evening meal.";"1750";"Breakfast";"07:00:00";"Blueberries, raw";".5000";"cup (5.1 oz)";"41";"1";"0";"11";"7";"0";"2";"4";"1";"0"
"Night out";"Specifically designed for those special occasions when you have a planned night out. Most of your calories are designated for your evening meal.";"1750";"Breakfast";"07:00:00";"dotFIT LeanMR Nutrition Shake - Chocolate";"1.0000";"2 scoops";"180";"21";"2";"24";"0";"10";"7";"115";"140";"1"
"Night out";"Specifically designed for those special occasions when you have a planned night out. Most of your calories are designated for your evening meal.";"1750";"Lunch";"13:00:00";"Sweet Potato, baked (in skin)";"1.0000";"medium, 2" dia, 5" long (4 oz)";"103";"2";"0";"24";"10";"0";"4";"43";"41";"0"
"Night out";"Specifically designed for those special occasions when you have a planned night out. Most of your calories are designated for your evening meal.";"1750";"Lunch";"13:00:00";"Broccoli, boiled";"1.0000";"cup, chopped (5.5 oz)";"55";"4";"1";"11";"2";"0";"5";"62";"64";"0"
"Night out";"Specifically designed for those special occasions when you have a planned night out. Most of your calories are designated for your evening meal.";"1750";"Lunch";"13:00:00";"Extra Virgin Olive Oil, 100% Italian";".5000";"tablespoon (0.5 fl.oz)";"60";"0";"7";"0";"0";"0";"0";"0";"0";"1"
"Night out";"Specifically designed for those special occasions when you have a planned night out. Most of your calories are designated for your evening meal.";"1750";"Lunch";"13:00:00";"Breast, without skin, roasted";"1.0000";"portion (4 oz)";"186";"35";"4";"0";"0";"96";"0";"17";"84";"1"
"Night out";"Specifically designed for those special occasions when you have a planned night out. Most of your calories are designated for your evening meal.";"1750";"Dinner";"19:00:00";"Italian Classic, Chicken Parmesan";"1.0000";"serving";"940";"30";"57";"74";"";"";"7";"";"1330";"12"
"Night out";"Specifically designed for those special occasions when you have a planned night out. Most of your calories are designated for your evening meal.";"1750";"Dinner";"19:00:00";"Macaroni Grill: Asparagus, Grilled";"1.0000";"order";"30";"2";"1";"4";"0";"0";"2";"0";"590";"0"
"Night out";"Specifically designed for those special occasions when you have a planned night out. Most of your calories are designated for your evening meal.";"1750";"Dinner";"19:00:00";"Wine: Red, Burgundy, Cabernet";"1.0000";"serving (5.2 oz)";"129";"0";"0";"5";"5";"0";"0";"0";"18";"0"
"Night out";"Specifically designed for those special occasions when you have a planned night out. Most of your calories are designated for your evening meal.";"2000";"Breakfast";"07:00:00";"Skim Milk";"1.0000";"cup (8.6 oz)";"91";"9";"1";"12";"12";"5";"0";"316";"130";"0"
"Night out";"Specifically designed for those special occasions when you have a planned night out. Most of your calories are designated for your evening meal.";"2000";"Breakfast";"07:00:00";"Oats, Steel Cut";"1.0000";"serving, 1/4 cup (1.4 oz)";"170";"7";"3";"29";"0";"0";"5";"20";"0";"1"
"Night out";"Specifically designed for those special occasions when you have a planned night out. Most of your calories are designated for your evening meal.";"2000";"Breakfast";"07:00:00";"Blueberries, raw";".5000";"cup (5.1 oz)";"41";"1";"0";"11";"7";"0";"2";"4";"1";"0"
"Night out";"Specifically designed for those special occasions when you have a planned night out. Most of your calories are designated for your evening meal.";"2000";"Breakfast";"07:00:00";"Strawberries, raw";".5000";"cup, sliced (5.9 oz)";"27";"1";"0";"6";"4";"0";"2";"13";"1";"0"
"Night out";"Specifically designed for those special occasions when you have a planned night out. Most of your calories are designated for your evening meal.";"2000";"Lunch";"13:00:00";"Breast, without skin, roasted";"1.0000";"portion (4 oz)";"186";"35";"4";"0";"0";"96";"0";"17";"84";"1"
"Night out";"Specifically designed for those special occasions when you have a planned night out. Most of your calories are designated for your evening meal.";"2000";"Lunch";"13:00:00";"Sweet Potato, baked (in skin)";"1.0000";"medium, 2" dia, 5" long (4 oz)";"103";"2";"0";"24";"10";"0";"4";"43";"41";"0"
"Night out";"Specifically designed for those special occasions when you have a planned night out. Most of your calories are designated for your evening meal.";"2000";"Lunch";"13:00:00";"Broccoli, boiled";".5000";"cup, chopped (5.5 oz)";"27";"2";"0";"6";"1";"0";"3";"31";"32";"0"
"Night out";"Specifically designed for those special occasions when you have a planned night out. Most of your calories are designated for your evening meal.";"2000";"Lunch";"13:00:00";"Extra Virgin Olive Oil, 100% Italian";"1.0000";"tablespoon (0.5 fl.oz)";"120";"0";"14";"0";"0";"0";"0";"0";"0";"2"
"Night out";"Specifically designed for those special occasions when you have a planned night out. Most of your calories are designated for your evening meal.";"2000";"Afternoon Snack";"17:00:00";"Apples, raw, with Skin";"1.0000";"small, 2-1/2" dia, approx 4 per lb (3.7 oz)";"55";"0";"0";"15";"11";"0";"3";"6";"1";"0"
"Night out";"Specifically designed for those special occasions when you have a planned night out. Most of your calories are designated for your evening meal.";"2000";"Afternoon Snack";"17:00:00";"dotFIT WheySmooth - Chocolate Crème";"1.0000";"1 scoop (42g)";"160";"25";"3";"7";"2";"60";"0";"200";"220";"1"
"Night out";"Specifically designed for those special occasions when you have a planned night out. Most of your calories are designated for your evening meal.";"2000";"Dinner";"19:00:00";"Soups: Miso ";"1.0000";"cup, from 1 tablespoon paste (8.1 fl.oz)";"40";"2";"1";"5";"1";"0";"1";"0";"750";"0"
"Night out";"Specifically designed for those special occasions when you have a planned night out. Most of your calories are designated for your evening meal.";"2000";"Dinner";"19:00:00";"Sushi Plate, Combination (2 Sushi, 6 small rolls, 3 medium rolls)";"1.0000";"plate, 11 pieces";"400";"13";"7";"72";"0";"0";"0";"0";"0";"0"
"Night out";"Specifically designed for those special occasions when you have a planned night out. Most of your calories are designated for your evening meal.";"2000";"Dinner";"19:00:00";"Beer: Kirin Lager ";"2.0000";"glass (7.1 fl.oz)";"168";"2";"0";"12";"0";"0";"0";"0";"0";"0"
"Night out";"Specifically designed for those special occasions when you have a planned night out. Most of your calories are designated for your evening meal.";"2000";"Dinner";"19:00:00";"Soy sauce, low sodium";"1.0000";"tablespoon (0.6 oz)";"10";"1";"0";"2";"0";"0";"0";"3";"600";"0"
"Night out";"Specifically designed for those special occasions when you have a planned night out. Most of your calories are designated for your evening meal.";"2000";"Dinner";"19:00:00";"Sushi: Nigiri (Fish on Rice), average all types";"6.0000";"piece";"420";"27";"3";"72";"0";"0";"0";"0";"0";"0"
"Night out";"Specifically designed for those special occasions when you have a planned night out. Most of your calories are designated for your evening meal.";"2250";"Breakfast";"07:00:00";"Oats, Steel Cut";"1.0000";"serving, 1/4 cup (1.4 oz)";"170";"7";"3";"29";"0";"0";"5";"20";"0";"1"
"Night out";"Specifically designed for those special occasions when you have a planned night out. Most of your calories are designated for your evening meal.";"2250";"Breakfast";"07:00:00";"Soymilk, Original";"1.0000";"cup (8.1 fl.oz)";"80";"8";"3";"7";"7";"0";"0";"";"95";"0"
"Night out";"Specifically designed for those special occasions when you have a planned night out. Most of your calories are designated for your evening meal.";"2250";"Breakfast";"07:00:00";"Strawberries, raw";"1.0000";"cup, sliced (5.9 oz)";"53";"1";"0";"13";"8";"0";"3";"27";"2";"0"
"Night out";"Specifically designed for those special occasions when you have a planned night out. Most of your calories are designated for your evening meal.";"2250";"Breakfast";"07:00:00";"Blueberries, raw";"1.0000";"cup (5.1 oz)";"83";"1";"0";"21";"14";"0";"3";"9";"1";"0"
"Night out";"Specifically designed for those special occasions when you have a planned night out. Most of your calories are designated for your evening meal.";"2250";"Breakfast";"07:00:00";"dotFIT WheySmooth – Vanilla Crème";"1.0000";"1 scoop (37.5g)";"150";"25";"2";"7";"2";"75";"0";"0";"105";"1"
"Night out";"Specifically designed for those special occasions when you have a planned night out. Most of your calories are designated for your evening meal.";"2250";"Afternoon Snack";"17:00:00";"Almonds, raw";"1.0000";"serving, 23 whole kernels (1 oz)";"164";"6";"14";"6";"1";"0";"3";"70";"0";"1"
"Night out";"Specifically designed for those special occasions when you have a planned night out. Most of your calories are designated for your evening meal.";"2250";"Afternoon Snack";"17:00:00";"Apples, raw, with Skin";"1.0000";"small, 2-1/2" dia, approx 4 per lb (3.7 oz)";"55";"0";"0";"15";"11";"0";"3";"6";"1";"0"
"Night out";"Specifically designed for those special occasions when you have a planned night out. Most of your calories are designated for your evening meal.";"2250";"Afternoon Snack";"17:00:00";"dotSTICK Iced Lemon Vanilla Cream";"1.0000";"1 stick";"190";"12";"6";"26";"8";"10";"3";"95";"170";"2"
"Night out";"Specifically designed for those special occasions when you have a planned night out. Most of your calories are designated for your evening meal.";"2250";"Dinner";"19:00:00";"Texas Toast";"1.0000";"serving, 3 wedges (1.4 oz)";"144";"3";"6";"20";"2";"0";"1";"0";"267";"1"
"Night out";"Specifically designed for those special occasions when you have a planned night out. Most of your calories are designated for your evening meal.";"2250";"Dinner";"19:00:00";"Light Sour Cream";"2.0000";"tablespoon (0.5 oz)";"38";"1";"3";"2";"0";"10";"0";"39";"20";"2"
"Night out";"Specifically designed for those special occasions when you have a planned night out. Most of your calories are designated for your evening meal.";"2250";"Dinner";"19:00:00";"Baked Potato";"1.0000";"potato, large, 3" to 4-1/4" dia (10.5 oz)";"278";"7";"0";"63";"4";"0";"7";"45";"730";"0"
"Night out";"Specifically designed for those special occasions when you have a planned night out. Most of your calories are designated for your evening meal.";"2250";"Dinner";"19:00:00";"Salad, mixed vegetable tossed, no dressing";"1.0000";"serving, 1 1/2 cups (7.3 oz)";"33";"3";"0";"7";"0";"0";"0";"27";"54";"0"
"Night out";"Specifically designed for those special occasions when you have a planned night out. Most of your calories are designated for your evening meal.";"2250";"Dinner";"19:00:00";"Wine: Red, Burgundy, Cabernet";"2.0000";"serving (5.2 oz)";"258";"0";"0";"11";"11";"0";"0";"0";"36";"0"
"Night out";"Specifically designed for those special occasions when you have a planned night out. Most of your calories are designated for your evening meal.";"2250";"Dinner";"19:00:00";"Salad Dressing: Lite Italian (Ken's Steak House)";"3.0000";"serving, 2 tablespoons (1.1 oz)";"150";"0";"15";"6";"3";"0";"0";"0";"1320";"2"
"Night out";"Specifically designed for those special occasions when you have a planned night out. Most of your calories are designated for your evening meal.";"2250";"Dinner";"19:00:00";"New York Steak, Lean Only, broiled";"8.0000";"oz";"413";"66";"14";"0";"0";"145";"0";"43";"136";"5"
"Night out";"Specifically designed for those special occasions when you have a planned night out. Most of your calories are designated for your evening meal.";"2500";"Breakfast";"07:00:00";"Oats, Steel Cut";"1.0000";"serving, 1/4 cup (1.4 oz)";"170";"7";"3";"29";"0";"0";"5";"20";"0";"1"
"Night out";"Specifically designed for those special occasions when you have a planned night out. Most of your calories are designated for your evening meal.";"2500";"Breakfast";"07:00:00";"Soymilk, Original";"1.0000";"cup (8.1 fl.oz)";"80";"8";"3";"7";"7";"0";"0";"";"95";"0"
"Night out";"Specifically designed for those special occasions when you have a planned night out. Most of your calories are designated for your evening meal.";"2500";"Breakfast";"07:00:00";"Strawberries, raw";"1.0000";"cup, sliced (5.9 oz)";"53";"1";"0";"13";"8";"0";"3";"27";"2";"0"
"Night out";"Specifically designed for those special occasions when you have a planned night out. Most of your calories are designated for your evening meal.";"2500";"Breakfast";"07:00:00";"Blueberries, raw";".5000";"serving, 50 berries (2.4 oz)";"19";"0";"0";"5";"3";"0";"1";"2";"0";"0"
"Night out";"Specifically designed for those special occasions when you have a planned night out. Most of your calories are designated for your evening meal.";"2500";"Breakfast";"07:00:00";"Walnuts, English";".5000";"oz";"93";"2";"9";"2";"0";"0";"1";"14";"0";"1"
"Night out";"Specifically designed for those special occasions when you have a planned night out. Most of your calories are designated for your evening meal.";"2500";"Lunch";"13:00:00";"Extra Virgin Olive Oil, 100% Italian";".5000";"tablespoon (0.5 fl.oz)";"60";"0";"7";"0";"0";"0";"0";"0";"0";"1"
"Night out";"Specifically designed for those special occasions when you have a planned night out. Most of your calories are designated for your evening meal.";"2500";"Lunch";"13:00:00";"Sweet Potato, baked (in skin)";"1.0000";"medium, 2" dia, 5" long (4 oz)";"103";"2";"0";"24";"10";"0";"4";"43";"41";"0"
"Night out";"Specifically designed for those special occasions when you have a planned night out. Most of your calories are designated for your evening meal.";"2500";"Lunch";"13:00:00";"Breast, without skin, roasted";"5.0000";"oz (1 oz)";"234";"44";"5";"0";"0";"120";"0";"21";"105";"1"
"Night out";"Specifically designed for those special occasions when you have a planned night out. Most of your calories are designated for your evening meal.";"2500";"Lunch";"13:00:00";"Broccoli, boiled";"1.0000";"cup, chopped (5.5 oz)";"55";"4";"1";"11";"2";"0";"5";"62";"64";"0"
"Night out";"Specifically designed for those special occasions when you have a planned night out. Most of your calories are designated for your evening meal.";"2500";"Afternoon Snack";"17:00:00";"Apples, raw, with Skin";"1.0000";"large, 3-1/4" dia, approx 2 per lb (7.5 oz)";"110";"1";"0";"29";"22";"0";"5";"13";"2";"0"
"Night out";"Specifically designed for those special occasions when you have a planned night out. Most of your calories are designated for your evening meal.";"2500";"Afternoon Snack";"17:00:00";"dotFIT WheySmooth – Vanilla Crème";"1.0000";"1 scoop (37.5g)";"150";"25";"2";"7";"2";"75";"0";"0";"105";"1"
"Night out";"Specifically designed for those special occasions when you have a planned night out. Most of your calories are designated for your evening meal.";"2500";"Dinner";"19:00:00";"Macaroni Grill: Asparagus, Grilled";"1.0000";"order";"30";"2";"1";"4";"0";"0";"2";"0";"590";"0"
"Night out";"Specifically designed for those special occasions when you have a planned night out. Most of your calories are designated for your evening meal.";"2500";"Dinner";"19:00:00";"Wine: Red, Burgundy, Cabernet";"2.0000";"serving (5.2 oz)";"258";"0";"0";"11";"11";"0";"0";"0";"36";"0"
"Night out";"Specifically designed for those special occasions when you have a planned night out. Most of your calories are designated for your evening meal.";"2500";"Dinner";"19:00:00";"Macaroni Grill: Lobster Ravioli";"1.0000";"order";"1090";"36";"78";"55";"0";"0";"4";"0";"1910";"54"
"Night out";"Specifically designed for those special occasions when you have a planned night out. Most of your calories are designated for your evening meal.";"2750";"Breakfast";"07:00:00";"Trail Mix dotBAR";"1.0000";"1 bar";"190";"12";"8";"24";"10";"0";"6";"60";"280";"3"
"Night out";"Specifically designed for those special occasions when you have a planned night out. Most of your calories are designated for your evening meal.";"2750";"Breakfast";"07:00:00";"Oats, Steel Cut";"1.0000";"serving, 1/4 cup (1.4 oz)";"170";"7";"3";"29";"0";"0";"5";"20";"0";"1"
"Night out";"Specifically designed for those special occasions when you have a planned night out. Most of your calories are designated for your evening meal.";"2750";"Breakfast";"07:00:00";"Low-Fat (1% fat)";"1.0000";"cup (8 fl.oz)";"105";"9";"2";"12";"";"10";"0";"314";"127";"1"
"Night out";"Specifically designed for those special occasions when you have a planned night out. Most of your calories are designated for your evening meal.";"2750";"Breakfast";"07:00:00";"Strawberries, raw";".5000";"cup, sliced (5.9 oz)";"27";"1";"0";"6";"4";"0";"2";"13";"1";"0"
"Night out";"Specifically designed for those special occasions when you have a planned night out. Most of your calories are designated for your evening meal.";"2750";"Breakfast";"07:00:00";"Blueberries, raw";".5000";"cup (5.1 oz)";"41";"1";"0";"11";"7";"0";"2";"4";"1";"0"
"Night out";"Specifically designed for those special occasions when you have a planned night out. Most of your calories are designated for your evening meal.";"2750";"Lunch";"13:00:00";"Breast, without skin, roasted";"1.0000";"portion (4 oz)";"186";"35";"4";"0";"0";"96";"0";"17";"84";"1"
"Night out";"Specifically designed for those special occasions when you have a planned night out. Most of your calories are designated for your evening meal.";"2750";"Lunch";"13:00:00";"Sweet Potato, baked (in skin)";"1.0000";"medium, 2" dia, 5" long (4 oz)";"103";"2";"0";"24";"10";"0";"4";"43";"41";"0"
"Night out";"Specifically designed for those special occasions when you have a planned night out. Most of your calories are designated for your evening meal.";"2750";"Lunch";"13:00:00";"Broccoli, boiled";"1.0000";"cup, chopped (5.5 oz)";"55";"4";"1";"11";"2";"0";"5";"62";"64";"0"
"Night out";"Specifically designed for those special occasions when you have a planned night out. Most of your calories are designated for your evening meal.";"2750";"Lunch";"13:00:00";"Extra Virgin Olive Oil, 100% Italian";".5000";"tablespoon (0.5 fl.oz)";"60";"0";"7";"0";"0";"0";"0";"0";"0";"1"
"Night out";"Specifically designed for those special occasions when you have a planned night out. Most of your calories are designated for your evening meal.";"2750";"Afternoon Snack";"17:00:00";"dotFIT WheySmooth - Chocolate Crème";"1.0000";"1 scoop (42g)";"160";"25";"3";"7";"2";"60";"0";"200";"220";"1"
"Night out";"Specifically designed for those special occasions when you have a planned night out. Most of your calories are designated for your evening meal.";"2750";"Afternoon Snack";"17:00:00";"Almond Milk";"1.0000";"cup (8.1 fl.oz)";"60";"1";"3";"8";"7";"0";"1";"200";"150";"0"
"Night out";"Specifically designed for those special occasions when you have a planned night out. Most of your calories are designated for your evening meal.";"2750";"Dinner";"19:00:00";"Macaroni Grill: Peasant Bread";".5000";"loaf";"260";"7";"6";"45";"0";"0";"2";"0";"1070";"0"
"Night out";"Specifically designed for those special occasions when you have a planned night out. Most of your calories are designated for your evening meal.";"2750";"Dinner";"19:00:00";"Macaroni Grill: Chicken Marsala, Dinner";"1.0000";"order";"1090";"33";"66";"76";"0";"0";"4";"0";"2060";"23"
"Night out";"Specifically designed for those special occasions when you have a planned night out. Most of your calories are designated for your evening meal.";"2750";"Dinner";"19:00:00";"Wine: Red, Burgundy, Cabernet";"2.0000";"serving (5.2 oz)";"258";"0";"0";"11";"11";"0";"0";"0";"36";"0"
"Night out";"Specifically designed for those special occasions when you have a planned night out. Most of your calories are designated for your evening meal.";"3000";"Breakfast";"07:00:00";"Oats, Steel Cut";"1.0000";"serving, 1/4 cup (1.4 oz)";"170";"7";"3";"29";"0";"0";"5";"20";"0";"1"
"Night out";"Specifically designed for those special occasions when you have a planned night out. Most of your calories are designated for your evening meal.";"3000";"Breakfast";"07:00:00";"Low-Fat (1% fat)";"1.0000";"cup (8 fl.oz)";"105";"9";"2";"12";"";"10";"0";"314";"127";"1"
"Night out";"Specifically designed for those special occasions when you have a planned night out. Most of your calories are designated for your evening meal.";"3000";"Breakfast";"07:00:00";"Strawberries, raw";".5000";"cup, sliced (5.9 oz)";"27";"1";"0";"6";"4";"0";"2";"13";"1";"0"
"Night out";"Specifically designed for those special occasions when you have a planned night out. Most of your calories are designated for your evening meal.";"3000";"Breakfast";"07:00:00";"Blueberries, raw";".5000";"cup (5.1 oz)";"41";"1";"0";"11";"7";"0";"2";"4";"1";"0"
"Night out";"Specifically designed for those special occasions when you have a planned night out. Most of your calories are designated for your evening meal.";"3000";"Breakfast";"07:00:00";"dotFIT WheySmooth – Vanilla Crème";"1.0000";"1 scoop (37.5g)";"150";"25";"2";"7";"2";"75";"0";"0";"105";"1"
"Night out";"Specifically designed for those special occasions when you have a planned night out. Most of your calories are designated for your evening meal.";"3000";"Lunch";"13:00:00";"Sweet Potato, baked (in skin)";"1.0000";"large (6.3 oz)";"162";"4";"0";"37";"15";"0";"6";"68";"65";"0"
"Night out";"Specifically designed for those special occasions when you have a planned night out. Most of your calories are designated for your evening meal.";"3000";"Lunch";"13:00:00";"Breast, without skin, roasted";"1.0000";"portion (4 oz)";"186";"35";"4";"0";"0";"96";"0";"17";"84";"1"
"Night out";"Specifically designed for those special occasions when you have a planned night out. Most of your calories are designated for your evening meal.";"3000";"Lunch";"13:00:00";"Broccoli, boiled";"1.0000";"cup, chopped (5.5 oz)";"55";"4";"1";"11";"2";"0";"5";"62";"64";"0"
"Night out";"Specifically designed for those special occasions when you have a planned night out. Most of your calories are designated for your evening meal.";"3000";"Lunch";"13:00:00";"Extra Virgin Olive Oil, 100% Italian";".5000";"tablespoon (0.5 fl.oz)";"60";"0";"7";"0";"0";"0";"0";"0";"0";"1"
"Night out";"Specifically designed for those special occasions when you have a planned night out. Most of your calories are designated for your evening meal.";"3000";"Afternoon Snack";"17:00:00";"Apples, raw, with Skin";"1.0000";"medium, 2-3/4" dia, approx 3 per lb (4.9 oz)";"72";"0";"0";"19";"14";"0";"3";"8";"1";"0"
"Night out";"Specifically designed for those special occasions when you have a planned night out. Most of your calories are designated for your evening meal.";"3000";"Dinner";"19:00:00";"Chevys Fresh Mex: Fajitas, Steak, no Tortillas";"1.0000";"serving";"1066";"54";"59";"67";"16";"133";"9";"0";"1759";"22"
"Night out";"Specifically designed for those special occasions when you have a planned night out. Most of your calories are designated for your evening meal.";"3000";"Dinner";"19:00:00";"Tortillas, Flour";"3.0000";"tortilla, approx 6" dia (1.1 oz)";"281";"7";"7";"46";"2";"0";"3";"116";"572";"2"
"Night out";"Specifically designed for those special occasions when you have a planned night out. Most of your calories are designated for your evening meal.";"3000";"Dinner";"19:00:00";"Chevys Fresh Mex: Refried Beans";"1.0000";"serving";"298";"12";"15";"29";"1";"7";"9";"0";"894";"5"
"Night out";"Specifically designed for those special occasions when you have a planned night out. Most of your calories are designated for your evening meal.";"3000";"Dinner";"19:00:00";"Margarita";"2.0000";"standard cocktail";"340";"0";"0";"8";"8";"0";"0";"0";"0";"0"
"Night out";"Specifically designed for those special occasions when you have a planned night out. Most of your calories are designated for your evening meal.";"3250";"Breakfast";"07:00:00";"dotFIT WheySmooth – Vanilla Crème";"1.5000";"1 scoop (37.5g)";"225";"38";"3";"11";"3";"113";"0";"0";"158";"2"
"Night out";"Specifically designed for those special occasions when you have a planned night out. Most of your calories are designated for your evening meal.";"3250";"Breakfast";"07:00:00";"Blueberries, raw";".5000";"serving, 50 berries (2.4 oz)";"19";"0";"0";"5";"3";"0";"1";"2";"0";"0"
"Night out";"Specifically designed for those special occasions when you have a planned night out. Most of your calories are designated for your evening meal.";"3250";"Breakfast";"07:00:00";"Strawberries, raw";".5000";"cup, sliced (5.9 oz)";"27";"1";"0";"6";"4";"0";"2";"13";"1";"0"
"Night out";"Specifically designed for those special occasions when you have a planned night out. Most of your calories are designated for your evening meal.";"3250";"Lunch";"13:00:00";"Shredded, Carrots";"1.0000";"oz (1 oz)";"12";"0";"0";"3";"1";"0";"1";"7";"20";"0"
"Night out";"Specifically designed for those special occasions when you have a planned night out. Most of your calories are designated for your evening meal.";"3250";"Lunch";"13:00:00";"Tasty Greens Mix, Leafy Green Romaine";"3.0000";"cup (1.5 oz)";"23";"2";"0";"5";"2";"0";"3";"30";"15";"0"
"Night out";"Specifically designed for those special occasions when you have a planned night out. Most of your calories are designated for your evening meal.";"3250";"Lunch";"13:00:00";"Breast, without skin, roasted";"1.0000";"portion (4 oz)";"186";"35";"4";"0";"0";"96";"0";"17";"84";"1"
"Night out";"Specifically designed for those special occasions when you have a planned night out. Most of your calories are designated for your evening meal.";"3250";"Lunch";"13:00:00";"Natural, Balsamic Vinaigrette";"1.0000";"serving, 2 tablespoons (1.1 oz)";"100";"0";"10";"2";"2";"";"";"";"55";"1"
"Night out";"Specifically designed for those special occasions when you have a planned night out. Most of your calories are designated for your evening meal.";"3250";"Lunch";"13:00:00";"Tomatoes, Red, ripe, raw";"6.0000";"cherry (0.6 oz)";"18";"1";"0";"4";"3";"0";"1";"10";"5";"0"
"Night out";"Specifically designed for those special occasions when you have a planned night out. Most of your calories are designated for your evening meal.";"3250";"Lunch";"13:00:00";"Cucumber, with Peel, raw";"1.0000";"oz";"4";"0";"0";"1";"0";"0";"0";"5";"1";"0"
"Night out";"Specifically designed for those special occasions when you have a planned night out. Most of your calories are designated for your evening meal.";"3250";"Afternoon Snack";"17:00:00";"Apples, raw, with Skin";"1.0000";"large, 3-1/4" dia, approx 2 per lb (7.5 oz)";"110";"1";"0";"29";"22";"0";"5";"13";"2";"0"
"Night out";"Specifically designed for those special occasions when you have a planned night out. Most of your calories are designated for your evening meal.";"3250";"Afternoon Snack";"17:00:00";"dotSTICK Iced Lemon Vanilla Cream";"1.0000";"1 stick";"190";"12";"6";"26";"8";"10";"3";"95";"170";"2"
"Night out";"Specifically designed for those special occasions when you have a planned night out. Most of your calories are designated for your evening meal.";"3250";"Dinner";"19:00:00";"P.F. Chang's: Apple Pie, mini";"1.0000";"serving";"170";"1";"4";"34";"0";"0";"1";"0";"0";"2"
"Night out";"Specifically designed for those special occasions when you have a planned night out. Most of your calories are designated for your evening meal.";"3250";"Dinner";"19:00:00";"P.F. Chang's: Seared Ahi Tuna w. Spicy Mustard, appetizer";"1.0000";"whole dish";"312";"31";"11";"21";"0";"0";"0";"0";"0";"1"
"Night out";"Specifically designed for those special occasions when you have a planned night out. Most of your calories are designated for your evening meal.";"3250";"Dinner";"19:00:00";"P.F. Chang's: Kung Pao Chicken";"1.0000";"whole dish";"1240";"74";"80";"58";"0";"0";"0";"0";"0";"10"
"Night out";"Specifically designed for those special occasions when you have a planned night out. Most of your calories are designated for your evening meal.";"3250";"Dinner";"19:00:00";"Martini, no olive or lemon twist";"2.0000";"cocktail glass (2.2 fl.oz)";"270";"0";"0";"1";"0";"0";"0";"0";"2";"0"
"Night out";"Specifically designed for those special occasions when you have a planned night out. Most of your calories are designated for your evening meal.";"3250";"Dinner";"19:00:00";"P.F. Chang's: Lettuce Wraps, Chicken";".5000";"whole dish";"189";"14";"6";"18";"0";"0";"3";"0";"0";"2"
"Night out";"Specifically designed for those special occasions when you have a planned night out. Most of your calories are designated for your evening meal.";"3250";"Dinner";"19:00:00";"Olives, Green, pickled";"1.0000";"serving (3.5 oz)";"145";"1";"15";"4";"1";"0";"3";"52";"1556";"2"
"Night out";"Specifically designed for those special occasions when you have a planned night out. Most of your calories are designated for your evening meal.";"3500";"Breakfast";"07:00:00";"Walnuts, English";"1.0000";"oz";"185";"4";"18";"4";"1";"0";"2";"28";"1";"2"
"Night out";"Specifically designed for those special occasions when you have a planned night out. Most of your calories are designated for your evening meal.";"3500";"Breakfast";"07:00:00";"Blueberries, raw";".5000";"cup (5.1 oz)";"41";"1";"0";"11";"7";"0";"2";"4";"1";"0"
"Night out";"Specifically designed for those special occasions when you have a planned night out. Most of your calories are designated for your evening meal.";"3500";"Breakfast";"07:00:00";"Soymilk, Original";"1.5000";"cup (8.1 fl.oz)";"120";"12";"4";"11";"11";"0";"0";"";"143";"0"
"Night out";"Specifically designed for those special occasions when you have a planned night out. Most of your calories are designated for your evening meal.";"3500";"Breakfast";"07:00:00";"Strawberries, raw";".5000";"cup, sliced (5.9 oz)";"27";"1";"0";"6";"4";"0";"2";"13";"1";"0"
"Night out";"Specifically designed for those special occasions when you have a planned night out. Most of your calories are designated for your evening meal.";"3500";"Breakfast";"07:00:00";"Oats, Steel Cut";"2.0000";"serving, 1/4 cup (1.4 oz)";"340";"14";"6";"58";"0";"0";"10";"40";"0";"1"
"Night out";"Specifically designed for those special occasions when you have a planned night out. Most of your calories are designated for your evening meal.";"3500";"Lunch";"13:00:00";"dotFIT WheySmooth – Vanilla Crème";"2.0000";"1 scoop (37.5g)";"300";"50";"4";"14";"4";"150";"0";"0";"210";"2"
"Night out";"Specifically designed for those special occasions when you have a planned night out. Most of your calories are designated for your evening meal.";"3500";"Lunch";"13:00:00";"Bananas, raw";"1.0000";"large, 8" to 8-7/8" long (4.8 oz)";"121";"1";"0";"31";"17";"0";"4";"7";"1";"0"
"Night out";"Specifically designed for those special occasions when you have a planned night out. Most of your calories are designated for your evening meal.";"3500";"Afternoon Snack";"17:00:00";"dotWAFER Chocolate";"1.0000";" 1 Wafer (46 grams)";"240";"15";"16";"12";"4";"15";"1";"226";"40";"7"
"Night out";"Specifically designed for those special occasions when you have a planned night out. Most of your calories are designated for your evening meal.";"3500";"Afternoon Snack";"17:00:00";"Apples, raw, with Skin";"1.0000";"large, 3-1/4" dia, approx 2 per lb (7.5 oz)";"110";"1";"0";"29";"22";"0";"5";"13";"2";"0"
"Night out";"Specifically designed for those special occasions when you have a planned night out. Most of your calories are designated for your evening meal.";"3500";"Dinner";"19:00:00";"Red Lobster: Cheddar Bay Biscuits";"2.0000";"biscuit";"320";"6";"18";"34";"0";"0";"0";"0";"0";"0"
"Night out";"Specifically designed for those special occasions when you have a planned night out. Most of your calories are designated for your evening meal.";"3500";"Dinner";"19:00:00";"Red Lobster: Wild Rice Pilaf";"1.0000";"portion";"204";"4";"5";"36";"0";"0";"2";"0";"0";"0"
"Night out";"Specifically designed for those special occasions when you have a planned night out. Most of your calories are designated for your evening meal.";"3500";"Dinner";"19:00:00";"Red Lobster: Seasoned Fresh Broccoli";"1.0000";"portion";"56";"4";"0";"10";"0";"0";"4";"0";"0";"0"
"Night out";"Specifically designed for those special occasions when you have a planned night out. Most of your calories are designated for your evening meal.";"3500";"Dinner";"19:00:00";"Chardonnay (Sutter Home)";"2.0000";"glass";"294";"0";"0";"10";"0";"0";"0";"0";"0";"0"
"Night out";"Specifically designed for those special occasions when you have a planned night out. Most of your calories are designated for your evening meal.";"3500";"Dinner";"19:00:00";"Red Lobster: Garden Salad, no dressing";"1.0000";"salad";"52";"0";"2";"9";"0";"0";"2";"0";"0";"0"
"Night out";"Specifically designed for those special occasions when you have a planned night out. Most of your calories are designated for your evening meal.";"3500";"Dinner";"19:00:00";"Red Lobster: Salmon, grilled or broiled, full portion, no sides";"1.0000";"full portion";"578";"71";"33";"0";"0";"0";"0";"0";"0";"0"
"Night out";"Specifically designed for those special occasions when you have a planned night out. Most of your calories are designated for your evening meal.";"3500";"Dinner";"19:00:00";"Red Lobster: Dressing, Red Wine Vinaigrette";"1.0000";"portion";"50";"1";"3";"5";"0";"0";"0";"0";"0";"0"
"Night out";"Specifically designed for those special occasions when you have a planned night out. Most of your calories are designated for your evening meal.";"3500";"Dinner";"19:00:00";"4-Course Feast, Triple-Chocolate Brownie A La Mode";"1.0000";"serving";"440";"7";"23";"52";"";"";"";"";"160";"13"
"Night out";"Specifically designed for those special occasions when you have a planned night out. Most of your calories are designated for your evening meal.";"3750";"Morning Snack";"10:00:00";"Peanut Butter, Smooth Style, Salted";"1.0000";"tablespoon (0.6 oz)";"94";"4";"8";"3";"1";"0";"1";"7";"73";"2"
"Night out";"Specifically designed for those special occasions when you have a planned night out. Most of your calories are designated for your evening meal.";"3750";"Morning Snack";"10:00:00";"dotFIT WheySmooth - Chocolate Crème";"2.0000";"1 scoop (42g)";"320";"50";"6";"14";"4";"120";"0";"400";"440";"2"
"Night out";"Specifically designed for those special occasions when you have a planned night out. Most of your calories are designated for your evening meal.";"3750";"Morning Snack";"10:00:00";"Bananas, raw";"1.0000";"large, 8" to 8-7/8" long (4.8 oz)";"121";"1";"0";"31";"17";"0";"4";"7";"1";"0"
"Night out";"Specifically designed for those special occasions when you have a planned night out. Most of your calories are designated for your evening meal.";"3750";"Lunch";"13:00:00";"Apples, raw, with Skin";"1.0000";"medium, 2-3/4" dia, approx 3 per lb (4.9 oz)";"72";"0";"0";"19";"14";"0";"3";"8";"1";"0"
"Night out";"Specifically designed for those special occasions when you have a planned night out. Most of your calories are designated for your evening meal.";"3750";"Lunch";"13:00:00";"Deli Indulgence, Shaved, Oven Roasted Turkey";"4.0000";"oz (1 oz)";"101";"18";"2";"4";"2";"51";"0";"0";"1276";"0"
"Night out";"Specifically designed for those special occasions when you have a planned night out. Most of your calories are designated for your evening meal.";"3750";"Lunch";"13:00:00";"Swiss Cheese";"2.0000";"slice (1.0 oz)";"213";"15";"16";"3";"1";"52";"0";"443";"108";"10"
"Night out";"Specifically designed for those special occasions when you have a planned night out. Most of your calories are designated for your evening meal.";"3750";"Lunch";"13:00:00";"Mayonnaise: Regular (Kraft)";".5000";"tablespoon (0.5 oz)";"50";"0";"6";"0";"0";"3";"0";"0";"38";"1"
"Night out";"Specifically designed for those special occasions when you have a planned night out. Most of your calories are designated for your evening meal.";"3750";"Lunch";"13:00:00";"Romaine Lettuce";"1.0000";"leaf, inner (0.2 oz)";"1";"0";"0";"0";"0";"0";"0";"2";"0";"0"
"Night out";"Specifically designed for those special occasions when you have a planned night out. Most of your calories are designated for your evening meal.";"3750";"Lunch";"13:00:00";"Tomato, fresh";"2.0000";"slice, thin/small (0.5 oz)";"5";"0";"0";"1";"1";"0";"0";"3";"2";"0"
"Night out";"Specifically designed for those special occasions when you have a planned night out. Most of your calories are designated for your evening meal.";"3750";"Lunch";"13:00:00";"Sliced Bread, Whole Grains 100% Whole Wheat";"2.0000";"slice (1.5 oz)";"220";"10";"2";"40";"8";"0";"6";"40";"340";"0"
"Night out";"Specifically designed for those special occasions when you have a planned night out. Most of your calories are designated for your evening meal.";"3750";"Dinner";"19:00:00";"Chili's Grill & Bar: Molten Chocolate Cake w. Vanilla Ice Cream";".5000";"serving";"635";"7";"31";"86";"0";"0";"3";"0";"530";"16"
"Night out";"Specifically designed for those special occasions when you have a planned night out. Most of your calories are designated for your evening meal.";"3750";"Dinner";"19:00:00";"Chili's Grill & Bar: Classic Nachos, with Fajita Chicken, Pico de Gallo & Sour Cream";".5000";"order";"815";"50";"56";"28";"0";"0";"6";"0";"1640";"29"
"Night out";"Specifically designed for those special occasions when you have a planned night out. Most of your calories are designated for your evening meal.";"3750";"Dinner";"19:00:00";"Chili's Grill & Bar: Fajitas, Classic Steak, without flour tortillas";"1.0000";"skillet";"790";"63";"49";"20";"0";"0";"4";"0";"3240";"18"
"Night out";"Specifically designed for those special occasions when you have a planned night out. Most of your calories are designated for your evening meal.";"3750";"Dinner";"19:00:00";"Beer: Regular (4% alc.)";"2.0000";"can (12.6 oz)";"306";"3";"0";"25";"0";"0";"0";"28";"28";"0"
"Night out";"Specifically designed for those special occasions when you have a planned night out. Most of your calories are designated for your evening meal.";"4000";"Breakfast";"07:00:00";"dotFIT WheySmooth – Vanilla Crème";"2.0000";"1 scoop (37.5g)";"300";"50";"4";"14";"4";"150";"0";"0";"210";"2"
"Night out";"Specifically designed for those special occasions when you have a planned night out. Most of your calories are designated for your evening meal.";"4000";"Breakfast";"07:00:00";"Bananas, raw";"1.0000";"medium, 7" to 7-7/8" long (4.2 oz)";"105";"1";"0";"27";"14";"0";"3";"6";"1";"0"
"Night out";"Specifically designed for those special occasions when you have a planned night out. Most of your calories are designated for your evening meal.";"4000";"Breakfast";"07:00:00";"Strawberries, fresh";"1.0000";"cup, halves (5.4 oz)";"49";"1";"0";"12";"7";"0";"3";"24";"2";"0"
"Night out";"Specifically designed for those special occasions when you have a planned night out. Most of your calories are designated for your evening meal.";"4000";"Lunch";"13:00:00";"Relish, Dill (Vlasic)";"1.0000";"tablespoon (0.5 oz)";"5";"0";"0";"1";"1";"0";"0";"0";"240";"0"
"Night out";"Specifically designed for those special occasions when you have a planned night out. Most of your calories are designated for your evening meal.";"4000";"Lunch";"13:00:00";"Tuna, white, in water, drained ";"1.0000";"can (6.1 oz)";"220";"41";"5";"0";"0";"72";"0";"24";"648";"1"
"Night out";"Specifically designed for those special occasions when you have a planned night out. Most of your calories are designated for your evening meal.";"4000";"Lunch";"13:00:00";"Mayonnaise: Regular (Kraft)";"1.0000";"tablespoon (0.5 oz)";"100";"0";"11";"0";"0";"5";"0";"0";"75";"2"
"Night out";"Specifically designed for those special occasions when you have a planned night out. Most of your calories are designated for your evening meal.";"4000";"Lunch";"13:00:00";"Romaine Lettuce";"1.0000";"leaf, inner (0.2 oz)";"1";"0";"0";"0";"0";"0";"0";"2";"0";"0"
"Night out";"Specifically designed for those special occasions when you have a planned night out. Most of your calories are designated for your evening meal.";"4000";"Lunch";"13:00:00";"Tomato, fresh";"4.0000";"slice, thin/small (0.5 oz)";"11";"1";"0";"2";"2";"0";"1";"6";"3";"0"
"Night out";"Specifically designed for those special occasions when you have a planned night out. Most of your calories are designated for your evening meal.";"4000";"Lunch";"13:00:00";"Apple";"1.0000";"medium, 2-3/4" dia, approx 3 per lb (4.9 oz)";"72";"0";"0";"19";"14";"0";"3";"8";"1";"0"
"Night out";"Specifically designed for those special occasions when you have a planned night out. Most of your calories are designated for your evening meal.";"4000";"Lunch";"13:00:00";"Sliced Bread, Whole Grains 100% Whole Wheat";"4.0000";"slice (1.5 oz)";"440";"20";"4";"80";"16";"0";"12";"80";"680";"0"
"Night out";"Specifically designed for those special occasions when you have a planned night out. Most of your calories are designated for your evening meal.";"4000";"Afternoon Snack";"17:00:00";"Mixed Nuts, Dry Roasted, without added salt";"1.0000";"oz";"168";"5";"15";"7";"";"0";"3";"20";"3";"2"
"Night out";"Specifically designed for those special occasions when you have a planned night out. Most of your calories are designated for your evening meal.";"4000";"Afternoon Snack";"17:00:00";"dotBAR Chocolate Peanut Butter Crunch";"1.0000";"1 Bar";"190";"12";"6";"23";"15";"0";"1";"0";"220";"3"
"Night out";"Specifically designed for those special occasions when you have a planned night out. Most of your calories are designated for your evening meal.";"4000";"Dinner";"19:00:00";"Outback Steakhouse: Jacket Potato w. Butter, Cheese";"1.0000";"serving";"400";"6";"14";"63";"0";"0";"0";"0";"0";"0"
"Night out";"Specifically designed for those special occasions when you have a planned night out. Most of your calories are designated for your evening meal.";"4000";"Dinner";"19:00:00";"Outback Steakhouse: Mushrooms, Sauteed";"1.0000";"serving";"150";"3";"11";"12";"0";"0";"0";"0";"0";"0"
"Night out";"Specifically designed for those special occasions when you have a planned night out. Most of your calories are designated for your evening meal.";"4000";"Dinner";"19:00:00";"Beer: Foster's ";"2.0000";"bottle (12.2 fl.oz)";"292";"2";"0";"23";"0";"0";"0";"0";"57";"0"
"Night out";"Specifically designed for those special occasions when you have a planned night out. Most of your calories are designated for your evening meal.";"4000";"Dinner";"19:00:00";"Outback Steakhouse: Gold Coast Coconut Shrimp (appetizer)";"1.0000";"serving";"690";"12";"30";"97";"0";"0";"0";"0";"0";"0"
"Night out";"Specifically designed for those special occasions when you have a planned night out. Most of your calories are designated for your evening meal.";"4000";"Dinner";"19:00:00";"Outback Steakhouse: Steak, Outback Special";"1.0000";"steak (12.0 oz)";"810";"90";"50";"0";"0";"0";"0";"0";"0";"0"
"Night out";"Specifically designed for those special occasions when you have a planned night out. Most of your calories are designated for your evening meal.";"4250";"Breakfast";"07:00:00";"Strawberries, raw";".5000";"cup, sliced (5.9 oz)";"27";"1";"0";"6";"4";"0";"2";"13";"1";"0"
"Night out";"Specifically designed for those special occasions when you have a planned night out. Most of your calories are designated for your evening meal.";"4250";"Breakfast";"07:00:00";"dotFIT WheySmooth – Vanilla Crème";"2.0000";"1 scoop (37.5g)";"300";"50";"4";"14";"4";"150";"0";"0";"210";"2"
"Night out";"Specifically designed for those special occasions when you have a planned night out. Most of your calories are designated for your evening meal.";"4250";"Breakfast";"07:00:00";"Bananas, raw";"1.0000";"medium, 7" to 7-7/8" long (4.2 oz)";"105";"1";"0";"27";"14";"0";"3";"6";"1";"0"
"Night out";"Specifically designed for those special occasions when you have a planned night out. Most of your calories are designated for your evening meal.";"4250";"Lunch";"13:00:00";"Breast, without skin, roasted";"5.0000";"oz";"234";"44";"5";"0";"0";"120";"0";"21";"105";"1"
"Night out";"Specifically designed for those special occasions when you have a planned night out. Most of your calories are designated for your evening meal.";"4250";"Lunch";"13:00:00";"Extra Virgin Olive Oil, 100% Italian";".5000";"tablespoon (0.5 fl.oz)";"60";"0";"7";"0";"0";"0";"0";"0";"0";"1"
"Night out";"Specifically designed for those special occasions when you have a planned night out. Most of your calories are designated for your evening meal.";"4250";"Lunch";"13:00:00";"Green Beans (Snap, String), boiled";"1.0000";"cup (4.4 oz)";"44";"2";"0";"10";"2";"0";"4";"55";"1";"0"
"Night out";"Specifically designed for those special occasions when you have a planned night out. Most of your calories are designated for your evening meal.";"4250";"Lunch";"13:00:00";"Brown, Medium Grain, cooked";"1.0000";"cup (6.9 oz)";"218";"5";"2";"46";"";"0";"4";"20";"2";"0"
"Night out";"Specifically designed for those special occasions when you have a planned night out. Most of your calories are designated for your evening meal.";"4250";"Afternoon Snack";"17:00:00";"dotWAFER Chocolate";"1.0000";" 1 Wafer (46 grams)";"240";"15";"16";"12";"4";"15";"1";"226";"40";"7"
"Night out";"Specifically designed for those special occasions when you have a planned night out. Most of your calories are designated for your evening meal.";"4250";"Afternoon Snack";"17:00:00";"Apples, raw, with Skin";"1.0000";"medium, 2-3/4" dia, approx 3 per lb (4.9 oz)";"72";"0";"0";"19";"14";"0";"3";"8";"1";"0"
"Night out";"Specifically designed for those special occasions when you have a planned night out. Most of your calories are designated for your evening meal.";"4250";"Dinner";"19:00:00";"Wine: Red, Burgundy, Cabernet";"2.0000";"serving (5.2 oz)";"258";"0";"0";"11";"11";"0";"0";"0";"36";"0"
"Night out";"Specifically designed for those special occasions when you have a planned night out. Most of your calories are designated for your evening meal.";"4250";"Dinner";"19:00:00";"Macaroni Grill: Peasant Bread";".5000";"loaf";"260";"7";"6";"45";"0";"0";"2";"0";"1070";"0"
"Night out";"Specifically designed for those special occasions when you have a planned night out. Most of your calories are designated for your evening meal.";"4250";"Dinner";"19:00:00";"Macaroni Grill: Spaghetti & Meatballs w. Meat Sauce, Dinner";"1.0000";"order";"2430";"96";"128";"207";"0";"0";"14";"0";"5290";"57"
"Night Out";"Specifically designed for those special occasions when you have a planned night out. Most of your calories are designated for your evening meal.";"4500";"Early Morning Snack";"00:00:00";"dotFIT First String - Vanilla";"1.0000";"2 Scoops (73.5 grams)";"290";"21";"3";"45";"2";"60";"1";"175";"170";"1"
"Night Out";"Specifically designed for those special occasions when you have a planned night out. Most of your calories are designated for your evening meal.";"4500";"Early Morning Snack";"00:00:00";"Milk: Reduced-Fat (2% fat)";"1.5000";"cup (8.6 oz)";"183";"12";"7";"17";"19";"29";"0";"428";"150";"5"
"Night Out";"Specifically designed for those special occasions when you have a planned night out. Most of your calories are designated for your evening meal.";"4500";"Early Morning Snack";"00:00:00";"Strawberries, fresh";"1.0000";"cup, halves (5.4 oz)";"49";"1";"0";"12";"7";"0";"3";"24";"2";"0"
"Night Out";"Specifically designed for those special occasions when you have a planned night out. Most of your calories are designated for your evening meal.";"4500";"Early Morning Snack";"00:00:00";"Banana";"1.0000";"medium, 7" to 7-7/8" long (4.2 oz)";"105";"1";"0";"27";"14";"0";"3";"6";"1";"0"
"Night Out";"Specifically designed for those special occasions when you have a planned night out. Most of your calories are designated for your evening meal.";"4500";"Breakfast";"07:00:00";"Bagel, Whole Grain";"1.0000";"bagel (3.7 oz)";"260";"10";"2";"52";"6";"0";"4";"20";"450";"0"
"Night Out";"Specifically designed for those special occasions when you have a planned night out. Most of your calories are designated for your evening meal.";"4500";"Breakfast";"07:00:00";"Scrambled Eggs, 1 large egg w. 1 tbsp non-fat milk, no added fat";"2.0000";"meal";"160";"14";"10";"2";"2";"424";"0";"";"156";"3"
"Night Out";"Specifically designed for those special occasions when you have a planned night out. Most of your calories are designated for your evening meal.";"4500";"Breakfast";"07:00:00";"Deli Style, Cheddar Mild";"1.5000";"oz";"179";"11";"13";"0";"0";"45";"0";"336";"269";"9"
"Night Out";"Specifically designed for those special occasions when you have a planned night out. Most of your calories are designated for your evening meal.";"4500";"Morning Snack";"10:00:00";"Starbucks: Caffe Mocha, with 2% Milk, no whipped cream";"1.0000";"venti (20.0 fl.oz)";"340";"17";"10";"52";"40";"30";"2";"500";"160";"5"
"Night Out";"Specifically designed for those special occasions when you have a planned night out. Most of your calories are designated for your evening meal.";"4500";"Morning Snack";"10:00:00";"dotSTICK Iced Lemon Vanilla Cream";"1.0000";"1 stick";"190";"12";"6";"26";"8";"10";"3";"95";"170";"2"
"Night Out";"Specifically designed for those special occasions when you have a planned night out. Most of your calories are designated for your evening meal.";"4500";"Lunch";"13:00:00";"Onions, all types, raw/cooked";"4.0000";"slice, thin (0.3 oz)";"15";"0";"0";"4";"2";"0";"1";"8";"1";"0"
"Night Out";"Specifically designed for those special occasions when you have a planned night out. Most of your calories are designated for your evening meal.";"4500";"Lunch";"13:00:00";"Tomato, fresh";"4.0000";"slice, thin/small (0.5 oz)";"11";"1";"0";"2";"2";"0";"1";"6";"3";"0"
"Night Out";"Specifically designed for those special occasions when you have a planned night out. Most of your calories are designated for your evening meal.";"4500";"Lunch";"13:00:00";"Mayonnaise: Reduced-Fat Light";"1.0000";"tablespoon (0.5 oz)";"49";"0";"5";"1";"1";"5";"0";"1";"101";"1"
"Night Out";"Specifically designed for those special occasions when you have a planned night out. Most of your calories are designated for your evening meal.";"4500";"Lunch";"13:00:00";"Turkey breast meat, deli sliced";"5.0000";"oz";"147";"24";"2";"6";"5";"61";"1";"11";"1439";"1"
"Night Out";"Specifically designed for those special occasions when you have a planned night out. Most of your calories are designated for your evening meal.";"4500";"Lunch";"13:00:00";"Apple";"1.0000";"large, 3-1/4" dia, approx 2 per lb (7.5 oz)";"110";"1";"0";"29";"22";"0";"5";"13";"2";"0"
"Night Out";"Specifically designed for those special occasions when you have a planned night out. Most of your calories are designated for your evening meal.";"4500";"Lunch";"13:00:00";"Sliced Bread, Whole Grains Healthy Multi-Grain";"2.0000";"slice (1.5 oz)";"220";"10";"3";"40";"8";"0";"8";"40";"320";"0"
"Night Out";"Specifically designed for those special occasions when you have a planned night out. Most of your calories are designated for your evening meal.";"4500";"Lunch";"13:00:00";"Swiss, Natural";"1.0000";"serving (1 oz)";"110";"8";"8";"0";"0";"20";"0";"250";"65";"5"
"Night Out";"Specifically designed for those special occasions when you have a planned night out. Most of your calories are designated for your evening meal.";"4500";"Dinner";"19:00:00";"Edamame (soy beans)";"1.0000";"serving, 1/2 container (2.0 oz)";"85";"6";"3";"8";"1";"0";"3";"60";"220";"0"
"Night Out";"Specifically designed for those special occasions when you have a planned night out. Most of your calories are designated for your evening meal.";"4500";"Dinner";"19:00:00";"Sushi: Nigiri (Fish on Rice), average all types";"6.0000";"piece";"420";"27";"3";"72";"0";"0";"0";"0";"0";"0"
"Night Out";"Specifically designed for those special occasions when you have a planned night out. Most of your calories are designated for your evening meal.";"4500";"Dinner";"19:00:00";"Sushi: Rainbow Roll ";"1.0000";"pack, 12 pieces (12.1 oz)";"489";"31";"9";"66";"7";"58";"3";"50";"687";"1"
"Night Out";"Specifically designed for those special occasions when you have a planned night out. Most of your calories are designated for your evening meal.";"4500";"Dinner";"19:00:00";"Sushi: Dragon Roll";"1.0000";"pack, 12 pieces (9.9 oz)";"507";"18";"18";"66";"13";"90";"4";"130";"412";"4"
"Night Out";"Specifically designed for those special occasions when you have a planned night out. Most of your calories are designated for your evening meal.";"4500";"Dinner";"19:00:00";"Miso Soup w. Tofu pieces";"1.0000";"cup";"85";"4";"3";"11";"0";"0";"0";"0";"0";"0"
"Night Out";"Specifically designed for those special occasions when you have a planned night out. Most of your calories are designated for your evening meal.";"4500";"Dinner";"19:00:00";"Beer: Kirin Lager ";"2.0000";"glass (7.1 fl.oz)";"168";"2";"0";"12";"0";"0";"0";"0";"0";"0"
"Night Out";"Specifically designed for those special occasions when you have a planned night out. Most of your calories are designated for your evening meal.";"4500";"Dinner";"19:00:00";"Tempura, 3 Shrimp and Vegetables";"1.0000";"serving";"320";"15";"18";"25";"0";"0";"0";"0";"0";"0"
"Night Out";"Specifically designed for those special occasions when you have a planned night out. Most of your calories are designated for your evening meal.";"4500";"Dinner";"19:00:00";"Soy sauce ";"2.0000";"tablespoon (0.5 fl.oz)";"17";"2";"0";"2";"1";"0";"0";"6";"1796";"0"
"Night out";"Specifically designed for those special occasions when you have a planned night out. Most of your calories are designated for your evening meal.";"4750";"Early Morning Snack";"00:00:00";"Reduced-Fat (2% fat)";"2.0000";"cup (8 fl.oz)";"244";"16";"10";"25";"25";"39";"0";"571";"200";"6"
"Night out";"Specifically designed for those special occasions when you have a planned night out. Most of your calories are designated for your evening meal.";"4750";"Early Morning Snack";"00:00:00";"Coffee, black";"2.0000";"cup (8.4 oz)";"5";"1";"0";"0";"0";"0";"0";"9";"9";"0"
"Night out";"Specifically designed for those special occasions when you have a planned night out. Most of your calories are designated for your evening meal.";"4750";"Early Morning Snack";"00:00:00";"Non-Dairy Creamer: Liquid, French Vanilla";"3.0000";"tablespoon (0.5 fl.oz)";"105";"0";"5";"15";"15";"0";"0";"0";"30";"0"
"Night out";"Specifically designed for those special occasions when you have a planned night out. Most of your calories are designated for your evening meal.";"4750";"Early Morning Snack";"00:00:00";"dotFIT First String - Chocolate";"1.5000";"2 Scoops (75.1 grams)";"443";"32";"5";"69";"3";"90";"4";"225";"338";"2"
"Night out";"Specifically designed for those special occasions when you have a planned night out. Most of your calories are designated for your evening meal.";"4750";"Early Morning Snack";"00:00:00";"Strawberries, frozen, sweetened, whole";"1.0000";"cup, thawed (9.0 oz)";"199";"1";"0";"54";"48";"0";"5";"28";"3";"0"
"Night out";"Specifically designed for those special occasions when you have a planned night out. Most of your calories are designated for your evening meal.";"4750";"Early Morning Snack";"00:00:00";"Bananas, raw";"1.0000";"medium, 7" to 7-7/8" long (4.2 oz)";"105";"1";"0";"27";"14";"0";"3";"6";"1";"0"
"Night out";"Specifically designed for those special occasions when you have a planned night out. Most of your calories are designated for your evening meal.";"4750";"Breakfast";"07:00:00";"Bagel, Whole Grain";"1.0000";"bagel (3.7 oz)";"260";"10";"2";"52";"6";"0";"4";"20";"450";"0"
"Night out";"Specifically designed for those special occasions when you have a planned night out. Most of your calories are designated for your evening meal.";"4750";"Breakfast";"07:00:00";"Scrambled Eggs, 1 large egg w. 1 tbsp non-fat milk, no added fat";"2.0000";"meal";"160";"14";"10";"2";"2";"424";"0";"";"156";"3"
"Night out";"Specifically designed for those special occasions when you have a planned night out. Most of your calories are designated for your evening meal.";"4750";"Breakfast";"07:00:00";"Deli Style, Cheddar Mild";"1.5000";"oz";"179";"11";"13";"0";"0";"45";"0";"336";"269";"9"
"Night out";"Specifically designed for those special occasions when you have a planned night out. Most of your calories are designated for your evening meal.";"4750";"Breakfast";"07:00:00";"Oranges, average all varieties, raw";"1.0000";"large, 3-1/16" dia (6.5 oz)";"86";"2";"0";"22";"17";"0";"4";"74";"0";"0"
"Night out";"Specifically designed for those special occasions when you have a planned night out. Most of your calories are designated for your evening meal.";"4750";"Lunch";"13:00:00";"Hearth, Whole Grain, Deli Rye";"2.0000";"slice (1.4 oz)";"180";"6";"2";"36";"2";"0";"4";"40";"380";"0"
"Night out";"Specifically designed for those special occasions when you have a planned night out. Most of your calories are designated for your evening meal.";"4750";"Lunch";"13:00:00";"Pastrami Beef, cured";"7.0000";"slice (1.0 oz)";"286";"43";"11";"0";"0";"133";"0";"20";"1735";"5"
"Night out";"Specifically designed for those special occasions when you have a planned night out. Most of your calories are designated for your evening meal.";"4750";"Lunch";"13:00:00";"Potato Chips (Ruffles)";"2.0000";"serving, 12 chips (1.0 oz)";"320";"4";"20";"28";"0";"0";"2";"0";"320";"2"
"Night out";"Specifically designed for those special occasions when you have a planned night out. Most of your calories are designated for your evening meal.";"4750";"Lunch";"13:00:00";"Mustard";"2.0000";"teaspoon (0.2 oz)";"7";"0";"0";"1";"0";"0";"0";"8";"112";"0"
"Night out";"Specifically designed for those special occasions when you have a planned night out. Most of your calories are designated for your evening meal.";"4750";"Lunch";"13:00:00";"Apples, raw, with Skin";"1.0000";"large, 3-1/4" dia, approx 2 per lb (7.5 oz)";"110";"1";"0";"29";"22";"0";"5";"13";"2";"0"
"Night out";"Specifically designed for those special occasions when you have a planned night out. Most of your calories are designated for your evening meal.";"4750";"Dinner";"19:00:00";"Croutons, Seasoned";"4.0000";"serving, 4 cubes (0.0 oz)";"19";"0";"1";"3";"0";"0";"0";"4";"50";"0"
"Night out";"Specifically designed for those special occasions when you have a planned night out. Most of your calories are designated for your evening meal.";"4750";"Dinner";"19:00:00";"100% Whole Wheat Dinner Rolls";"3.0000";"roll (1.1 oz)";"210";"9";"3";"39";"9";"0";"6";"0";"450";"0"
"Night out";"Specifically designed for those special occasions when you have a planned night out. Most of your calories are designated for your evening meal.";"4750";"Dinner";"19:00:00";"Carrots, boiled or steamed";"4.0000";"serving, 1/2 cup slices (2.8 oz)";"109";"2";"1";"26";"11";"0";"9";"94";"181";"0"
"Night out";"Specifically designed for those special occasions when you have a planned night out. Most of your calories are designated for your evening meal.";"4750";"Dinner";"19:00:00";"Steaks: Filet Mignon, Lean Only, broiled";"12.0000";"oz";"657";"97";"27";"0";"0";"269";"0";"61";"201";"10"
"Night out";"Specifically designed for those special occasions when you have a planned night out. Most of your calories are designated for your evening meal.";"4750";"Dinner";"19:00:00";"Baked Potato";"1.0000";"potato, large, 3" to 4-1/4" dia (10.5 oz)";"278";"7";"0";"63";"4";"0";"7";"45";"730";"0"
"Night out";"Specifically designed for those special occasions when you have a planned night out. Most of your calories are designated for your evening meal.";"4750";"Dinner";"19:00:00";"Sour Cream: Regular";"4.0000";"tablespoon (0.4 oz)";"103";"2";"10";"2";"0";"21";"0";"56";"25";"6"
"Night out";"Specifically designed for those special occasions when you have a planned night out. Most of your calories are designated for your evening meal.";"4750";"Dinner";"19:00:00";"Butter, salted";"2.0000";"pat, 1" sq x 1/3" high (0.2 oz)";"72";"0";"8";"0";"0";"22";"0";"2";"58";"5"
"Night out";"Specifically designed for those special occasions when you have a planned night out. Most of your calories are designated for your evening meal.";"4750";"Dinner";"19:00:00";"Romaine Lettuce";"2.0000";"cup, shredded (1.7 oz)";"16";"1";"0";"3";"1";"0";"2";"31";"8";"0"
"Night out";"Specifically designed for those special occasions when you have a planned night out. Most of your calories are designated for your evening meal.";"4750";"Dinner";"19:00:00";"Oyster, Pacific, raw";"6.0000";"medium (1.8 oz)";"243";"28";"7";"15";"0";"150";"0";"24";"318";"2"
"Night out";"Specifically designed for those special occasions when you have a planned night out. Most of your calories are designated for your evening meal.";"4750";"Dinner";"19:00:00";"Parmesan Cheese, shredded";"2.0000";"tablespoon (0.2 oz)";"42";"4";"3";"0";"0";"7";"0";"125";"170";"2"
"Night out";"Specifically designed for those special occasions when you have a planned night out. Most of your calories are designated for your evening meal.";"4750";"Dinner";"19:00:00";"Salad Dressings: Caesar";"4.0000";"tablespoon (0.5 oz)";"310";"1";"34";"2";"1";"1";"0";"14";"634";"5"
"Night out";"Specifically designed for those special occasions when you have a planned night out. Most of your calories are designated for your evening meal.";"5000";"Breakfast";"07:00:00";"Starbucks: Frappuccino Light, Mocha";"1.0000";"grande (16.0 fl.oz)";"140";"5";"1";"29";"19";"3";"3";"133";"207";"0"
"Night out";"Specifically designed for those special occasions when you have a planned night out. Most of your calories are designated for your evening meal.";"5000";"Breakfast";"07:00:00";"Deli Style, Cheddar Mild";"2.0000";"slice (0.7 oz)";"160";"10";"12";"0";"0";"40";"0";"300";"240";"8"
"Night out";"Specifically designed for those special occasions when you have a planned night out. Most of your calories are designated for your evening meal.";"5000";"Breakfast";"07:00:00";"Oranges, average all varieties, raw";"1.0000";"large, 3-1/16" dia (6.5 oz)";"86";"2";"0";"22";"17";"0";"4";"74";"0";"0"
"Night out";"Specifically designed for those special occasions when you have a planned night out. Most of your calories are designated for your evening meal.";"5000";"Breakfast";"07:00:00";"Bagel, Whole Grain";"1.0000";"bagel (3.7 oz)";"260";"10";"2";"52";"6";"0";"4";"20";"450";"0"
"Night out";"Specifically designed for those special occasions when you have a planned night out. Most of your calories are designated for your evening meal.";"5000";"Breakfast";"07:00:00";"Scrambled Eggs, 2 large eggs w. 1 tbsp non-fat milk, no added fat";"1.0000";"meal";"154";"14";"10";"2";"2";"424";"0";"";"148";"3"
"Night out";"Specifically designed for those special occasions when you have a planned night out. Most of your calories are designated for your evening meal.";"5000";"Morning Snack";"10:00:00";"dotFIT First String - Vanilla";"1.5000";"2 Scoops (73.5 grams)";"435";"32";"5";"67";"3";"90";"2";"263";"255";"1"
"Night out";"Specifically designed for those special occasions when you have a planned night out. Most of your calories are designated for your evening meal.";"5000";"Morning Snack";"10:00:00";"Reduced-Fat (2% fat)";"2.0000";"cup (8 fl.oz)";"244";"16";"10";"25";"25";"39";"0";"571";"200";"6"
"Night out";"Specifically designed for those special occasions when you have a planned night out. Most of your calories are designated for your evening meal.";"5000";"Morning Snack";"10:00:00";"Strawberries, raw";"1.0000";"cup, whole (5.1 oz)";"46";"1";"0";"11";"7";"0";"3";"23";"1";"0"
"Night out";"Specifically designed for those special occasions when you have a planned night out. Most of your calories are designated for your evening meal.";"5000";"Lunch";"13:00:00";"Sliced Bread, Whole Grains 12 Grain";"2.0000";"slice (1.5 oz)";"220";"10";"3";"42";"6";"0";"6";"80";"340";"0"
"Night out";"Specifically designed for those special occasions when you have a planned night out. Most of your calories are designated for your evening meal.";"5000";"Lunch";"13:00:00";"Apples, raw, with Skin";"1.0000";"large, 3-1/4" dia, approx 2 per lb (7.5 oz)";"110";"1";"0";"29";"22";"0";"5";"13";"2";"0"
"Night out";"Specifically designed for those special occasions when you have a planned night out. Most of your calories are designated for your evening meal.";"5000";"Lunch";"13:00:00";"Dressing/Sauce, Mayonnaise";"1.0000";"serving (0.5 oz)";"100";"0";"11";"0";"0";"10";"0";"0";"100";"2"
"Night out";"Specifically designed for those special occasions when you have a planned night out. Most of your calories are designated for your evening meal.";"5000";"Lunch";"13:00:00";"Swiss Cheese";"2.0000";"slice (1.0 oz)";"213";"15";"16";"3";"1";"52";"0";"443";"108";"10"
"Night out";"Specifically designed for those special occasions when you have a planned night out. Most of your calories are designated for your evening meal.";"5000";"Lunch";"13:00:00";"Romaine Lettuce";"1.0000";"leaf, inner (0.2 oz)";"1";"0";"0";"0";"0";"0";"0";"2";"0";"0"
"Night out";"Specifically designed for those special occasions when you have a planned night out. Most of your calories are designated for your evening meal.";"5000";"Lunch";"13:00:00";"Tomato, fresh";"2.0000";"slice, thin/small (0.5 oz)";"5";"0";"0";"1";"1";"0";"0";"3";"2";"0"
"Night out";"Specifically designed for those special occasions when you have a planned night out. Most of your calories are designated for your evening meal.";"5000";"Lunch";"13:00:00";"Turkey, Oven Roasted, Fat-Free, Turkey Breast";"6.0000";"oz";"163";"25";"2";"11";"4";"54";"0";"0";"1701";"0"
"Night out";"Specifically designed for those special occasions when you have a planned night out. Most of your calories are designated for your evening meal.";"5000";"Dinner";"19:00:00";"P.F. Chang's:Crab Wontons w. Plum Sauce";".5000";"whole dish";"265";"10";"13";"26";"0";"0";"0";"0";"0";"4"
"Night out";"Specifically designed for those special occasions when you have a planned night out. Most of your calories are designated for your evening meal.";"5000";"Dinner";"19:00:00";"P.F. Chang's: Flourless Chocolate Dome w. Berries & Raspberry Sauce";".5000";"whole dessert";"285";"4";"13";"42";"0";"0";"0";"0";"0";"0"
"Night out";"Specifically designed for those special occasions when you have a planned night out. Most of your calories are designated for your evening meal.";"5000";"Dinner";"19:00:00";"P.F. Chang's: Kung Pao Chicken";"1.0000";"whole dish";"1240";"74";"80";"58";"0";"0";"0";"0";"0";"10"
"Night out";"Specifically designed for those special occasions when you have a planned night out. Most of your calories are designated for your evening meal.";"5000";"Dinner";"19:00:00";"P.F. Chang's: Fried Rice, Pork";".5000";"whole dish";"685";"28";"29";"75";"0";"0";"0";"0";"0";"7"
"Night out";"Specifically designed for those special occasions when you have a planned night out. Most of your calories are designated for your evening meal.";"5000";"Dinner";"19:00:00";"Cognac";"2.0000";"jigger (1.5 fl.oz) (1.5 oz)";"194";"0";"0";"0";"0";"0";"0";"0";"1";"0"
